slug,class_path,comment,buggy_code,solution,diff,located_code,infill_code,buggy_line,fixed_line,prefix,suffix,comments,Author1,Number of Files,Code Edits +,Code Edits -
realbug-8-setRunningActionMode,realbug-8-setRunningActionMode/app/src/main/java/de/koelle/christian/trickytripper/TrickyTripperActivity.java,"Steps to reproduce:

create a trip -> long click the trip -> swipe the tab from ""Travelers"" to ""Report"", and click menu option ""create payment""

Device: Android 6.0 emulator","    public void setRunningActionMode(ActionMode actionMode) {
        this.mActionMode = actionMode;
    }","    public void setRunningActionMode(ActionMode actionMode) {
        this.mActionMode = actionMode;
        mViewPager.setSwipeEnabled(actionMode== null);
    }","    public void setRunningActionMode(ActionMode actionMode) {
        this.mActionMode = actionMode;
+      mViewPager.setSwipeEnabled(actionMode== null);
    }","    public void setRunningActionMode(ActionMode actionMode) {
        this.mActionMode = actionMode;
        <Chunk_For_Modification>
    }","    public void setRunningActionMode(ActionMode actionMode) {
        this.mActionMode = actionMode;
        >>> [ INFILL ] <<<
    }",,,,,,1,1,1,0
realbug-129-show,realbug-129-show/app/src/main/java/org/shadowice/flocke/andotp/Dialogs/ManualEntryDialog.java,"General information

App version: 0.7.0
App source: built from sources
Android Version: Android 9
Custom ROM: emulator
Same crash on actual devices with app 0.7.0 and 0.6.3.1 from F-Droid.

Expected result

What is expected?
An error message is displayed.

What does happen instead?
App crashes.

Steps to reproduce

Open entry creation dialog (""+"" -> Enter details).
Enter ""test"" in the ""Secret"" field (and fill other required fields).
Press ""Save"".","    public static void show(final MainActivity callingActivity, Settings settings, final EntriesCardAdapter adapter, Entry oldEntry) {
        AppCompatDelegate.setCompatVectorFromResourcesEnabled(true);
        boolean isNewEntry = oldEntry == null;

        ViewGroup container = callingActivity.findViewById(R.id.main_content);
        View inputView = callingActivity.getLayoutInflater().inflate(R.layout.dialog_manual_entry, container, false);

        if (settings.getBlockAccessibility())
            inputView.setImportantForAccessibility(View.IMPORTANT_FOR_ACCESSIBILITY_NO_HIDE_DESCENDANTS);

        final Spinner typeInput = inputView.findViewById(R.id.manual_type);
        final EditText issuerInput = inputView.findViewById(R.id.manual_issuer);
        final EditText labelInput = inputView.findViewById(R.id.manual_label);
        final EditText secretInput = inputView.findViewById(R.id.manual_secret);
        final TextView secretView = inputView.findViewById(R.id.manual_secret_view);
        final EditText counterInput = inputView.findViewById(R.id.manual_counter);
        final EditText periodInput = inputView.findViewById(R.id.manual_period);
        final EditText digitsInput = inputView.findViewById(R.id.manual_digits);
        final LinearLayout counterLayout = inputView.findViewById(R.id.manual_layout_counter);
        final LinearLayout periodLayout = inputView.findViewById(R.id.manual_layout_period);
        final Spinner algorithmInput = inputView.findViewById(R.id.manual_algorithm);
        final Button tagsInput = inputView.findViewById(R.id.manual_tags);

        final ArrayAdapter<TokenCalculator.HashAlgorithm> algorithmAdapter = new ArrayAdapter<>(callingActivity, android.R.layout.simple_expandable_list_item_1, TokenCalculator.HashAlgorithm.values());
        final ArrayAdapter<Entry.OTPType> typeAdapter = new ArrayAdapter<>(callingActivity, android.R.layout.simple_expandable_list_item_1, Entry.OTPType.values());

        typeInput.setAdapter(typeAdapter);
        algorithmInput.setAdapter(algorithmAdapter);

        periodInput.setText(String.format(Locale.US, ""%d"", TokenCalculator.TOTP_DEFAULT_PERIOD));
        digitsInput.setText(String.format(Locale.US, ""%d"", TokenCalculator.TOTP_DEFAULT_DIGITS));
        counterInput.setText(String.format(Locale.US, ""%d"", TokenCalculator.HOTP_INITIAL_COUNTER));

        typeInput.setOnItemSelectedListener(new AdapterView.OnItemSelectedListener() {
            @Override
            public void onItemSelected(AdapterView<?> adapterView, View view, int i, long l) {
                Entry.OTPType type = (Entry.OTPType) adapterView.getSelectedItem();

                if (type == Entry.OTPType.STEAM) {
                    counterLayout.setVisibility(View.GONE);
                    periodLayout.setVisibility(View.VISIBLE);

                    digitsInput.setText(String.format(Locale.US, ""%d"", TokenCalculator.STEAM_DEFAULT_DIGITS));
                    periodInput.setText(String.format(Locale.US, ""%d"", TokenCalculator.TOTP_DEFAULT_PERIOD));
                    algorithmInput.setSelection(algorithmAdapter.getPosition(TokenCalculator.HashAlgorithm.SHA1));

                    digitsInput.setEnabled(false);
                    periodInput.setEnabled(false);
                    algorithmInput.setEnabled(false);
                } else if (type == Entry.OTPType.TOTP) {
                    counterLayout.setVisibility(View.GONE);
                    periodLayout.setVisibility(View.VISIBLE);

                    digitsInput.setText(String.format(Locale.US, ""%d"", TokenCalculator.TOTP_DEFAULT_DIGITS));
                    digitsInput.setEnabled(isNewEntry);
                    periodInput.setEnabled(isNewEntry);
                    algorithmInput.setEnabled(isNewEntry);
                } else if (type == Entry.OTPType.HOTP) {
                    counterLayout.setVisibility(View.VISIBLE);
                    periodLayout.setVisibility(View.GONE);

                    digitsInput.setText(String.format(Locale.US, ""%d"", TokenCalculator.TOTP_DEFAULT_DIGITS));
                    digitsInput.setEnabled(isNewEntry);
                    periodInput.setEnabled(isNewEntry);
                    algorithmInput.setEnabled(isNewEntry);
                }
            }

            @Override
            public void onNothingSelected(AdapterView<?> adapterView) {

            }
        });

        List<String> allTags = adapter.getTags();
        HashMap<String, Boolean> tagsHashMap = new HashMap<>();
        for(String tag: allTags) {
            tagsHashMap.put(tag, false);
        }
        final TagsAdapter tagsAdapter = new TagsAdapter(callingActivity, tagsHashMap);

        final Callable tagsCallable = new Callable() {
            @Override
            public Object call() throws Exception {
                List<String> selectedTags = tagsAdapter.getActiveTags();
                StringBuilder stringBuilder = new StringBuilder();
                for(int j = 0; j < selectedTags.size(); j++) {
                    stringBuilder.append(selectedTags.get(j));
                    if(j < selectedTags.size() - 1) {
                        stringBuilder.append("", "");
                    }
                }
                tagsInput.setText(stringBuilder.toString());
                return null;
            }
        };

        tagsInput.setOnClickListener(new View.OnClickListener() {
            @Override
            public void onClick(View view) {
                TagsDialog.show(callingActivity, tagsAdapter, tagsCallable, tagsCallable);
            }
        });

        final Button expandButton = inputView.findViewById(R.id.dialog_expand_button);

        // Dirty fix for the compound drawable to avoid crashes on KitKat
        expandButton.setCompoundDrawablesWithIntrinsicBounds(null, null, callingActivity.getResources().getDrawable(R.drawable.ic_arrow_down_accent), null);

        final ExpandableLinearLayout expandLayout = inputView.findViewById(R.id.dialog_expand_layout);

        expandButton.setOnClickListener(new View.OnClickListener() {
            @Override
            public void onClick(View view) {
                expandLayout.toggle();
            }
        });

        expandLayout.setListener(new ExpandableLayoutListenerAdapter() {
            @Override
            public void onOpened() {
                super.onOpened();
                expandButton.setCompoundDrawablesRelativeWithIntrinsicBounds(0, 0, R.drawable.ic_arrow_up_accent, 0);
            }

            @Override
            public void onClosed() {
                super.onClosed();
                expandButton.setCompoundDrawablesRelativeWithIntrinsicBounds(0, 0, R.drawable.ic_arrow_down_accent, 0);
            }
        });

        AlertDialog.Builder builder = new AlertDialog.Builder(callingActivity);
        builder.setTitle(R.string.dialog_title_manual_entry)
                .setView(inputView)
                .setPositiveButton(R.string.button_save, new DialogInterface.OnClickListener() {
                    @Override
                    public void onClick(DialogInterface dialogInterface, int i) {
                        Entry.OTPType type = (Entry.OTPType) typeInput.getSelectedItem();
                        TokenCalculator.HashAlgorithm algorithm = (TokenCalculator.HashAlgorithm) algorithmInput.getSelectedItem();

                        String issuer = issuerInput.getText().toString();
                        String label = labelInput.getText().toString();
                        //Replace spaces with empty characters
                        String secret = secretInput.getText().toString().replaceAll(""\\s+"","""");
                        int digits = Integer.parseInt(digitsInput.getText().toString());
 
                       if (type == Entry.OTPType.TOTP || type == Entry.OTPType.STEAM) {
                            int period = Integer.parseInt(periodInput.getText().toString());
 
                            if (oldEntry == null) {
                                Entry e = new Entry(type, secret, period, digits, issuer, label, algorithm, tagsAdapter.getActiveTags());
                                e.updateOTP();
                                e.setLastUsed(System.currentTimeMillis());
 
                                adapter.addEntry(e);
                            } else {
                                oldEntry.setIssuer(issuer);
                                oldEntry.setLabel(label);
                                oldEntry.setTags(tagsAdapter.getActiveTags());
 
                                adapter.saveAndRefresh(settings.getAutoBackupEncryptedFullEnabled());
                            }
 
                            callingActivity.refreshTags();
                        } else if (type == Entry.OTPType.HOTP) {
                            long counter = Long.parseLong(counterInput.getText().toString());
 
                            if (oldEntry == null) {
                                Entry e = new Entry(type, secret, counter, digits, issuer, label, algorithm, tagsAdapter.getActiveTags());
                                e.updateOTP();
                                e.setLastUsed(System.currentTimeMillis());
 
                                adapter.addEntry(e);
                            } else {
                                oldEntry.setIssuer(issuer);
                                oldEntry.setLabel(label);
                                oldEntry.setTags(tagsAdapter.getActiveTags());
 
                                adapter.saveAndRefresh(settings.getAutoBackupEncryptedFullEnabled());
                            }
                        }
                    }
                })
                .setNegativeButton(android.R.string.cancel, new DialogInterface.OnClickListener() {
                    @Override
                    public void onClick(DialogInterface dialogInterface, int i) {}
                });

        AlertDialog dialog = builder.create();
        dialog.show();

        final Button positiveButton = dialog.getButton(AlertDialog.BUTTON_POSITIVE);

        positiveButton.setEnabled(false);

        TextWatcher watcher = new TextWatcher() {
            @Override
            public void beforeTextChanged(CharSequence charSequence, int i, int i1, int i2) {
            }

            @Override
            public void onTextChanged(CharSequence charSequence, int i, int i1, int i2) {
            }

            @Override
            public void afterTextChanged(Editable editable) {
                if (TextUtils.isEmpty(labelInput.getText()) || TextUtils.isEmpty(secretInput.getText())
                        || TextUtils.isEmpty(digitsInput.getText()) || Integer.parseInt(digitsInput.getText().toString()) == 0) {
                    positiveButton.setEnabled(false);
                } else {
                    Entry.OTPType type = (Entry.OTPType) typeInput.getSelectedItem();
                    if (type == Entry.OTPType.HOTP) {
                        if (TextUtils.isEmpty(counterInput.getText())) {
                            positiveButton.setEnabled(false);
                        } else {
                            positiveButton.setEnabled(true);
                        }
                    } else if (type == Entry.OTPType.TOTP || type == Entry.OTPType.STEAM) {
                        if (TextUtils.isEmpty(periodInput.getText()) || Integer.parseInt(periodInput.getText().toString()) == 0) {
                            positiveButton.setEnabled(false);
                        } else {
                            positiveButton.setEnabled(true);
                        }
                    } else {
                        positiveButton.setEnabled(true);
                    }
                }
            }
        };

        labelInput.addTextChangedListener(watcher);
        secretInput.addTextChangedListener(watcher);
        periodInput.addTextChangedListener(watcher);
        digitsInput.addTextChangedListener(watcher);
        counterInput.addTextChangedListener(watcher);

        if (!isNewEntry) {
            Entry.OTPType oldType = oldEntry.getType();

            typeInput.setSelection(typeAdapter.getPosition(oldType));
            issuerInput.setText(oldEntry.getIssuer());
            labelInput.setText(oldEntry.getLabel());
            secretView.setText(oldEntry.getSecretEncoded());
            digitsInput.setText(Integer.toString(oldEntry.getDigits()));
            algorithmInput.setSelection(algorithmAdapter.getPosition(oldEntry.getAlgorithm()));

            if (oldType == Entry.OTPType.TOTP || oldType == Entry.OTPType.STEAM) {
                periodInput.setText(Integer.toString(oldEntry.getPeriod()));
            } else if (oldType == Entry.OTPType.HOTP) {
                counterInput.setText(Long.toString(oldEntry.getCounter()));
            }

            for(String tag: oldEntry.getTags()) {
                tagsAdapter.setTagState(tag, true);
            }
            try {
                tagsCallable.call();
            } catch (Exception e) {
                e.printStackTrace();
            }

            secretInput.setVisibility(View.GONE);
            secretView.setVisibility(View.VISIBLE);

            // Little hack: match the color and background of the TextView to that of a disabled EditText
            secretInput.setEnabled(false);
            secretView.setBackground(secretInput.getBackground());
            secretView.setTextColor(secretInput.getTextColors().getColorForState(secretInput.getDrawableState(), R.color.colorPrimary));

            typeInput.setEnabled(false);
            digitsInput.setEnabled(false);
            algorithmInput.setEnabled(false);
            periodInput.setEnabled(false);
            counterInput.setEnabled(false);
        }
    }","    public static void show(final MainActivity callingActivity, Settings settings, final EntriesCardAdapter adapter, Entry oldEntry) {
        AppCompatDelegate.setCompatVectorFromResourcesEnabled(true);
        boolean isNewEntry = oldEntry == null;

        ViewGroup container = callingActivity.findViewById(R.id.main_content);
        View inputView = callingActivity.getLayoutInflater().inflate(R.layout.dialog_manual_entry, container, false);

        if (settings.getBlockAccessibility())
            inputView.setImportantForAccessibility(View.IMPORTANT_FOR_ACCESSIBILITY_NO_HIDE_DESCENDANTS);

        final Spinner typeInput = inputView.findViewById(R.id.manual_type);
        final EditText issuerInput = inputView.findViewById(R.id.manual_issuer);
        final EditText labelInput = inputView.findViewById(R.id.manual_label);
        final EditText secretInput = inputView.findViewById(R.id.manual_secret);
        final TextView secretView = inputView.findViewById(R.id.manual_secret_view);
        final EditText counterInput = inputView.findViewById(R.id.manual_counter);
        final EditText periodInput = inputView.findViewById(R.id.manual_period);
        final EditText digitsInput = inputView.findViewById(R.id.manual_digits);
        final LinearLayout counterLayout = inputView.findViewById(R.id.manual_layout_counter);
        final LinearLayout periodLayout = inputView.findViewById(R.id.manual_layout_period);
        final Spinner algorithmInput = inputView.findViewById(R.id.manual_algorithm);
        final Button tagsInput = inputView.findViewById(R.id.manual_tags);

        final ArrayAdapter<TokenCalculator.HashAlgorithm> algorithmAdapter = new ArrayAdapter<>(callingActivity, android.R.layout.simple_expandable_list_item_1, TokenCalculator.HashAlgorithm.values());
        final ArrayAdapter<Entry.OTPType> typeAdapter = new ArrayAdapter<>(callingActivity, android.R.layout.simple_expandable_list_item_1, Entry.OTPType.values());

        typeInput.setAdapter(typeAdapter);
        algorithmInput.setAdapter(algorithmAdapter);

        periodInput.setText(String.format(Locale.US, ""%d"", TokenCalculator.TOTP_DEFAULT_PERIOD));
        digitsInput.setText(String.format(Locale.US, ""%d"", TokenCalculator.TOTP_DEFAULT_DIGITS));
        counterInput.setText(String.format(Locale.US, ""%d"", TokenCalculator.HOTP_INITIAL_COUNTER));

        typeInput.setOnItemSelectedListener(new AdapterView.OnItemSelectedListener() {
            @Override
            public void onItemSelected(AdapterView<?> adapterView, View view, int i, long l) {
                Entry.OTPType type = (Entry.OTPType) adapterView.getSelectedItem();

                if (type == Entry.OTPType.STEAM) {
                    counterLayout.setVisibility(View.GONE);
                    periodLayout.setVisibility(View.VISIBLE);

                    digitsInput.setText(String.format(Locale.US, ""%d"", TokenCalculator.STEAM_DEFAULT_DIGITS));
                    periodInput.setText(String.format(Locale.US, ""%d"", TokenCalculator.TOTP_DEFAULT_PERIOD));
                    algorithmInput.setSelection(algorithmAdapter.getPosition(TokenCalculator.HashAlgorithm.SHA1));

                    digitsInput.setEnabled(false);
                    periodInput.setEnabled(false);
                    algorithmInput.setEnabled(false);
                } else if (type == Entry.OTPType.TOTP) {
                    counterLayout.setVisibility(View.GONE);
                    periodLayout.setVisibility(View.VISIBLE);

                    digitsInput.setText(String.format(Locale.US, ""%d"", TokenCalculator.TOTP_DEFAULT_DIGITS));
                    digitsInput.setEnabled(isNewEntry);
                    periodInput.setEnabled(isNewEntry);
                    algorithmInput.setEnabled(isNewEntry);
                } else if (type == Entry.OTPType.HOTP) {
                    counterLayout.setVisibility(View.VISIBLE);
                    periodLayout.setVisibility(View.GONE);

                    digitsInput.setText(String.format(Locale.US, ""%d"", TokenCalculator.TOTP_DEFAULT_DIGITS));
                    digitsInput.setEnabled(isNewEntry);
                    periodInput.setEnabled(isNewEntry);
                    algorithmInput.setEnabled(isNewEntry);
                }
            }

            @Override
            public void onNothingSelected(AdapterView<?> adapterView) {

            }
        });

        List<String> allTags = adapter.getTags();
        HashMap<String, Boolean> tagsHashMap = new HashMap<>();
        for(String tag: allTags) {
            tagsHashMap.put(tag, false);
        }
        final TagsAdapter tagsAdapter = new TagsAdapter(callingActivity, tagsHashMap);

        final Callable tagsCallable = new Callable() {
            @Override
            public Object call() throws Exception {
                List<String> selectedTags = tagsAdapter.getActiveTags();
                StringBuilder stringBuilder = new StringBuilder();
                for(int j = 0; j < selectedTags.size(); j++) {
                    stringBuilder.append(selectedTags.get(j));
                    if(j < selectedTags.size() - 1) {
                        stringBuilder.append("", "");
                    }
                }
                tagsInput.setText(stringBuilder.toString());
                return null;
            }
        };

        tagsInput.setOnClickListener(new View.OnClickListener() {
            @Override
            public void onClick(View view) {
                TagsDialog.show(callingActivity, tagsAdapter, tagsCallable, tagsCallable);
            }
        });

        final Button expandButton = inputView.findViewById(R.id.dialog_expand_button);

        // Dirty fix for the compound drawable to avoid crashes on KitKat
        expandButton.setCompoundDrawablesWithIntrinsicBounds(null, null, callingActivity.getResources().getDrawable(R.drawable.ic_arrow_down_accent), null);

        final ExpandableLinearLayout expandLayout = inputView.findViewById(R.id.dialog_expand_layout);

        expandButton.setOnClickListener(new View.OnClickListener() {
            @Override
            public void onClick(View view) {
                expandLayout.toggle();
            }
        });

        expandLayout.setListener(new ExpandableLayoutListenerAdapter() {
            @Override
            public void onOpened() {
                super.onOpened();
                expandButton.setCompoundDrawablesRelativeWithIntrinsicBounds(0, 0, R.drawable.ic_arrow_up_accent, 0);
            }

            @Override
            public void onClosed() {
                super.onClosed();
                expandButton.setCompoundDrawablesRelativeWithIntrinsicBounds(0, 0, R.drawable.ic_arrow_down_accent, 0);
            }
        });

        AlertDialog.Builder builder = new AlertDialog.Builder(callingActivity);
        builder.setTitle(R.string.dialog_title_manual_entry)
                .setView(inputView)
                .setPositiveButton(R.string.button_save, null)
                .setNegativeButton(android.R.string.cancel, new DialogInterface.OnClickListener() {
                    @Override
                    public void onClick(DialogInterface dialogInterface, int i) {}
                });

        AlertDialog dialog = builder.create();
        dialog.show();

        final Button positiveButton = dialog.getButton(AlertDialog.BUTTON_POSITIVE);

        positiveButton.setOnClickListener(new View.OnClickListener() {
            @Override
            public void onClick(View view) {
                //Replace spaces with empty characters
                String secret = secretInput.getText().toString().replaceAll(""\\s+"","""");

                if (!Entry.validateSecret(secret)) {
                    secretInput.setError(callingActivity.getString(R.string.error_invalid_secret));
                    return;
                }

                Entry.OTPType type = (Entry.OTPType) typeInput.getSelectedItem();
                TokenCalculator.HashAlgorithm algorithm = (TokenCalculator.HashAlgorithm) algorithmInput.getSelectedItem();
                int digits = Integer.parseInt(digitsInput.getText().toString());

                String issuer = issuerInput.getText().toString();
                String label = labelInput.getText().toString();

                if (type == Entry.OTPType.TOTP || type == Entry.OTPType.STEAM) {
                    int period = Integer.parseInt(periodInput.getText().toString());

                    if (oldEntry == null) {
                        Entry e = new Entry(type, secret, period, digits, issuer, label, algorithm, tagsAdapter.getActiveTags());
                        e.updateOTP();
                        e.setLastUsed(System.currentTimeMillis());
  
                        adapter.addEntry(e);
                    } else {
                        oldEntry.setIssuer(issuer);
                        oldEntry.setLabel(label);
                        oldEntry.setTags(tagsAdapter.getActiveTags());

                        adapter.saveAndRefresh(settings.getAutoBackupEncryptedFullEnabled());
                    }

                    callingActivity.refreshTags();
                } else if (type == Entry.OTPType.HOTP) {
                    long counter = Long.parseLong(counterInput.getText().toString());
  
                    if (oldEntry == null) {
                        Entry e = new Entry(type, secret, counter, digits, issuer, label, algorithm, tagsAdapter.getActiveTags());
                        e.updateOTP();
                        e.setLastUsed(System.currentTimeMillis());
 
                        adapter.addEntry(e);
                    } else {
                        oldEntry.setIssuer(issuer);
                        oldEntry.setLabel(label);
                        oldEntry.setTags(tagsAdapter.getActiveTags());
  
                        adapter.saveAndRefresh(settings.getAutoBackupEncryptedFullEnabled());
                    }
                }
  
                dialog.dismiss();
            }
        });

        positiveButton.setEnabled(false);

        TextWatcher watcher = new TextWatcher() {
            @Override
            public void beforeTextChanged(CharSequence charSequence, int i, int i1, int i2) {
            }

            @Override
            public void onTextChanged(CharSequence charSequence, int i, int i1, int i2) {
            }

            @Override
            public void afterTextChanged(Editable editable) {
                if (TextUtils.isEmpty(labelInput.getText()) || TextUtils.isEmpty(secretInput.getText())
                        || TextUtils.isEmpty(digitsInput.getText()) || Integer.parseInt(digitsInput.getText().toString()) == 0) {
                    positiveButton.setEnabled(false);
                } else {
                    Entry.OTPType type = (Entry.OTPType) typeInput.getSelectedItem();
                    if (type == Entry.OTPType.HOTP) {
                        if (TextUtils.isEmpty(counterInput.getText())) {
                            positiveButton.setEnabled(false);
                        } else {
                            positiveButton.setEnabled(true);
                        }
                    } else if (type == Entry.OTPType.TOTP || type == Entry.OTPType.STEAM) {
                        if (TextUtils.isEmpty(periodInput.getText()) || Integer.parseInt(periodInput.getText().toString()) == 0) {
                            positiveButton.setEnabled(false);
                        } else {
                            positiveButton.setEnabled(true);
                        }
                    } else {
                        positiveButton.setEnabled(true);
                    }
                }
            }
        };

        labelInput.addTextChangedListener(watcher);
        secretInput.addTextChangedListener(watcher);
        periodInput.addTextChangedListener(watcher);
        digitsInput.addTextChangedListener(watcher);
        counterInput.addTextChangedListener(watcher);

        if (!isNewEntry) {
            Entry.OTPType oldType = oldEntry.getType();

            typeInput.setSelection(typeAdapter.getPosition(oldType));
            issuerInput.setText(oldEntry.getIssuer());
            labelInput.setText(oldEntry.getLabel());
            secretView.setText(oldEntry.getSecretEncoded());
            digitsInput.setText(Integer.toString(oldEntry.getDigits()));
            algorithmInput.setSelection(algorithmAdapter.getPosition(oldEntry.getAlgorithm()));

            if (oldType == Entry.OTPType.TOTP || oldType == Entry.OTPType.STEAM) {
                periodInput.setText(Integer.toString(oldEntry.getPeriod()));
            } else if (oldType == Entry.OTPType.HOTP) {
                counterInput.setText(Long.toString(oldEntry.getCounter()));
            }

            for(String tag: oldEntry.getTags()) {
                tagsAdapter.setTagState(tag, true);
            }
            try {
                tagsCallable.call();
            } catch (Exception e) {
                e.printStackTrace();
            }

            secretInput.setVisibility(View.GONE);
            secretView.setVisibility(View.VISIBLE);

            // Little hack: match the color and background of the TextView to that of a disabled EditText
            secretInput.setEnabled(false);
            secretView.setBackground(secretInput.getBackground());
            secretView.setTextColor(secretInput.getTextColors().getColorForState(secretInput.getDrawableState(), R.color.colorPrimary));

            typeInput.setEnabled(false);
            digitsInput.setEnabled(false);
            algorithmInput.setEnabled(false);
            periodInput.setEnabled(false);
            counterInput.setEnabled(false);
        }
    }","    public static void show(final MainActivity callingActivity, Settings settings, final EntriesCardAdapter adapter, Entry oldEntry) {
        AppCompatDelegate.setCompatVectorFromResourcesEnabled(true);
        boolean isNewEntry = oldEntry == null;

        ViewGroup container = callingActivity.findViewById(R.id.main_content);
        View inputView = callingActivity.getLayoutInflater().inflate(R.layout.dialog_manual_entry, container, false);

        if (settings.getBlockAccessibility())
            inputView.setImportantForAccessibility(View.IMPORTANT_FOR_ACCESSIBILITY_NO_HIDE_DESCENDANTS);

        final Spinner typeInput = inputView.findViewById(R.id.manual_type);
        final EditText issuerInput = inputView.findViewById(R.id.manual_issuer);
        final EditText labelInput = inputView.findViewById(R.id.manual_label);
        final EditText secretInput = inputView.findViewById(R.id.manual_secret);
        final TextView secretView = inputView.findViewById(R.id.manual_secret_view);
        final EditText counterInput = inputView.findViewById(R.id.manual_counter);
        final EditText periodInput = inputView.findViewById(R.id.manual_period);
        final EditText digitsInput = inputView.findViewById(R.id.manual_digits);
        final LinearLayout counterLayout = inputView.findViewById(R.id.manual_layout_counter);
        final LinearLayout periodLayout = inputView.findViewById(R.id.manual_layout_period);
        final Spinner algorithmInput = inputView.findViewById(R.id.manual_algorithm);
        final Button tagsInput = inputView.findViewById(R.id.manual_tags);

        final ArrayAdapter<TokenCalculator.HashAlgorithm> algorithmAdapter = new ArrayAdapter<>(callingActivity, android.R.layout.simple_expandable_list_item_1, TokenCalculator.HashAlgorithm.values());
        final ArrayAdapter<Entry.OTPType> typeAdapter = new ArrayAdapter<>(callingActivity, android.R.layout.simple_expandable_list_item_1, Entry.OTPType.values());

        typeInput.setAdapter(typeAdapter);
        algorithmInput.setAdapter(algorithmAdapter);

        periodInput.setText(String.format(Locale.US, ""%d"", TokenCalculator.TOTP_DEFAULT_PERIOD));
        digitsInput.setText(String.format(Locale.US, ""%d"", TokenCalculator.TOTP_DEFAULT_DIGITS));
        counterInput.setText(String.format(Locale.US, ""%d"", TokenCalculator.HOTP_INITIAL_COUNTER));

        typeInput.setOnItemSelectedListener(new AdapterView.OnItemSelectedListener() {
            @Override
            public void onItemSelected(AdapterView<?> adapterView, View view, int i, long l) {
                Entry.OTPType type = (Entry.OTPType) adapterView.getSelectedItem();

                if (type == Entry.OTPType.STEAM) {
                    counterLayout.setVisibility(View.GONE);
                    periodLayout.setVisibility(View.VISIBLE);

                    digitsInput.setText(String.format(Locale.US, ""%d"", TokenCalculator.STEAM_DEFAULT_DIGITS));
                    periodInput.setText(String.format(Locale.US, ""%d"", TokenCalculator.TOTP_DEFAULT_PERIOD));
                    algorithmInput.setSelection(algorithmAdapter.getPosition(TokenCalculator.HashAlgorithm.SHA1));

                    digitsInput.setEnabled(false);
                    periodInput.setEnabled(false);
                    algorithmInput.setEnabled(false);
                } else if (type == Entry.OTPType.TOTP) {
                    counterLayout.setVisibility(View.GONE);
                    periodLayout.setVisibility(View.VISIBLE);

                    digitsInput.setText(String.format(Locale.US, ""%d"", TokenCalculator.TOTP_DEFAULT_DIGITS));
                    digitsInput.setEnabled(isNewEntry);
                    periodInput.setEnabled(isNewEntry);
                    algorithmInput.setEnabled(isNewEntry);
                } else if (type == Entry.OTPType.HOTP) {
                    counterLayout.setVisibility(View.VISIBLE);
                    periodLayout.setVisibility(View.GONE);

                    digitsInput.setText(String.format(Locale.US, ""%d"", TokenCalculator.TOTP_DEFAULT_DIGITS));
                    digitsInput.setEnabled(isNewEntry);
                    periodInput.setEnabled(isNewEntry);
                    algorithmInput.setEnabled(isNewEntry);
                }
            }

            @Override
            public void onNothingSelected(AdapterView<?> adapterView) {

            }
        });

        List<String> allTags = adapter.getTags();
        HashMap<String, Boolean> tagsHashMap = new HashMap<>();
        for(String tag: allTags) {
            tagsHashMap.put(tag, false);
        }
        final TagsAdapter tagsAdapter = new TagsAdapter(callingActivity, tagsHashMap);

        final Callable tagsCallable = new Callable() {
            @Override
            public Object call() throws Exception {
                List<String> selectedTags = tagsAdapter.getActiveTags();
                StringBuilder stringBuilder = new StringBuilder();
                for(int j = 0; j < selectedTags.size(); j++) {
                    stringBuilder.append(selectedTags.get(j));
                    if(j < selectedTags.size() - 1) {
                        stringBuilder.append("", "");
                    }
                }
                tagsInput.setText(stringBuilder.toString());
                return null;
            }
        };

        tagsInput.setOnClickListener(new View.OnClickListener() {
            @Override
            public void onClick(View view) {
                TagsDialog.show(callingActivity, tagsAdapter, tagsCallable, tagsCallable);
            }
        });

        final Button expandButton = inputView.findViewById(R.id.dialog_expand_button);

        // Dirty fix for the compound drawable to avoid crashes on KitKat
        expandButton.setCompoundDrawablesWithIntrinsicBounds(null, null, callingActivity.getResources().getDrawable(R.drawable.ic_arrow_down_accent), null);

        final ExpandableLinearLayout expandLayout = inputView.findViewById(R.id.dialog_expand_layout);

        expandButton.setOnClickListener(new View.OnClickListener() {
            @Override
            public void onClick(View view) {
                expandLayout.toggle();
            }
        });

        expandLayout.setListener(new ExpandableLayoutListenerAdapter() {
            @Override
            public void onOpened() {
                super.onOpened();
                expandButton.setCompoundDrawablesRelativeWithIntrinsicBounds(0, 0, R.drawable.ic_arrow_up_accent, 0);
            }

            @Override
            public void onClosed() {
                super.onClosed();
                expandButton.setCompoundDrawablesRelativeWithIntrinsicBounds(0, 0, R.drawable.ic_arrow_down_accent, 0);
            }
        });

        AlertDialog.Builder builder = new AlertDialog.Builder(callingActivity);
        builder.setTitle(R.string.dialog_title_manual_entry)
                .setView(inputView)
-               .setPositiveButton(R.string.button_save, new DialogInterface.OnClickListener() {
-                   @Override
-                   public void onClick(DialogInterface dialogInterface, int i) {
-                       Entry.OTPType type = (Entry.OTPType) typeInput.getSelectedItem();
-                       TokenCalculator.HashAlgorithm algorithm = (TokenCalculator.HashAlgorithm) algorithmInput.getSelectedItem();

-                       String issuer = issuerInput.getText().toString();
-                       String label = labelInput.getText().toString();
-                       //Replace spaces with empty characters
-                       String secret = secretInput.getText().toString().replaceAll(""\\s+"","""");
-                       int digits = Integer.parseInt(digitsInput.getText().toString());
-
-                      if (type == Entry.OTPType.TOTP || type == Entry.OTPType.STEAM) {
-                           int period = Integer.parseInt(periodInput.getText().toString());
-
-                           if (oldEntry == null) {
-                               Entry e = new Entry(type, secret, period, digits, issuer, label, algorithm, tagsAdapter.getActiveTags());
-                               e.updateOTP();
-                               e.setLastUsed(System.currentTimeMillis());
-
-                               adapter.addEntry(e);
-                           } else {
-                               oldEntry.setIssuer(issuer);
-                               oldEntry.setLabel(label);
-                               oldEntry.setTags(tagsAdapter.getActiveTags());
-
-                               adapter.saveAndRefresh(settings.getAutoBackupEncryptedFullEnabled());
-                           }
-
-                           callingActivity.refreshTags();
-                       } else if (type == Entry.OTPType.HOTP) {
-                           long counter = Long.parseLong(counterInput.getText().toString());
-
-                           if (oldEntry == null) {
-                               Entry e = new Entry(type, secret, counter, digits, issuer, label, algorithm, tagsAdapter.getActiveTags());
-                               e.updateOTP();
-                               e.setLastUsed(System.currentTimeMillis());
-
-                               adapter.addEntry(e);
-                           } else {
-                               oldEntry.setIssuer(issuer);
-                               oldEntry.setLabel(label);
-                               oldEntry.setTags(tagsAdapter.getActiveTags());
-
-                               adapter.saveAndRefresh(settings.getAutoBackupEncryptedFullEnabled());
-                           }
-                       }
-                   }
-               })
+              .setPositiveButton(R.string.button_save, null)
                .setNegativeButton(android.R.string.cancel, new DialogInterface.OnClickListener() {
                    @Override
                    public void onClick(DialogInterface dialogInterface, int i) {}
                });

        AlertDialog dialog = builder.create();
        dialog.show();

        final Button positiveButton = dialog.getButton(AlertDialog.BUTTON_POSITIVE);

+      positiveButton.setOnClickListener(new View.OnClickListener() {
+          @Override
+          public void onClick(View view) {
+              //Replace spaces with empty characters
+              String secret = secretInput.getText().toString().replaceAll(""\\s+"","""");

+              if (!Entry.validateSecret(secret)) {
+                  secretInput.setError(callingActivity.getString(R.string.error_invalid_secret));
+                  return;
+              }

+              Entry.OTPType type = (Entry.OTPType) typeInput.getSelectedItem();
+              TokenCalculator.HashAlgorithm algorithm = (TokenCalculator.HashAlgorithm) algorithmInput.getSelectedItem();
+              int digits = Integer.parseInt(digitsInput.getText().toString());

+              String issuer = issuerInput.getText().toString();
+              String label = labelInput.getText().toString();

+              if (type == Entry.OTPType.TOTP || type == Entry.OTPType.STEAM) {
+                  int period = Integer.parseInt(periodInput.getText().toString());

+                  if (oldEntry == null) {
+                      Entry e = new Entry(type, secret, period, digits, issuer, label, algorithm, tagsAdapter.getActiveTags());
+                      e.updateOTP();
+                      e.setLastUsed(System.currentTimeMillis());
+
+                      adapter.addEntry(e);
+                  } else {
+                      oldEntry.setIssuer(issuer);
+                      oldEntry.setLabel(label);
+                      oldEntry.setTags(tagsAdapter.getActiveTags());

+                      adapter.saveAndRefresh(settings.getAutoBackupEncryptedFullEnabled());
+                  }

+                  callingActivity.refreshTags();
+              } else if (type == Entry.OTPType.HOTP) {
+                  long counter = Long.parseLong(counterInput.getText().toString());
+
+                  if (oldEntry == null) {
+                      Entry e = new Entry(type, secret, counter, digits, issuer, label, algorithm, tagsAdapter.getActiveTags());
+                      e.updateOTP();
+                      e.setLastUsed(System.currentTimeMillis());
+
+                      adapter.addEntry(e);
+                  } else {
+                      oldEntry.setIssuer(issuer);
+                      oldEntry.setLabel(label);
+                      oldEntry.setTags(tagsAdapter.getActiveTags());
+
+                      adapter.saveAndRefresh(settings.getAutoBackupEncryptedFullEnabled());
+                  }
+              }
+
+              dialog.dismiss();
+          }
+      });

        positiveButton.setEnabled(false);

        TextWatcher watcher = new TextWatcher() {
            @Override
            public void beforeTextChanged(CharSequence charSequence, int i, int i1, int i2) {
            }

            @Override
            public void onTextChanged(CharSequence charSequence, int i, int i1, int i2) {
            }

            @Override
            public void afterTextChanged(Editable editable) {
                if (TextUtils.isEmpty(labelInput.getText()) || TextUtils.isEmpty(secretInput.getText())
                        || TextUtils.isEmpty(digitsInput.getText()) || Integer.parseInt(digitsInput.getText().toString()) == 0) {
                    positiveButton.setEnabled(false);
                } else {
                    Entry.OTPType type = (Entry.OTPType) typeInput.getSelectedItem();
                    if (type == Entry.OTPType.HOTP) {
                        if (TextUtils.isEmpty(counterInput.getText())) {
                            positiveButton.setEnabled(false);
                        } else {
                            positiveButton.setEnabled(true);
                        }
                    } else if (type == Entry.OTPType.TOTP || type == Entry.OTPType.STEAM) {
                        if (TextUtils.isEmpty(periodInput.getText()) || Integer.parseInt(periodInput.getText().toString()) == 0) {
                            positiveButton.setEnabled(false);
                        } else {
                            positiveButton.setEnabled(true);
                        }
                    } else {
                        positiveButton.setEnabled(true);
                    }
                }
            }
        };

        labelInput.addTextChangedListener(watcher);
        secretInput.addTextChangedListener(watcher);
        periodInput.addTextChangedListener(watcher);
        digitsInput.addTextChangedListener(watcher);
        counterInput.addTextChangedListener(watcher);

        if (!isNewEntry) {
            Entry.OTPType oldType = oldEntry.getType();

            typeInput.setSelection(typeAdapter.getPosition(oldType));
            issuerInput.setText(oldEntry.getIssuer());
            labelInput.setText(oldEntry.getLabel());
            secretView.setText(oldEntry.getSecretEncoded());
            digitsInput.setText(Integer.toString(oldEntry.getDigits()));
            algorithmInput.setSelection(algorithmAdapter.getPosition(oldEntry.getAlgorithm()));

            if (oldType == Entry.OTPType.TOTP || oldType == Entry.OTPType.STEAM) {
                periodInput.setText(Integer.toString(oldEntry.getPeriod()));
            } else if (oldType == Entry.OTPType.HOTP) {
                counterInput.setText(Long.toString(oldEntry.getCounter()));
            }

            for(String tag: oldEntry.getTags()) {
                tagsAdapter.setTagState(tag, true);
            }
            try {
                tagsCallable.call();
            } catch (Exception e) {
                e.printStackTrace();
            }

            secretInput.setVisibility(View.GONE);
            secretView.setVisibility(View.VISIBLE);

            // Little hack: match the color and background of the TextView to that of a disabled EditText
            secretInput.setEnabled(false);
            secretView.setBackground(secretInput.getBackground());
            secretView.setTextColor(secretInput.getTextColors().getColorForState(secretInput.getDrawableState(), R.color.colorPrimary));

            typeInput.setEnabled(false);
            digitsInput.setEnabled(false);
            algorithmInput.setEnabled(false);
            periodInput.setEnabled(false);
            counterInput.setEnabled(false);
        }
    }","    public static void show(final MainActivity callingActivity, Settings settings, final EntriesCardAdapter adapter, Entry oldEntry) {
        AppCompatDelegate.setCompatVectorFromResourcesEnabled(true);
        boolean isNewEntry = oldEntry == null;

        ViewGroup container = callingActivity.findViewById(R.id.main_content);
        View inputView = callingActivity.getLayoutInflater().inflate(R.layout.dialog_manual_entry, container, false);

        if (settings.getBlockAccessibility())
            inputView.setImportantForAccessibility(View.IMPORTANT_FOR_ACCESSIBILITY_NO_HIDE_DESCENDANTS);

        final Spinner typeInput = inputView.findViewById(R.id.manual_type);
        final EditText issuerInput = inputView.findViewById(R.id.manual_issuer);
        final EditText labelInput = inputView.findViewById(R.id.manual_label);
        final EditText secretInput = inputView.findViewById(R.id.manual_secret);
        final TextView secretView = inputView.findViewById(R.id.manual_secret_view);
        final EditText counterInput = inputView.findViewById(R.id.manual_counter);
        final EditText periodInput = inputView.findViewById(R.id.manual_period);
        final EditText digitsInput = inputView.findViewById(R.id.manual_digits);
        final LinearLayout counterLayout = inputView.findViewById(R.id.manual_layout_counter);
        final LinearLayout periodLayout = inputView.findViewById(R.id.manual_layout_period);
        final Spinner algorithmInput = inputView.findViewById(R.id.manual_algorithm);
        final Button tagsInput = inputView.findViewById(R.id.manual_tags);

        final ArrayAdapter<TokenCalculator.HashAlgorithm> algorithmAdapter = new ArrayAdapter<>(callingActivity, android.R.layout.simple_expandable_list_item_1, TokenCalculator.HashAlgorithm.values());
        final ArrayAdapter<Entry.OTPType> typeAdapter = new ArrayAdapter<>(callingActivity, android.R.layout.simple_expandable_list_item_1, Entry.OTPType.values());

        typeInput.setAdapter(typeAdapter);
        algorithmInput.setAdapter(algorithmAdapter);

        periodInput.setText(String.format(Locale.US, ""%d"", TokenCalculator.TOTP_DEFAULT_PERIOD));
        digitsInput.setText(String.format(Locale.US, ""%d"", TokenCalculator.TOTP_DEFAULT_DIGITS));
        counterInput.setText(String.format(Locale.US, ""%d"", TokenCalculator.HOTP_INITIAL_COUNTER));

        typeInput.setOnItemSelectedListener(new AdapterView.OnItemSelectedListener() {
            @Override
            public void onItemSelected(AdapterView<?> adapterView, View view, int i, long l) {
                Entry.OTPType type = (Entry.OTPType) adapterView.getSelectedItem();

                if (type == Entry.OTPType.STEAM) {
                    counterLayout.setVisibility(View.GONE);
                    periodLayout.setVisibility(View.VISIBLE);

                    digitsInput.setText(String.format(Locale.US, ""%d"", TokenCalculator.STEAM_DEFAULT_DIGITS));
                    periodInput.setText(String.format(Locale.US, ""%d"", TokenCalculator.TOTP_DEFAULT_PERIOD));
                    algorithmInput.setSelection(algorithmAdapter.getPosition(TokenCalculator.HashAlgorithm.SHA1));

                    digitsInput.setEnabled(false);
                    periodInput.setEnabled(false);
                    algorithmInput.setEnabled(false);
                } else if (type == Entry.OTPType.TOTP) {
                    counterLayout.setVisibility(View.GONE);
                    periodLayout.setVisibility(View.VISIBLE);

                    digitsInput.setText(String.format(Locale.US, ""%d"", TokenCalculator.TOTP_DEFAULT_DIGITS));
                    digitsInput.setEnabled(isNewEntry);
                    periodInput.setEnabled(isNewEntry);
                    algorithmInput.setEnabled(isNewEntry);
                } else if (type == Entry.OTPType.HOTP) {
                    counterLayout.setVisibility(View.VISIBLE);
                    periodLayout.setVisibility(View.GONE);

                    digitsInput.setText(String.format(Locale.US, ""%d"", TokenCalculator.TOTP_DEFAULT_DIGITS));
                    digitsInput.setEnabled(isNewEntry);
                    periodInput.setEnabled(isNewEntry);
                    algorithmInput.setEnabled(isNewEntry);
                }
            }

            @Override
            public void onNothingSelected(AdapterView<?> adapterView) {

            }
        });

        List<String> allTags = adapter.getTags();
        HashMap<String, Boolean> tagsHashMap = new HashMap<>();
        for(String tag: allTags) {
            tagsHashMap.put(tag, false);
        }
        final TagsAdapter tagsAdapter = new TagsAdapter(callingActivity, tagsHashMap);

        final Callable tagsCallable = new Callable() {
            @Override
            public Object call() throws Exception {
                List<String> selectedTags = tagsAdapter.getActiveTags();
                StringBuilder stringBuilder = new StringBuilder();
                for(int j = 0; j < selectedTags.size(); j++) {
                    stringBuilder.append(selectedTags.get(j));
                    if(j < selectedTags.size() - 1) {
                        stringBuilder.append("", "");
                    }
                }
                tagsInput.setText(stringBuilder.toString());
                return null;
            }
        };

        tagsInput.setOnClickListener(new View.OnClickListener() {
            @Override
            public void onClick(View view) {
                TagsDialog.show(callingActivity, tagsAdapter, tagsCallable, tagsCallable);
            }
        });

        final Button expandButton = inputView.findViewById(R.id.dialog_expand_button);

        // Dirty fix for the compound drawable to avoid crashes on KitKat
        expandButton.setCompoundDrawablesWithIntrinsicBounds(null, null, callingActivity.getResources().getDrawable(R.drawable.ic_arrow_down_accent), null);

        final ExpandableLinearLayout expandLayout = inputView.findViewById(R.id.dialog_expand_layout);

        expandButton.setOnClickListener(new View.OnClickListener() {
            @Override
            public void onClick(View view) {
                expandLayout.toggle();
            }
        });

        expandLayout.setListener(new ExpandableLayoutListenerAdapter() {
            @Override
            public void onOpened() {
                super.onOpened();
                expandButton.setCompoundDrawablesRelativeWithIntrinsicBounds(0, 0, R.drawable.ic_arrow_up_accent, 0);
            }

            @Override
            public void onClosed() {
                super.onClosed();
                expandButton.setCompoundDrawablesRelativeWithIntrinsicBounds(0, 0, R.drawable.ic_arrow_down_accent, 0);
            }
        });

        AlertDialog.Builder builder = new AlertDialog.Builder(callingActivity);
        builder.setTitle(R.string.dialog_title_manual_entry)
                .setView(inputView)
                <Chunk_For_Modification>
                .setNegativeButton(android.R.string.cancel, new DialogInterface.OnClickListener() {
                    @Override
                    public void onClick(DialogInterface dialogInterface, int i) {}
                });

        AlertDialog dialog = builder.create();
        dialog.show();

        final Button positiveButton = dialog.getButton(AlertDialog.BUTTON_POSITIVE);

                <Chunk_For_Modification>

        positiveButton.setEnabled(false);

        TextWatcher watcher = new TextWatcher() {
            @Override
            public void beforeTextChanged(CharSequence charSequence, int i, int i1, int i2) {
            }

            @Override
            public void onTextChanged(CharSequence charSequence, int i, int i1, int i2) {
            }

            @Override
            public void afterTextChanged(Editable editable) {
                if (TextUtils.isEmpty(labelInput.getText()) || TextUtils.isEmpty(secretInput.getText())
                        || TextUtils.isEmpty(digitsInput.getText()) || Integer.parseInt(digitsInput.getText().toString()) == 0) {
                    positiveButton.setEnabled(false);
                } else {
                    Entry.OTPType type = (Entry.OTPType) typeInput.getSelectedItem();
                    if (type == Entry.OTPType.HOTP) {
                        if (TextUtils.isEmpty(counterInput.getText())) {
                            positiveButton.setEnabled(false);
                        } else {
                            positiveButton.setEnabled(true);
                        }
                    } else if (type == Entry.OTPType.TOTP || type == Entry.OTPType.STEAM) {
                        if (TextUtils.isEmpty(periodInput.getText()) || Integer.parseInt(periodInput.getText().toString()) == 0) {
                            positiveButton.setEnabled(false);
                        } else {
                            positiveButton.setEnabled(true);
                        }
                    } else {
                        positiveButton.setEnabled(true);
                    }
                }
            }
        };

        labelInput.addTextChangedListener(watcher);
        secretInput.addTextChangedListener(watcher);
        periodInput.addTextChangedListener(watcher);
        digitsInput.addTextChangedListener(watcher);
        counterInput.addTextChangedListener(watcher);

        if (!isNewEntry) {
            Entry.OTPType oldType = oldEntry.getType();

            typeInput.setSelection(typeAdapter.getPosition(oldType));
            issuerInput.setText(oldEntry.getIssuer());
            labelInput.setText(oldEntry.getLabel());
            secretView.setText(oldEntry.getSecretEncoded());
            digitsInput.setText(Integer.toString(oldEntry.getDigits()));
            algorithmInput.setSelection(algorithmAdapter.getPosition(oldEntry.getAlgorithm()));

            if (oldType == Entry.OTPType.TOTP || oldType == Entry.OTPType.STEAM) {
                periodInput.setText(Integer.toString(oldEntry.getPeriod()));
            } else if (oldType == Entry.OTPType.HOTP) {
                counterInput.setText(Long.toString(oldEntry.getCounter()));
            }

            for(String tag: oldEntry.getTags()) {
                tagsAdapter.setTagState(tag, true);
            }
            try {
                tagsCallable.call();
            } catch (Exception e) {
                e.printStackTrace();
            }

            secretInput.setVisibility(View.GONE);
            secretView.setVisibility(View.VISIBLE);

            // Little hack: match the color and background of the TextView to that of a disabled EditText
            secretInput.setEnabled(false);
            secretView.setBackground(secretInput.getBackground());
            secretView.setTextColor(secretInput.getTextColors().getColorForState(secretInput.getDrawableState(), R.color.colorPrimary));

            typeInput.setEnabled(false);
            digitsInput.setEnabled(false);
            algorithmInput.setEnabled(false);
            periodInput.setEnabled(false);
            counterInput.setEnabled(false);
        }
    }","    public static void show(final MainActivity callingActivity, Settings settings, final EntriesCardAdapter adapter, Entry oldEntry) {
        AppCompatDelegate.setCompatVectorFromResourcesEnabled(true);
        boolean isNewEntry = oldEntry == null;

        ViewGroup container = callingActivity.findViewById(R.id.main_content);
        View inputView = callingActivity.getLayoutInflater().inflate(R.layout.dialog_manual_entry, container, false);

        if (settings.getBlockAccessibility())
            inputView.setImportantForAccessibility(View.IMPORTANT_FOR_ACCESSIBILITY_NO_HIDE_DESCENDANTS);

        final Spinner typeInput = inputView.findViewById(R.id.manual_type);
        final EditText issuerInput = inputView.findViewById(R.id.manual_issuer);
        final EditText labelInput = inputView.findViewById(R.id.manual_label);
        final EditText secretInput = inputView.findViewById(R.id.manual_secret);
        final TextView secretView = inputView.findViewById(R.id.manual_secret_view);
        final EditText counterInput = inputView.findViewById(R.id.manual_counter);
        final EditText periodInput = inputView.findViewById(R.id.manual_period);
        final EditText digitsInput = inputView.findViewById(R.id.manual_digits);
        final LinearLayout counterLayout = inputView.findViewById(R.id.manual_layout_counter);
        final LinearLayout periodLayout = inputView.findViewById(R.id.manual_layout_period);
        final Spinner algorithmInput = inputView.findViewById(R.id.manual_algorithm);
        final Button tagsInput = inputView.findViewById(R.id.manual_tags);

        final ArrayAdapter<TokenCalculator.HashAlgorithm> algorithmAdapter = new ArrayAdapter<>(callingActivity, android.R.layout.simple_expandable_list_item_1, TokenCalculator.HashAlgorithm.values());
        final ArrayAdapter<Entry.OTPType> typeAdapter = new ArrayAdapter<>(callingActivity, android.R.layout.simple_expandable_list_item_1, Entry.OTPType.values());

        typeInput.setAdapter(typeAdapter);
        algorithmInput.setAdapter(algorithmAdapter);

        periodInput.setText(String.format(Locale.US, ""%d"", TokenCalculator.TOTP_DEFAULT_PERIOD));
        digitsInput.setText(String.format(Locale.US, ""%d"", TokenCalculator.TOTP_DEFAULT_DIGITS));
        counterInput.setText(String.format(Locale.US, ""%d"", TokenCalculator.HOTP_INITIAL_COUNTER));

        typeInput.setOnItemSelectedListener(new AdapterView.OnItemSelectedListener() {
            @Override
            public void onItemSelected(AdapterView<?> adapterView, View view, int i, long l) {
                Entry.OTPType type = (Entry.OTPType) adapterView.getSelectedItem();

                if (type == Entry.OTPType.STEAM) {
                    counterLayout.setVisibility(View.GONE);
                    periodLayout.setVisibility(View.VISIBLE);

                    digitsInput.setText(String.format(Locale.US, ""%d"", TokenCalculator.STEAM_DEFAULT_DIGITS));
                    periodInput.setText(String.format(Locale.US, ""%d"", TokenCalculator.TOTP_DEFAULT_PERIOD));
                    algorithmInput.setSelection(algorithmAdapter.getPosition(TokenCalculator.HashAlgorithm.SHA1));

                    digitsInput.setEnabled(false);
                    periodInput.setEnabled(false);
                    algorithmInput.setEnabled(false);
                } else if (type == Entry.OTPType.TOTP) {
                    counterLayout.setVisibility(View.GONE);
                    periodLayout.setVisibility(View.VISIBLE);

                    digitsInput.setText(String.format(Locale.US, ""%d"", TokenCalculator.TOTP_DEFAULT_DIGITS));
                    digitsInput.setEnabled(isNewEntry);
                    periodInput.setEnabled(isNewEntry);
                    algorithmInput.setEnabled(isNewEntry);
                } else if (type == Entry.OTPType.HOTP) {
                    counterLayout.setVisibility(View.VISIBLE);
                    periodLayout.setVisibility(View.GONE);

                    digitsInput.setText(String.format(Locale.US, ""%d"", TokenCalculator.TOTP_DEFAULT_DIGITS));
                    digitsInput.setEnabled(isNewEntry);
                    periodInput.setEnabled(isNewEntry);
                    algorithmInput.setEnabled(isNewEntry);
                }
            }

            @Override
            public void onNothingSelected(AdapterView<?> adapterView) {

            }
        });

        List<String> allTags = adapter.getTags();
        HashMap<String, Boolean> tagsHashMap = new HashMap<>();
        for(String tag: allTags) {
            tagsHashMap.put(tag, false);
        }
        final TagsAdapter tagsAdapter = new TagsAdapter(callingActivity, tagsHashMap);

        final Callable tagsCallable = new Callable() {
            @Override
            public Object call() throws Exception {
                List<String> selectedTags = tagsAdapter.getActiveTags();
                StringBuilder stringBuilder = new StringBuilder();
                for(int j = 0; j < selectedTags.size(); j++) {
                    stringBuilder.append(selectedTags.get(j));
                    if(j < selectedTags.size() - 1) {
                        stringBuilder.append("", "");
                    }
                }
                tagsInput.setText(stringBuilder.toString());
                return null;
            }
        };

        tagsInput.setOnClickListener(new View.OnClickListener() {
            @Override
            public void onClick(View view) {
                TagsDialog.show(callingActivity, tagsAdapter, tagsCallable, tagsCallable);
            }
        });

        final Button expandButton = inputView.findViewById(R.id.dialog_expand_button);

        // Dirty fix for the compound drawable to avoid crashes on KitKat
        expandButton.setCompoundDrawablesWithIntrinsicBounds(null, null, callingActivity.getResources().getDrawable(R.drawable.ic_arrow_down_accent), null);

        final ExpandableLinearLayout expandLayout = inputView.findViewById(R.id.dialog_expand_layout);

        expandButton.setOnClickListener(new View.OnClickListener() {
            @Override
            public void onClick(View view) {
                expandLayout.toggle();
            }
        });

        expandLayout.setListener(new ExpandableLayoutListenerAdapter() {
            @Override
            public void onOpened() {
                super.onOpened();
                expandButton.setCompoundDrawablesRelativeWithIntrinsicBounds(0, 0, R.drawable.ic_arrow_up_accent, 0);
            }

            @Override
            public void onClosed() {
                super.onClosed();
                expandButton.setCompoundDrawablesRelativeWithIntrinsicBounds(0, 0, R.drawable.ic_arrow_down_accent, 0);
            }
        });

        AlertDialog.Builder builder = new AlertDialog.Builder(callingActivity);
        builder.setTitle(R.string.dialog_title_manual_entry)
                .setView(inputView)
                >>> [ INFILL ] <<<
                .setNegativeButton(android.R.string.cancel, new DialogInterface.OnClickListener() {
                    @Override
                    public void onClick(DialogInterface dialogInterface, int i) {}
                });

        AlertDialog dialog = builder.create();
        dialog.show();

        final Button positiveButton = dialog.getButton(AlertDialog.BUTTON_POSITIVE);

                >>> [ INFILL ] <<<

        positiveButton.setEnabled(false);

        TextWatcher watcher = new TextWatcher() {
            @Override
            public void beforeTextChanged(CharSequence charSequence, int i, int i1, int i2) {
            }

            @Override
            public void onTextChanged(CharSequence charSequence, int i, int i1, int i2) {
            }

            @Override
            public void afterTextChanged(Editable editable) {
                if (TextUtils.isEmpty(labelInput.getText()) || TextUtils.isEmpty(secretInput.getText())
                        || TextUtils.isEmpty(digitsInput.getText()) || Integer.parseInt(digitsInput.getText().toString()) == 0) {
                    positiveButton.setEnabled(false);
                } else {
                    Entry.OTPType type = (Entry.OTPType) typeInput.getSelectedItem();
                    if (type == Entry.OTPType.HOTP) {
                        if (TextUtils.isEmpty(counterInput.getText())) {
                            positiveButton.setEnabled(false);
                        } else {
                            positiveButton.setEnabled(true);
                        }
                    } else if (type == Entry.OTPType.TOTP || type == Entry.OTPType.STEAM) {
                        if (TextUtils.isEmpty(periodInput.getText()) || Integer.parseInt(periodInput.getText().toString()) == 0) {
                            positiveButton.setEnabled(false);
                        } else {
                            positiveButton.setEnabled(true);
                        }
                    } else {
                        positiveButton.setEnabled(true);
                    }
                }
            }
        };

        labelInput.addTextChangedListener(watcher);
        secretInput.addTextChangedListener(watcher);
        periodInput.addTextChangedListener(watcher);
        digitsInput.addTextChangedListener(watcher);
        counterInput.addTextChangedListener(watcher);

        if (!isNewEntry) {
            Entry.OTPType oldType = oldEntry.getType();

            typeInput.setSelection(typeAdapter.getPosition(oldType));
            issuerInput.setText(oldEntry.getIssuer());
            labelInput.setText(oldEntry.getLabel());
            secretView.setText(oldEntry.getSecretEncoded());
            digitsInput.setText(Integer.toString(oldEntry.getDigits()));
            algorithmInput.setSelection(algorithmAdapter.getPosition(oldEntry.getAlgorithm()));

            if (oldType == Entry.OTPType.TOTP || oldType == Entry.OTPType.STEAM) {
                periodInput.setText(Integer.toString(oldEntry.getPeriod()));
            } else if (oldType == Entry.OTPType.HOTP) {
                counterInput.setText(Long.toString(oldEntry.getCounter()));
            }

            for(String tag: oldEntry.getTags()) {
                tagsAdapter.setTagState(tag, true);
            }
            try {
                tagsCallable.call();
            } catch (Exception e) {
                e.printStackTrace();
            }

            secretInput.setVisibility(View.GONE);
            secretView.setVisibility(View.VISIBLE);

            // Little hack: match the color and background of the TextView to that of a disabled EditText
            secretInput.setEnabled(false);
            secretView.setBackground(secretInput.getBackground());
            secretView.setTextColor(secretInput.getTextColors().getColorForState(secretInput.getDrawableState(), R.color.colorPrimary));

            typeInput.setEnabled(false);
            digitsInput.setEnabled(false);
            algorithmInput.setEnabled(false);
            periodInput.setEnabled(false);
            counterInput.setEnabled(false);
        }
    }",,,,,,1,1,44,39
realbug-159-updateMultiselectMenu,realbug-159-updateMultiselectMenu/AnkiDroid/src/main/java/com/ichi2/anki/CardBrowser.java,"Reproduction Steps

Create any type and clone it (to keep things simple, I've just used basic, calling the types ""Basic 1"" & ""Basic 2"").
Add two cards to the first type.
Browser → select the two new cards → Edit → try to change the type (in my case, ""Basic 1"" → ""Basic 2"").
Expected Result

If you could allow there some sort of batch type reassignment via the default field mapping, that would be perfect!

Actual Result

It crashes, only the first card is affected by the change.
","    private void updateMultiselectMenu() {
        Timber.d(""updateMultiselectMenu()"");
        if (mActionBarMenu == null || mActionBarMenu.findItem(R.id.action_suspend_card) == null) {
            return;
        }
        if (!mCheckedCardPositions.isEmpty()) {
            CollectionTask.launchCollectionTask(CollectionTask.TASK_TYPE_CHECK_CARD_SELECTION,
                    mCheckSelectedCardsHandler,
                    new CollectionTask.TaskData(new Object[]{mCheckedCardPositions, getCards()}));
        }
        mActionBarMenu.findItem(R.id.action_select_all).setVisible(!hasSelectedAllCards());
        //Note: Theoretically should not happen, as this should kick us back to the menu
        mActionBarMenu.findItem(R.id.action_select_none).setVisible(hasSelectedCards());
        mActionBarMenu.findItem(R.id.action_edit_note).setVisible(hasSelectedSingleNoteId());
    }","    private void updateMultiselectMenu() {
        Timber.d(""updateMultiselectMenu()"");
        if (mActionBarMenu == null || mActionBarMenu.findItem(R.id.action_suspend_card) == null) {
            return;
        }
        if (!mCheckedCardPositions.isEmpty()) {
            CollectionTask.launchCollectionTask(CollectionTask.TASK_TYPE_CHECK_CARD_SELECTION,
                    mCheckSelectedCardsHandler,
                    new CollectionTask.TaskData(new Object[]{mCheckedCardPositions, getCards()}));
        }
        mActionBarMenu.findItem(R.id.action_select_all).setVisible(!hasSelectedAllCards());
        //Note: Theoretically should not happen, as this should kick us back to the menu
        mActionBarMenu.findItem(R.id.action_select_none).setVisible(hasSelectedCards());
        mActionBarMenu.findItem(R.id.action_edit_note).setVisible(canPerformMultiSelectEditNote());
    }","    private void updateMultiselectMenu() {
        Timber.d(""updateMultiselectMenu()"");
        if (mActionBarMenu == null || mActionBarMenu.findItem(R.id.action_suspend_card) == null) {
            return;
        }
        if (!mCheckedCardPositions.isEmpty()) {
            CollectionTask.launchCollectionTask(CollectionTask.TASK_TYPE_CHECK_CARD_SELECTION,
                    mCheckSelectedCardsHandler,
                    new CollectionTask.TaskData(new Object[]{mCheckedCardPositions, getCards()}));
        }
        mActionBarMenu.findItem(R.id.action_select_all).setVisible(!hasSelectedAllCards());
        //Note: Theoretically should not happen, as this should kick us back to the menu
        mActionBarMenu.findItem(R.id.action_select_none).setVisible(hasSelectedCards());
-       mActionBarMenu.findItem(R.id.action_edit_note).setVisible(hasSelectedSingleNoteId());
+      mActionBarMenu.findItem(R.id.action_edit_note).setVisible(canPerformMultiSelectEditNote());
    }","    private void updateMultiselectMenu() {
        Timber.d(""updateMultiselectMenu()"");
        if (mActionBarMenu == null || mActionBarMenu.findItem(R.id.action_suspend_card) == null) {
            return;
        }
        if (!mCheckedCardPositions.isEmpty()) {
            CollectionTask.launchCollectionTask(CollectionTask.TASK_TYPE_CHECK_CARD_SELECTION,
                    mCheckSelectedCardsHandler,
                    new CollectionTask.TaskData(new Object[]{mCheckedCardPositions, getCards()}));
        }
        mActionBarMenu.findItem(R.id.action_select_all).setVisible(!hasSelectedAllCards());
        //Note: Theoretically should not happen, as this should kick us back to the menu
        mActionBarMenu.findItem(R.id.action_select_none).setVisible(hasSelectedCards());
        <Chunk_For_Modification>
    }","    private void updateMultiselectMenu() {
        Timber.d(""updateMultiselectMenu()"");
        if (mActionBarMenu == null || mActionBarMenu.findItem(R.id.action_suspend_card) == null) {
            return;
        }
        if (!mCheckedCardPositions.isEmpty()) {
            CollectionTask.launchCollectionTask(CollectionTask.TASK_TYPE_CHECK_CARD_SELECTION,
                    mCheckSelectedCardsHandler,
                    new CollectionTask.TaskData(new Object[]{mCheckedCardPositions, getCards()}));
        }
        mActionBarMenu.findItem(R.id.action_select_all).setVisible(!hasSelectedAllCards());
        //Note: Theoretically should not happen, as this should kick us back to the menu
        mActionBarMenu.findItem(R.id.action_select_none).setVisible(hasSelectedCards());
        >>> [ INFILL ] <<<
    }",,,,,,1,1,1,1
realbug-160-onCreateOptionsMenu,realbug-160-onCreateOptionsMenu/AnkiDroid/src/main/java/com/ichi2/anki/Reviewer.java,"Reproduction Steps

Click on whiteboard tab while reviewing flashcards and use the feature to write/draw anything
Click on the erase tab till you have undone the drawing and the erase tab grays out
Redraw anything by clicking on the whiteboard icon
Expected Result

Upon redrawing, the eraser tab should revert its color from gray to white

Actual Result

On redrawing, the eraser tab still remains grayed out.

Debug info

Refer to the [support page]AnkiDroid Version = 2.10beta3

Android Version = 10

ACRA UUID = bbdbcff5-0c68-4fd5-8b77-95df0b7fc4b3","    public boolean onCreateOptionsMenu(Menu menu) {
        // NOTE: This is called every time a new question is shown via invalidate options menu
        getMenuInflater().inflate(R.menu.reviewer, menu);
        mActionButtons.setCustomButtonsStatus(menu);
        if (mCurrentCard != null && mCurrentCard.note().hasTag(""marked"")) {
            menu.findItem(R.id.action_mark_card).setTitle(R.string.menu_unmark_note).setIcon(R.drawable.ic_star_white_24dp);
        } else {
            menu.findItem(R.id.action_mark_card).setTitle(R.string.menu_mark_note).setIcon(R.drawable.ic_star_outline_white_24dp);
        }
        if (mCurrentCard != null) {
            switch (mCurrentCard.getUserFlag()) {
            case 1:
                menu.findItem(R.id.action_flag).setIcon(R.drawable.ic_flag_red);
                break;
            case 2:
                menu.findItem(R.id.action_flag).setIcon(R.drawable.ic_flag_orange);
                break;
            case 3:
                menu.findItem(R.id.action_flag).setIcon(R.drawable.ic_flag_green);
                break;
            case 4:
                menu.findItem(R.id.action_flag).setIcon(R.drawable.ic_flag_blue);
                break;
            default:
                menu.findItem(R.id.action_flag).setIcon(R.drawable.ic_flag_transparent);
                break;
            }
        }
        if (mShowWhiteboard && mWhiteboard != null && mWhiteboard.undoSize() > 0) {
            // Whiteboard undo queue non-empty. Switch the undo icon to a whiteboard specific one.
            menu.findItem(R.id.action_undo).setIcon(R.drawable.ic_eraser_variant_white_24dp);
        } else if (mShowWhiteboard && mWhiteboard != null && mWhiteboard.isUndoModeActive()) {
            // Whiteboard undo queue empty, but user has added strokes to it for current card. Disable undo button.
            menu.findItem(R.id.action_undo).setIcon(R.drawable.ic_eraser_variant_white_24dp);
            menu.findItem(R.id.action_undo).setEnabled(false).getIcon().setAlpha(Themes.ALPHA_ICON_DISABLED_LIGHT);
        } else if (colIsOpen() && getCol().undoAvailable()) {
            menu.findItem(R.id.action_undo).setIcon(R.drawable.ic_undo_white_24dp);
        } else {
            menu.findItem(R.id.action_undo).setIcon(R.drawable.ic_undo_white_24dp);
            menu.findItem(R.id.action_undo).setEnabled(false).getIcon().setAlpha(Themes.ALPHA_ICON_DISABLED_LIGHT);
        }
        if (mPrefWhiteboard) {
            // Configure the whiteboard related items in the action bar
            menu.findItem(R.id.action_enable_whiteboard).setTitle(R.string.disable_whiteboard);
            if (!mActionButtons.getStatus().hideWhiteboardIsDisabled()) {
                menu.findItem(R.id.action_hide_whiteboard).setVisible(true);
            }
            if (!mActionButtons.getStatus().clearWhiteboardIsDisabled()) {
                menu.findItem(R.id.action_clear_whiteboard).setVisible(true);
            }
            Drawable whiteboardIcon = ContextCompat.getDrawable(this, R.drawable.ic_gesture_white_24dp);
            if (mShowWhiteboard) {
                whiteboardIcon.setAlpha(255);
                menu.findItem(R.id.action_hide_whiteboard).setIcon(whiteboardIcon);
                menu.findItem(R.id.action_hide_whiteboard).setTitle(R.string.hide_whiteboard);
            } else {
                whiteboardIcon.setAlpha(77);
                menu.findItem(R.id.action_hide_whiteboard).setIcon(whiteboardIcon);
                menu.findItem(R.id.action_hide_whiteboard).setTitle(R.string.show_whiteboard);
            }
        } else {
            menu.findItem(R.id.action_enable_whiteboard).setTitle(R.string.enable_whiteboard);
        }
        if (colIsOpen() && getCol().getDecks().isDyn(getParentDid())) {
            menu.findItem(R.id.action_open_deck_options).setVisible(false);
        }
        if (mSpeakText && !mActionButtons.getStatus().selectTtsIsDisabled()) {
            menu.findItem(R.id.action_select_tts).setVisible(true);
        }
        // Setup bury / suspend providers
        MenuItemCompat.setActionProvider(menu.findItem(R.id.action_suspend), new SuspendProvider(this));
        MenuItemCompat.setActionProvider(menu.findItem(R.id.action_bury), new BuryProvider(this));
        if (suspendNoteAvailable()) {
            menu.findItem(R.id.action_suspend).setIcon(R.drawable.ic_action_suspend_dropdown);
            menu.findItem(R.id.action_suspend).setTitle(R.string.menu_suspend);
        } else {
            menu.findItem(R.id.action_suspend).setIcon(R.drawable.ic_action_suspend);
            menu.findItem(R.id.action_suspend).setTitle(R.string.menu_suspend_card);
        }
        if (buryNoteAvailable()) {
            menu.findItem(R.id.action_bury).setIcon(R.drawable.ic_flip_to_back_white_24px_dropdown);
            menu.findItem(R.id.action_bury).setTitle(R.string.menu_bury);
        } else {
            menu.findItem(R.id.action_bury).setIcon(R.drawable.ic_flip_to_back_white_24dp);
            menu.findItem(R.id.action_bury).setTitle(R.string.menu_bury_card);
        }
        MenuItemCompat.setActionProvider(menu.findItem(R.id.action_schedule), new ScheduleProvider(this));
        return super.onCreateOptionsMenu(menu);
    }","    public boolean onCreateOptionsMenu(Menu menu) {
        // NOTE: This is called every time a new question is shown via invalidate options menu
        getMenuInflater().inflate(R.menu.reviewer, menu);
        mActionButtons.setCustomButtonsStatus(menu);
        if (mCurrentCard != null && mCurrentCard.note().hasTag(""marked"")) {
            menu.findItem(R.id.action_mark_card).setTitle(R.string.menu_unmark_note).setIcon(R.drawable.ic_star_white_24dp);
        } else {
            menu.findItem(R.id.action_mark_card).setTitle(R.string.menu_mark_note).setIcon(R.drawable.ic_star_outline_white_24dp);
        }
        if (mCurrentCard != null) {
            switch (mCurrentCard.getUserFlag()) {
            case 1:
                menu.findItem(R.id.action_flag).setIcon(R.drawable.ic_flag_red);
                break;
            case 2:
                menu.findItem(R.id.action_flag).setIcon(R.drawable.ic_flag_orange);
                break;
            case 3:
                menu.findItem(R.id.action_flag).setIcon(R.drawable.ic_flag_green);
                break;
            case 4:
                menu.findItem(R.id.action_flag).setIcon(R.drawable.ic_flag_blue);
                break;
            default:
                menu.findItem(R.id.action_flag).setIcon(R.drawable.ic_flag_transparent);
                break;
            }
        }
        if (mShowWhiteboard && mWhiteboard != null && mWhiteboard.undoSize() > 0) {
            // Whiteboard undo queue non-empty. Switch the undo icon to a whiteboard specific one.
            menu.findItem(R.id.action_undo).setIcon(R.drawable.ic_eraser_variant_white_24dp);
            menu.findItem(R.id.action_undo).setEnabled(true).getIcon().setAlpha(Themes.ALPHA_ICON_ENABLED_LIGHT);
        } else if (mShowWhiteboard && mWhiteboard != null && mWhiteboard.isUndoModeActive()) {
            // Whiteboard undo queue empty, but user has added strokes to it for current card. Disable undo button.
            menu.findItem(R.id.action_undo).setIcon(R.drawable.ic_eraser_variant_white_24dp);
            menu.findItem(R.id.action_undo).setEnabled(false).getIcon().setAlpha(Themes.ALPHA_ICON_DISABLED_LIGHT);
        } else if (colIsOpen() && getCol().undoAvailable()) {
            menu.findItem(R.id.action_undo).setIcon(R.drawable.ic_undo_white_24dp);
            menu.findItem(R.id.action_undo).setEnabled(true).getIcon().setAlpha(Themes.ALPHA_ICON_ENABLED_LIGHT);
        } else {
            menu.findItem(R.id.action_undo).setIcon(R.drawable.ic_undo_white_24dp);
            menu.findItem(R.id.action_undo).setEnabled(false).getIcon().setAlpha(Themes.ALPHA_ICON_DISABLED_LIGHT);
        }
        if (mPrefWhiteboard) {
            // Configure the whiteboard related items in the action bar
            menu.findItem(R.id.action_enable_whiteboard).setTitle(R.string.disable_whiteboard);
            if (!mActionButtons.getStatus().hideWhiteboardIsDisabled()) {
                menu.findItem(R.id.action_hide_whiteboard).setVisible(true);
            }
            if (!mActionButtons.getStatus().clearWhiteboardIsDisabled()) {
                menu.findItem(R.id.action_clear_whiteboard).setVisible(true);
            }
            Drawable whiteboardIcon = ContextCompat.getDrawable(this, R.drawable.ic_gesture_white_24dp);
            if (mShowWhiteboard) {
                whiteboardIcon.setAlpha(255);
                menu.findItem(R.id.action_hide_whiteboard).setIcon(whiteboardIcon);
                menu.findItem(R.id.action_hide_whiteboard).setTitle(R.string.hide_whiteboard);
            } else {
                whiteboardIcon.setAlpha(77);
                menu.findItem(R.id.action_hide_whiteboard).setIcon(whiteboardIcon);
                menu.findItem(R.id.action_hide_whiteboard).setTitle(R.string.show_whiteboard);
            }
        } else {
            menu.findItem(R.id.action_enable_whiteboard).setTitle(R.string.enable_whiteboard);
        }
        if (colIsOpen() && getCol().getDecks().isDyn(getParentDid())) {
            menu.findItem(R.id.action_open_deck_options).setVisible(false);
        }
        if (mSpeakText && !mActionButtons.getStatus().selectTtsIsDisabled()) {
            menu.findItem(R.id.action_select_tts).setVisible(true);
        }
        // Setup bury / suspend providers
        MenuItemCompat.setActionProvider(menu.findItem(R.id.action_suspend), new SuspendProvider(this));
        MenuItemCompat.setActionProvider(menu.findItem(R.id.action_bury), new BuryProvider(this));
        if (suspendNoteAvailable()) {
            menu.findItem(R.id.action_suspend).setIcon(R.drawable.ic_action_suspend_dropdown);
            menu.findItem(R.id.action_suspend).setTitle(R.string.menu_suspend);
        } else {
            menu.findItem(R.id.action_suspend).setIcon(R.drawable.ic_action_suspend);
            menu.findItem(R.id.action_suspend).setTitle(R.string.menu_suspend_card);
        }
        if (buryNoteAvailable()) {
            menu.findItem(R.id.action_bury).setIcon(R.drawable.ic_flip_to_back_white_24px_dropdown);
            menu.findItem(R.id.action_bury).setTitle(R.string.menu_bury);
        } else {
            menu.findItem(R.id.action_bury).setIcon(R.drawable.ic_flip_to_back_white_24dp);
            menu.findItem(R.id.action_bury).setTitle(R.string.menu_bury_card);
        }
        MenuItemCompat.setActionProvider(menu.findItem(R.id.action_schedule), new ScheduleProvider(this));
        return super.onCreateOptionsMenu(menu);
    }","    public boolean onCreateOptionsMenu(Menu menu) {
        // NOTE: This is called every time a new question is shown via invalidate options menu
        getMenuInflater().inflate(R.menu.reviewer, menu);
        mActionButtons.setCustomButtonsStatus(menu);
        if (mCurrentCard != null && mCurrentCard.note().hasTag(""marked"")) {
            menu.findItem(R.id.action_mark_card).setTitle(R.string.menu_unmark_note).setIcon(R.drawable.ic_star_white_24dp);
        } else {
            menu.findItem(R.id.action_mark_card).setTitle(R.string.menu_mark_note).setIcon(R.drawable.ic_star_outline_white_24dp);
        }
        if (mCurrentCard != null) {
            switch (mCurrentCard.getUserFlag()) {
            case 1:
                menu.findItem(R.id.action_flag).setIcon(R.drawable.ic_flag_red);
                break;
            case 2:
                menu.findItem(R.id.action_flag).setIcon(R.drawable.ic_flag_orange);
                break;
            case 3:
                menu.findItem(R.id.action_flag).setIcon(R.drawable.ic_flag_green);
                break;
            case 4:
                menu.findItem(R.id.action_flag).setIcon(R.drawable.ic_flag_blue);
                break;
            default:
                menu.findItem(R.id.action_flag).setIcon(R.drawable.ic_flag_transparent);
                break;
            }
        }
        if (mShowWhiteboard && mWhiteboard != null && mWhiteboard.undoSize() > 0) {
            // Whiteboard undo queue non-empty. Switch the undo icon to a whiteboard specific one.
            menu.findItem(R.id.action_undo).setIcon(R.drawable.ic_eraser_variant_white_24dp);
+          menu.findItem(R.id.action_undo).setEnabled(true).getIcon().setAlpha(Themes.ALPHA_ICON_ENABLED_LIGHT);
        } else if (mShowWhiteboard && mWhiteboard != null && mWhiteboard.isUndoModeActive()) {
            // Whiteboard undo queue empty, but user has added strokes to it for current card. Disable undo button.
            menu.findItem(R.id.action_undo).setIcon(R.drawable.ic_eraser_variant_white_24dp);
            menu.findItem(R.id.action_undo).setEnabled(false).getIcon().setAlpha(Themes.ALPHA_ICON_DISABLED_LIGHT);
        } else if (colIsOpen() && getCol().undoAvailable()) {
            menu.findItem(R.id.action_undo).setIcon(R.drawable.ic_undo_white_24dp);
+          menu.findItem(R.id.action_undo).setEnabled(true).getIcon().setAlpha(Themes.ALPHA_ICON_ENABLED_LIGHT);
        } else {
            menu.findItem(R.id.action_undo).setIcon(R.drawable.ic_undo_white_24dp);
            menu.findItem(R.id.action_undo).setEnabled(false).getIcon().setAlpha(Themes.ALPHA_ICON_DISABLED_LIGHT);
        }
        if (mPrefWhiteboard) {
            // Configure the whiteboard related items in the action bar
            menu.findItem(R.id.action_enable_whiteboard).setTitle(R.string.disable_whiteboard);
            if (!mActionButtons.getStatus().hideWhiteboardIsDisabled()) {
                menu.findItem(R.id.action_hide_whiteboard).setVisible(true);
            }
            if (!mActionButtons.getStatus().clearWhiteboardIsDisabled()) {
                menu.findItem(R.id.action_clear_whiteboard).setVisible(true);
            }
            Drawable whiteboardIcon = ContextCompat.getDrawable(this, R.drawable.ic_gesture_white_24dp);
            if (mShowWhiteboard) {
                whiteboardIcon.setAlpha(255);
                menu.findItem(R.id.action_hide_whiteboard).setIcon(whiteboardIcon);
                menu.findItem(R.id.action_hide_whiteboard).setTitle(R.string.hide_whiteboard);
            } else {
                whiteboardIcon.setAlpha(77);
                menu.findItem(R.id.action_hide_whiteboard).setIcon(whiteboardIcon);
                menu.findItem(R.id.action_hide_whiteboard).setTitle(R.string.show_whiteboard);
            }
        } else {
            menu.findItem(R.id.action_enable_whiteboard).setTitle(R.string.enable_whiteboard);
        }
        if (colIsOpen() && getCol().getDecks().isDyn(getParentDid())) {
            menu.findItem(R.id.action_open_deck_options).setVisible(false);
        }
        if (mSpeakText && !mActionButtons.getStatus().selectTtsIsDisabled()) {
            menu.findItem(R.id.action_select_tts).setVisible(true);
        }
        // Setup bury / suspend providers
        MenuItemCompat.setActionProvider(menu.findItem(R.id.action_suspend), new SuspendProvider(this));
        MenuItemCompat.setActionProvider(menu.findItem(R.id.action_bury), new BuryProvider(this));
        if (suspendNoteAvailable()) {
            menu.findItem(R.id.action_suspend).setIcon(R.drawable.ic_action_suspend_dropdown);
            menu.findItem(R.id.action_suspend).setTitle(R.string.menu_suspend);
        } else {
            menu.findItem(R.id.action_suspend).setIcon(R.drawable.ic_action_suspend);
            menu.findItem(R.id.action_suspend).setTitle(R.string.menu_suspend_card);
        }
        if (buryNoteAvailable()) {
            menu.findItem(R.id.action_bury).setIcon(R.drawable.ic_flip_to_back_white_24px_dropdown);
            menu.findItem(R.id.action_bury).setTitle(R.string.menu_bury);
        } else {
            menu.findItem(R.id.action_bury).setIcon(R.drawable.ic_flip_to_back_white_24dp);
            menu.findItem(R.id.action_bury).setTitle(R.string.menu_bury_card);
        }
        MenuItemCompat.setActionProvider(menu.findItem(R.id.action_schedule), new ScheduleProvider(this));
        return super.onCreateOptionsMenu(menu);
    }","    public boolean onCreateOptionsMenu(Menu menu) {
        // NOTE: This is called every time a new question is shown via invalidate options menu
        getMenuInflater().inflate(R.menu.reviewer, menu);
        mActionButtons.setCustomButtonsStatus(menu);
        if (mCurrentCard != null && mCurrentCard.note().hasTag(""marked"")) {
            menu.findItem(R.id.action_mark_card).setTitle(R.string.menu_unmark_note).setIcon(R.drawable.ic_star_white_24dp);
        } else {
            menu.findItem(R.id.action_mark_card).setTitle(R.string.menu_mark_note).setIcon(R.drawable.ic_star_outline_white_24dp);
        }
        if (mCurrentCard != null) {
            switch (mCurrentCard.getUserFlag()) {
            case 1:
                menu.findItem(R.id.action_flag).setIcon(R.drawable.ic_flag_red);
                break;
            case 2:
                menu.findItem(R.id.action_flag).setIcon(R.drawable.ic_flag_orange);
                break;
            case 3:
                menu.findItem(R.id.action_flag).setIcon(R.drawable.ic_flag_green);
                break;
            case 4:
                menu.findItem(R.id.action_flag).setIcon(R.drawable.ic_flag_blue);
                break;
            default:
                menu.findItem(R.id.action_flag).setIcon(R.drawable.ic_flag_transparent);
                break;
            }
        }
        if (mShowWhiteboard && mWhiteboard != null && mWhiteboard.undoSize() > 0) {
            // Whiteboard undo queue non-empty. Switch the undo icon to a whiteboard specific one.
            menu.findItem(R.id.action_undo).setIcon(R.drawable.ic_eraser_variant_white_24dp);
            <Chunk_For_Modification>
        } else if (mShowWhiteboard && mWhiteboard != null && mWhiteboard.isUndoModeActive()) {
            // Whiteboard undo queue empty, but user has added strokes to it for current card. Disable undo button.
            menu.findItem(R.id.action_undo).setIcon(R.drawable.ic_eraser_variant_white_24dp);
            menu.findItem(R.id.action_undo).setEnabled(false).getIcon().setAlpha(Themes.ALPHA_ICON_DISABLED_LIGHT);
        } else if (colIsOpen() && getCol().undoAvailable()) {
            menu.findItem(R.id.action_undo).setIcon(R.drawable.ic_undo_white_24dp);
            <Chunk_For_Modification>
        } else {
            menu.findItem(R.id.action_undo).setIcon(R.drawable.ic_undo_white_24dp);
            menu.findItem(R.id.action_undo).setEnabled(false).getIcon().setAlpha(Themes.ALPHA_ICON_DISABLED_LIGHT);
        }
        if (mPrefWhiteboard) {
            // Configure the whiteboard related items in the action bar
            menu.findItem(R.id.action_enable_whiteboard).setTitle(R.string.disable_whiteboard);
            if (!mActionButtons.getStatus().hideWhiteboardIsDisabled()) {
                menu.findItem(R.id.action_hide_whiteboard).setVisible(true);
            }
            if (!mActionButtons.getStatus().clearWhiteboardIsDisabled()) {
                menu.findItem(R.id.action_clear_whiteboard).setVisible(true);
            }
            Drawable whiteboardIcon = ContextCompat.getDrawable(this, R.drawable.ic_gesture_white_24dp);
            if (mShowWhiteboard) {
                whiteboardIcon.setAlpha(255);
                menu.findItem(R.id.action_hide_whiteboard).setIcon(whiteboardIcon);
                menu.findItem(R.id.action_hide_whiteboard).setTitle(R.string.hide_whiteboard);
            } else {
                whiteboardIcon.setAlpha(77);
                menu.findItem(R.id.action_hide_whiteboard).setIcon(whiteboardIcon);
                menu.findItem(R.id.action_hide_whiteboard).setTitle(R.string.show_whiteboard);
            }
        } else {
            menu.findItem(R.id.action_enable_whiteboard).setTitle(R.string.enable_whiteboard);
        }
        if (colIsOpen() && getCol().getDecks().isDyn(getParentDid())) {
            menu.findItem(R.id.action_open_deck_options).setVisible(false);
        }
        if (mSpeakText && !mActionButtons.getStatus().selectTtsIsDisabled()) {
            menu.findItem(R.id.action_select_tts).setVisible(true);
        }
        // Setup bury / suspend providers
        MenuItemCompat.setActionProvider(menu.findItem(R.id.action_suspend), new SuspendProvider(this));
        MenuItemCompat.setActionProvider(menu.findItem(R.id.action_bury), new BuryProvider(this));
        if (suspendNoteAvailable()) {
            menu.findItem(R.id.action_suspend).setIcon(R.drawable.ic_action_suspend_dropdown);
            menu.findItem(R.id.action_suspend).setTitle(R.string.menu_suspend);
        } else {
            menu.findItem(R.id.action_suspend).setIcon(R.drawable.ic_action_suspend);
            menu.findItem(R.id.action_suspend).setTitle(R.string.menu_suspend_card);
        }
        if (buryNoteAvailable()) {
            menu.findItem(R.id.action_bury).setIcon(R.drawable.ic_flip_to_back_white_24px_dropdown);
            menu.findItem(R.id.action_bury).setTitle(R.string.menu_bury);
        } else {
            menu.findItem(R.id.action_bury).setIcon(R.drawable.ic_flip_to_back_white_24dp);
            menu.findItem(R.id.action_bury).setTitle(R.string.menu_bury_card);
        }
        MenuItemCompat.setActionProvider(menu.findItem(R.id.action_schedule), new ScheduleProvider(this));
        return super.onCreateOptionsMenu(menu);
    }","    public boolean onCreateOptionsMenu(Menu menu) {
        // NOTE: This is called every time a new question is shown via invalidate options menu
        getMenuInflater().inflate(R.menu.reviewer, menu);
        mActionButtons.setCustomButtonsStatus(menu);
        if (mCurrentCard != null && mCurrentCard.note().hasTag(""marked"")) {
            menu.findItem(R.id.action_mark_card).setTitle(R.string.menu_unmark_note).setIcon(R.drawable.ic_star_white_24dp);
        } else {
            menu.findItem(R.id.action_mark_card).setTitle(R.string.menu_mark_note).setIcon(R.drawable.ic_star_outline_white_24dp);
        }
        if (mCurrentCard != null) {
            switch (mCurrentCard.getUserFlag()) {
            case 1:
                menu.findItem(R.id.action_flag).setIcon(R.drawable.ic_flag_red);
                break;
            case 2:
                menu.findItem(R.id.action_flag).setIcon(R.drawable.ic_flag_orange);
                break;
            case 3:
                menu.findItem(R.id.action_flag).setIcon(R.drawable.ic_flag_green);
                break;
            case 4:
                menu.findItem(R.id.action_flag).setIcon(R.drawable.ic_flag_blue);
                break;
            default:
                menu.findItem(R.id.action_flag).setIcon(R.drawable.ic_flag_transparent);
                break;
            }
        }
        if (mShowWhiteboard && mWhiteboard != null && mWhiteboard.undoSize() > 0) {
            // Whiteboard undo queue non-empty. Switch the undo icon to a whiteboard specific one.
            menu.findItem(R.id.action_undo).setIcon(R.drawable.ic_eraser_variant_white_24dp);
            >>> [ INFILL ] <<<
        } else if (mShowWhiteboard && mWhiteboard != null && mWhiteboard.isUndoModeActive()) {
            // Whiteboard undo queue empty, but user has added strokes to it for current card. Disable undo button.
            menu.findItem(R.id.action_undo).setIcon(R.drawable.ic_eraser_variant_white_24dp);
            menu.findItem(R.id.action_undo).setEnabled(false).getIcon().setAlpha(Themes.ALPHA_ICON_DISABLED_LIGHT);
        } else if (colIsOpen() && getCol().undoAvailable()) {
            menu.findItem(R.id.action_undo).setIcon(R.drawable.ic_undo_white_24dp);
            >>> [ INFILL ] <<<
        } else {
            menu.findItem(R.id.action_undo).setIcon(R.drawable.ic_undo_white_24dp);
            menu.findItem(R.id.action_undo).setEnabled(false).getIcon().setAlpha(Themes.ALPHA_ICON_DISABLED_LIGHT);
        }
        if (mPrefWhiteboard) {
            // Configure the whiteboard related items in the action bar
            menu.findItem(R.id.action_enable_whiteboard).setTitle(R.string.disable_whiteboard);
            if (!mActionButtons.getStatus().hideWhiteboardIsDisabled()) {
                menu.findItem(R.id.action_hide_whiteboard).setVisible(true);
            }
            if (!mActionButtons.getStatus().clearWhiteboardIsDisabled()) {
                menu.findItem(R.id.action_clear_whiteboard).setVisible(true);
            }
            Drawable whiteboardIcon = ContextCompat.getDrawable(this, R.drawable.ic_gesture_white_24dp);
            if (mShowWhiteboard) {
                whiteboardIcon.setAlpha(255);
                menu.findItem(R.id.action_hide_whiteboard).setIcon(whiteboardIcon);
                menu.findItem(R.id.action_hide_whiteboard).setTitle(R.string.hide_whiteboard);
            } else {
                whiteboardIcon.setAlpha(77);
                menu.findItem(R.id.action_hide_whiteboard).setIcon(whiteboardIcon);
                menu.findItem(R.id.action_hide_whiteboard).setTitle(R.string.show_whiteboard);
            }
        } else {
            menu.findItem(R.id.action_enable_whiteboard).setTitle(R.string.enable_whiteboard);
        }
        if (colIsOpen() && getCol().getDecks().isDyn(getParentDid())) {
            menu.findItem(R.id.action_open_deck_options).setVisible(false);
        }
        if (mSpeakText && !mActionButtons.getStatus().selectTtsIsDisabled()) {
            menu.findItem(R.id.action_select_tts).setVisible(true);
        }
        // Setup bury / suspend providers
        MenuItemCompat.setActionProvider(menu.findItem(R.id.action_suspend), new SuspendProvider(this));
        MenuItemCompat.setActionProvider(menu.findItem(R.id.action_bury), new BuryProvider(this));
        if (suspendNoteAvailable()) {
            menu.findItem(R.id.action_suspend).setIcon(R.drawable.ic_action_suspend_dropdown);
            menu.findItem(R.id.action_suspend).setTitle(R.string.menu_suspend);
        } else {
            menu.findItem(R.id.action_suspend).setIcon(R.drawable.ic_action_suspend);
            menu.findItem(R.id.action_suspend).setTitle(R.string.menu_suspend_card);
        }
        if (buryNoteAvailable()) {
            menu.findItem(R.id.action_bury).setIcon(R.drawable.ic_flip_to_back_white_24px_dropdown);
            menu.findItem(R.id.action_bury).setTitle(R.string.menu_bury);
        } else {
            menu.findItem(R.id.action_bury).setIcon(R.drawable.ic_flip_to_back_white_24dp);
            menu.findItem(R.id.action_bury).setTitle(R.string.menu_bury_card);
        }
        MenuItemCompat.setActionProvider(menu.findItem(R.id.action_schedule), new ScheduleProvider(this));
        return super.onCreateOptionsMenu(menu);
    }",,,,,,1,1,2,0
realbug-1146-updateFilterView,realbug-1146-updateFilterView/GPSTest/src/main/java/com/android/gpstest/GpsStatusFragment.java,"Describe the bug
Stopping GNSS should clear the current filter text. Currently, the previously displayed text remains, which shows something like ""Showing 9 of 15 satellites (show all)""

To Reproduce
Steps to reproduce the behavior:

Filter a GNSS
Stop GNSS
Expected behavior
Filter text should disappear

Observed behavior
Filter text is still visible

App, Device and Android version:

Samsung Galaxy S8+ with Android 9","    private void updateFilterView() {
        Context c = getContext();
        if (c == null) {
            return;
        }
        Set<GnssType> filter = PreferenceUtils.getGnssFilter();
        if (filter.isEmpty()) {
            filterGroup.setVisibility(View.GONE);
            // Set num sats view back to normal
            mNumSats.setTypeface(null, Typeface.NORMAL);
        } else {
            // Show filter text
            filterGroup.setVisibility(View.VISIBLE);
            filterTextView.setText(c.getString(R.string.filter_text, svVisibleCount, svCount));
            // Set num sats view to italics to match filter text
            mNumSats.setTypeface(mNumSats.getTypeface(), Typeface.ITALIC);
        }
    }","    private void updateFilterView() {
        Context c = getContext();
        if (c == null) {
            return;
        }
        Set<GnssType> filter = PreferenceUtils.getGnssFilter();
        if ((GpsTestActivity.getInstance() != null && !GpsTestActivity.getInstance().mStarted) || filter.isEmpty()) {
            filterGroup.setVisibility(View.GONE);
            // Set num sats view back to normal
            mNumSats.setTypeface(null, Typeface.NORMAL);
        } else {
            // Show filter text
            filterGroup.setVisibility(View.VISIBLE);
            filterTextView.setText(c.getString(R.string.filter_text, svVisibleCount, svCount));
            // Set num sats view to italics to match filter text
            mNumSats.setTypeface(mNumSats.getTypeface(), Typeface.ITALIC);
        }
    }","    private void updateFilterView() {
        Context c = getContext();
        if (c == null) {
            return;
        }
        Set<GnssType> filter = PreferenceUtils.getGnssFilter();
-       if (filter.isEmpty()) {
+      if ((GpsTestActivity.getInstance() != null && !GpsTestActivity.getInstance().mStarted) || filter.isEmpty()) {
            filterGroup.setVisibility(View.GONE);
            // Set num sats view back to normal
            mNumSats.setTypeface(null, Typeface.NORMAL);
        } else {
            // Show filter text
            filterGroup.setVisibility(View.VISIBLE);
            filterTextView.setText(c.getString(R.string.filter_text, svVisibleCount, svCount));
            // Set num sats view to italics to match filter text
            mNumSats.setTypeface(mNumSats.getTypeface(), Typeface.ITALIC);
        }
    }","    private void updateFilterView() {
        Context c = getContext();
        if (c == null) {
            return;
        }
        Set<GnssType> filter = PreferenceUtils.getGnssFilter();
        <Chunk_For_Modification>
            filterGroup.setVisibility(View.GONE);
            // Set num sats view back to normal
            mNumSats.setTypeface(null, Typeface.NORMAL);
        } else {
            // Show filter text
            filterGroup.setVisibility(View.VISIBLE);
            filterTextView.setText(c.getString(R.string.filter_text, svVisibleCount, svCount));
            // Set num sats view to italics to match filter text
            mNumSats.setTypeface(mNumSats.getTypeface(), Typeface.ITALIC);
        }
    }","    private void updateFilterView() {
        Context c = getContext();
        if (c == null) {
            return;
        }
        Set<GnssType> filter = PreferenceUtils.getGnssFilter();
        >>> [ INFILL ] <<<
            filterGroup.setVisibility(View.GONE);
            // Set num sats view back to normal
            mNumSats.setTypeface(null, Typeface.NORMAL);
        } else {
            // Show filter text
            filterGroup.setVisibility(View.VISIBLE);
            filterTextView.setText(c.getString(R.string.filter_text, svVisibleCount, svCount));
            // Set num sats view to italics to match filter text
            mNumSats.setTypeface(mNumSats.getTypeface(), Typeface.ITALIC);
        }
    }",,,,,,1,1,1,1
realbug-1146-setStarted,realbug-1146-setStarted/GPSTest/src/main/java/com/android/gpstest/GpsStatusFragment.java,"Describe the bug
Stopping GNSS should clear the current filter text. Currently, the previously displayed text remains, which shows something like ""Showing 9 of 15 satellites (show all)""

To Reproduce
Steps to reproduce the behavior:

Filter a GNSS
Stop GNSS
Expected behavior
Filter text should disappear

Observed behavior
Filter text is still visible

App, Device and Android version:

Samsung Galaxy S8+ with Android 9","    private void setStarted(boolean navigating) {
        if (navigating != mNavigating) {
            if (!navigating) {
                mViewModel.reset();
                mLatitudeView.setText(EMPTY_LAT_LONG);
                mLongitudeView.setText(EMPTY_LAT_LONG);
                mFixTime = 0;
                updateFixTime();
                mTTFFView.setText("""");
                mAltitudeView.setText("""");
                mAltitudeMslView.setText("""");
                mHorVertAccuracyView.setText("""");
                mSpeedView.setText("""");
                mSpeedAccuracyView.setText("""");
                mBearingView.setText("""");
                mBearingAccuracyView.setText("""");
                mNumSats.setText("""");
                mPdopView.setText("""");
                mHvdopView.setText("""");

                svCount = 0;
                svVisibleCount = 0;
                mGnssStatus.clear();
                mSbasStatus.clear();
                mGnssAdapter.notifyDataSetChanged();
                mSbasAdapter.notifyDataSetChanged();
            }
            mNavigating = navigating;
        }
    }","    private void setStarted(boolean navigating) {
        if (navigating != mNavigating) {
            if (!navigating) {
                mViewModel.reset();
                mLatitudeView.setText(EMPTY_LAT_LONG);
                mLongitudeView.setText(EMPTY_LAT_LONG);
                mFixTime = 0;
                updateFixTime();
                updateFilterView();
                mTTFFView.setText("""");
                mAltitudeView.setText("""");
                mAltitudeMslView.setText("""");
                mHorVertAccuracyView.setText("""");
                mSpeedView.setText("""");
                mSpeedAccuracyView.setText("""");
                mBearingView.setText("""");
                mBearingAccuracyView.setText("""");
                mNumSats.setText("""");
                mPdopView.setText("""");
                mHvdopView.setText("""");

                svCount = 0;
                svVisibleCount = 0;
                mGnssStatus.clear();
                mSbasStatus.clear();
                mGnssAdapter.notifyDataSetChanged();
                mSbasAdapter.notifyDataSetChanged();
            }
            mNavigating = navigating;
        }
    }","    private void setStarted(boolean navigating) {
        if (navigating != mNavigating) {
            if (!navigating) {
                mViewModel.reset();
                mLatitudeView.setText(EMPTY_LAT_LONG);
                mLongitudeView.setText(EMPTY_LAT_LONG);
                mFixTime = 0;
                updateFixTime();
+              updateFilterView();
                mTTFFView.setText("""");
                mAltitudeView.setText("""");
                mAltitudeMslView.setText("""");
                mHorVertAccuracyView.setText("""");
                mSpeedView.setText("""");
                mSpeedAccuracyView.setText("""");
                mBearingView.setText("""");
                mBearingAccuracyView.setText("""");
                mNumSats.setText("""");
                mPdopView.setText("""");
                mHvdopView.setText("""");

                svCount = 0;
                svVisibleCount = 0;
                mGnssStatus.clear();
                mSbasStatus.clear();
                mGnssAdapter.notifyDataSetChanged();
                mSbasAdapter.notifyDataSetChanged();
            }
            mNavigating = navigating;
        }
    }","    private void setStarted(boolean navigating) {
        if (navigating != mNavigating) {
            if (!navigating) {
                mViewModel.reset();
                mLatitudeView.setText(EMPTY_LAT_LONG);
                mLongitudeView.setText(EMPTY_LAT_LONG);
                mFixTime = 0;
                updateFixTime();
                <Chunk_For_Modification>
                mTTFFView.setText("""");
                mAltitudeView.setText("""");
                mAltitudeMslView.setText("""");
                mHorVertAccuracyView.setText("""");
                mSpeedView.setText("""");
                mSpeedAccuracyView.setText("""");
                mBearingView.setText("""");
                mBearingAccuracyView.setText("""");
                mNumSats.setText("""");
                mPdopView.setText("""");
                mHvdopView.setText("""");

                svCount = 0;
                svVisibleCount = 0;
                mGnssStatus.clear();
                mSbasStatus.clear();
                mGnssAdapter.notifyDataSetChanged();
                mSbasAdapter.notifyDataSetChanged();
            }
            mNavigating = navigating;
        }
    }","    private void setStarted(boolean navigating) {
        if (navigating != mNavigating) {
            if (!navigating) {
                mViewModel.reset();
                mLatitudeView.setText(EMPTY_LAT_LONG);
                mLongitudeView.setText(EMPTY_LAT_LONG);
                mFixTime = 0;
                updateFixTime();
                >>> [ INFILL ] <<<
                mTTFFView.setText("""");
                mAltitudeView.setText("""");
                mAltitudeMslView.setText("""");
                mHorVertAccuracyView.setText("""");
                mSpeedView.setText("""");
                mSpeedAccuracyView.setText("""");
                mBearingView.setText("""");
                mBearingAccuracyView.setText("""");
                mNumSats.setText("""");
                mPdopView.setText("""");
                mHvdopView.setText("""");

                svCount = 0;
                svVisibleCount = 0;
                mGnssStatus.clear();
                mSbasStatus.clear();
                mGnssAdapter.notifyDataSetChanged();
                mSbasAdapter.notifyDataSetChanged();
            }
            mNavigating = navigating;
        }
    }",,,,,,1,,1,0
realbug-1299-onItemClick,realbug-1299-onItemClick/app/src/main/java/com/fieldbook/tracker/activities/ConfigActivity.java,"Describe the bug
Following exception occurs after importing a sample csv, going to Collect, and pressing the +1 button.

To Reproduce
Steps to reproduce the behavior:

Accept all permissions.
Press no to both dialogs.
Go to Fields, import local file field_sample.csv
Go back to Config activity
Go to Collect
Click any button (other than primary/secondary choice) on this page and the app crashes
Expected behavior
Doesn't crash.

Device Info (please complete the following information):
Tested on Pixel 2 AVD","            public void onItemClick(AdapterView<?> av, View arg1, int position, long arg3) {
                Intent intent = new Intent();
                switch (position) {
                    case 0:
                        intent.setClassName(ConfigActivity.this,
                                FieldEditorActivity.class.getName());
                        startActivity(intent);

                        break;
                    case 1:
                        intent.setClassName(ConfigActivity.this,
                                TraitEditorActivity.class.getName());
                        startActivity(intent);

                        break;
                    case 2:
                        if (!ep.getBoolean(""ImportFieldFinished"", false)) {
                            Utils.makeToast(getApplicationContext(),getString(R.string.warning_field_missing));
                            return;
                        }

                        collectDataFilePermission();
                        break;
                   case 3:
                        if (!ep.getBoolean(""ImportFieldFinished"", false)) {
                            Utils.makeToast(getApplicationContext(),getString(R.string.warning_field_missing));
                            return;
                        } else if (dt.getTraitColumnsAsString() == null) {
                            Utils.makeToast(getApplicationContext(),getString(R.string.warning_traits_missing));
                            return;
                        }

                        String exporter = ep.getString(""EXPORT_SOURCE_DEFAULT"", ""ask"");

                        switch (exporter) {
                            case ""ask"":
                                showExportDialog();
                                break;
                            case ""local"":
                                exportPermission();
                                break;
                            case ""brapi"":
                                exportBrAPI();
                                break;
                            default:
                                showExportDialog();
                                break;
                        }

                        break;
                    case 4:
                        intent.setClassName(ConfigActivity.this,
                                PreferencesActivity.class.getName());
                        startActivity(intent);
                        break;
                    case 5:
                        intent.setClassName(ConfigActivity.this,
                                AboutActivity.class.getName());
                        startActivity(intent);
                        break;
                }
            }","            public void onItemClick(AdapterView<?> av, View arg1, int position, long arg3) {
                Intent intent = new Intent();
                switch (position) {
                    case 0:
                        intent.setClassName(ConfigActivity.this,
                                FieldEditorActivity.class.getName());
                        startActivity(intent);

                        break;
                    case 1:
                        intent.setClassName(ConfigActivity.this,
                                TraitEditorActivity.class.getName());
                        startActivity(intent);

                        break;
                    case 2:
                        if (!ep.getBoolean(""ImportFieldFinished"", false)) {
                            Utils.makeToast(getApplicationContext(),getString(R.string.warning_field_missing));
                            return;
                        } else if (dt.getTraitColumnsAsString() == null) {
                            Utils.makeToast(getApplicationContext(),getString(R.string.warning_traits_missing));
                            return;
                        }

                        collectDataFilePermission();
                        break;
                    case 3:
                        if (!ep.getBoolean(""ImportFieldFinished"", false)) {
                            Utils.makeToast(getApplicationContext(),getString(R.string.warning_field_missing));
                            return;
                        } else if (dt.getTraitColumnsAsString() == null) {
                            Utils.makeToast(getApplicationContext(),getString(R.string.warning_traits_missing));
                            return;
                        }

                        String exporter = ep.getString(""EXPORT_SOURCE_DEFAULT"", ""ask"");

                        switch (exporter) {
                            case ""ask"":
                                showExportDialog();
                                break;
                            case ""local"":
                                exportPermission();
                                break;
                            case ""brapi"":
                                exportBrAPI();
                                break;
                            default:
                                showExportDialog();
                                break;
                        }

                        break;
                    case 4:
                        intent.setClassName(ConfigActivity.this,
                                PreferencesActivity.class.getName());
                        startActivity(intent);
                        break;
                    case 5:
                        intent.setClassName(ConfigActivity.this,
                                AboutActivity.class.getName());
                        startActivity(intent);
                        break;
                }
            }","            public void onItemClick(AdapterView<?> av, View arg1, int position, long arg3) {
                Intent intent = new Intent();
                switch (position) {
                    case 0:
                        intent.setClassName(ConfigActivity.this,
                                FieldEditorActivity.class.getName());
                        startActivity(intent);

                        break;
                    case 1:
                        intent.setClassName(ConfigActivity.this,
                                TraitEditorActivity.class.getName());
                        startActivity(intent);

                        break;
                    case 2:
                        if (!ep.getBoolean(""ImportFieldFinished"", false)) {
                            Utils.makeToast(getApplicationContext(),getString(R.string.warning_field_missing));
                            return;
+                      } else if (dt.getTraitColumnsAsString() == null) {
+                          Utils.makeToast(getApplicationContext(),getString(R.string.warning_traits_missing));
+                          return;
                        }

                        collectDataFilePermission();
                        break;
                    case 3:
                        if (!ep.getBoolean(""ImportFieldFinished"", false)) {
                            Utils.makeToast(getApplicationContext(),getString(R.string.warning_field_missing));
                            return;
                        } else if (dt.getTraitColumnsAsString() == null) {
                            Utils.makeToast(getApplicationContext(),getString(R.string.warning_traits_missing));
                            return;
                        }

                        String exporter = ep.getString(""EXPORT_SOURCE_DEFAULT"", ""ask"");

                        switch (exporter) {
                            case ""ask"":
                                showExportDialog();
                                break;
                            case ""local"":
                                exportPermission();
                                break;
                            case ""brapi"":
                                exportBrAPI();
                                break;
                            default:
                                showExportDialog();
                                break;
                        }

                        break;
                    case 4:
                        intent.setClassName(ConfigActivity.this,
                                PreferencesActivity.class.getName());
                        startActivity(intent);
                        break;
                    case 5:
                        intent.setClassName(ConfigActivity.this,
                                AboutActivity.class.getName());
                        startActivity(intent);
                        break;
                }
            }","            public void onItemClick(AdapterView<?> av, View arg1, int position, long arg3) {
                Intent intent = new Intent();
                switch (position) {
                    case 0:
                        intent.setClassName(ConfigActivity.this,
                                FieldEditorActivity.class.getName());
                        startActivity(intent);

                        break;
                    case 1:
                        intent.setClassName(ConfigActivity.this,
                                TraitEditorActivity.class.getName());
                        startActivity(intent);

                        break;
                    case 2:
                        if (!ep.getBoolean(""ImportFieldFinished"", false)) {
                            Utils.makeToast(getApplicationContext(),getString(R.string.warning_field_missing));
                            return;
                        <Chunk_For_Modification>
                        }

                        collectDataFilePermission();
                        break;
                    case 3:
                        if (!ep.getBoolean(""ImportFieldFinished"", false)) {
                            Utils.makeToast(getApplicationContext(),getString(R.string.warning_field_missing));
                            return;
                        } else if (dt.getTraitColumnsAsString() == null) {
                            Utils.makeToast(getApplicationContext(),getString(R.string.warning_traits_missing));
                            return;
                        }

                        String exporter = ep.getString(""EXPORT_SOURCE_DEFAULT"", ""ask"");

                        switch (exporter) {
                            case ""ask"":
                                showExportDialog();
                                break;
                            case ""local"":
                                exportPermission();
                                break;
                            case ""brapi"":
                                exportBrAPI();
                                break;
                            default:
                                showExportDialog();
                                break;
                        }

                        break;
                    case 4:
                        intent.setClassName(ConfigActivity.this,
                                PreferencesActivity.class.getName());
                        startActivity(intent);
                        break;
                    case 5:
                        intent.setClassName(ConfigActivity.this,
                                AboutActivity.class.getName());
                        startActivity(intent);
                        break;
                }
            }","            public void onItemClick(AdapterView<?> av, View arg1, int position, long arg3) {
                Intent intent = new Intent();
                switch (position) {
                    case 0:
                        intent.setClassName(ConfigActivity.this,
                                FieldEditorActivity.class.getName());
                        startActivity(intent);

                        break;
                    case 1:
                        intent.setClassName(ConfigActivity.this,
                                TraitEditorActivity.class.getName());
                        startActivity(intent);

                        break;
                    case 2:
                        if (!ep.getBoolean(""ImportFieldFinished"", false)) {
                            Utils.makeToast(getApplicationContext(),getString(R.string.warning_field_missing));
                            return;
                         >>> [ INFILL ] <<<
                        }

                        collectDataFilePermission();
                        break;
                    case 3:
                        if (!ep.getBoolean(""ImportFieldFinished"", false)) {
                            Utils.makeToast(getApplicationContext(),getString(R.string.warning_field_missing));
                            return;
                        } else if (dt.getTraitColumnsAsString() == null) {
                            Utils.makeToast(getApplicationContext(),getString(R.string.warning_traits_missing));
                            return;
                        }

                        String exporter = ep.getString(""EXPORT_SOURCE_DEFAULT"", ""ask"");

                        switch (exporter) {
                            case ""ask"":
                                showExportDialog();
                                break;
                            case ""local"":
                                exportPermission();
                                break;
                            case ""brapi"":
                                exportBrAPI();
                                break;
                            default:
                                showExportDialog();
                                break;
                        }

                        break;
                    case 4:
                        intent.setClassName(ConfigActivity.this,
                                PreferencesActivity.class.getName());
                        startActivity(intent);
                        break;
                    case 5:
                        intent.setClassName(ConfigActivity.this,
                                AboutActivity.class.getName());
                        startActivity(intent);
                        break;
                }
            }",,,,,,0,1,3,0
realbug-1445-tripExists,realbug-1445-tripExists/android/app/src/main/java/com/cohenadair/anglerslog/model/Logbook.java,"Reproduction Steps

Create Trip
Edit Trip
Modify date
Press Save
Observe error","    public static boolean tripExists(Trip trip) {
        ArrayList<UserDefineObject> trips = getTrips();

        for (UserDefineObject object : trips)
            if (trip.overlapsTrip((Trip)object))
                return true;
        return false;
    }","    public static boolean tripExists(Trip trip) {
        ArrayList<UserDefineObject> trips = getTrips();

        for (UserDefineObject object : trips) {
            Trip tr = (Trip) object;
            if (!trip.getId().equals(tr.getId()) && trip.overlapsTrip((Trip) object)) {
                return true;
            }
        }

        return false;
    }","    public static boolean tripExists(Trip trip) {
        ArrayList<UserDefineObject> trips = getTrips();

        for (UserDefineObject object : trips) {
-           if (trip.overlapsTrip((Trip)object))
+          Trip tr = (Trip) object;
+          if (!trip.getId().equals(tr.getId()) && trip.overlapsTrip((Trip) object)) {
                return true;
+          }
       }

        return false;
    }","    public static boolean tripExists(Trip trip) {
        ArrayList<UserDefineObject> trips = getTrips();

        <Chunk_For_Modification>
                return true;
        <Chunk_For_Modification>

        return false;
    }","    public static boolean tripExists(Trip trip) {
        ArrayList<UserDefineObject> trips = getTrips();

        >>> [ INFILL ] <<<
                return true;
        >>> [ INFILL ] <<<

        return false;
    }",,,,,,1,1,3,1
realbug-1563-loadDirectory,realbug-1563-loadDirectory/app/src/main/java/io/lerk/lrkFM/activities/FileActivity.java,"Describe the bug
When reloading the current directory after completing a file operation, the list scrolls to the top (obviously because it's reinitialized). We need to save the scroll position before triggering a reload/save it on scroll/after scroll?

To Reproduce
Steps to reproduce the behavior:

Go to any folder with a long enough list to scroll
Mark any file at the bottom for any operation
Scroll moves back up
Expected behavior
Current scroll position should be preserved.

App Info:

Android Version: 9
Version: 1.9","    private void loadDirectory(String path) {
        ArrayList<FMFile> files;
        FileLoader fileLoader = new FileLoader(path);
        View errorText = findViewById(R.id.unableToLoadText);
        View emptyText = findViewById(R.id.emptyDirText);
        try {
            files = fileLoader.loadLocationFiles();
            fileListView.setVisibility(VISIBLE);
            errorText.setVisibility(GONE);
            emptyText.setVisibility(GONE);

            arrayAdapter = new FileArrayAdapter(this, R.layout.layout_file, sortFilesByPreference(files, new PrefUtils<String>(SORT_FILES_BY).getValue()));
            fileListView.setAdapter(arrayAdapter);

        } catch (NoAccessException e) {
            Log.w(TAG, ""Can't read '"" + path + ""': Permission denied!"");
            fileListView.setVisibility(GONE);
            errorText.setVisibility(VISIBLE);
            emptyText.setVisibility(GONE);
        } catch (EmptyDirectoryException e) {
            Log.w(TAG, ""Can't read '"" + path + ""': Empty directory!"");
            fileListView.setVisibility(GONE);
            errorText.setVisibility(GONE);
            emptyText.setVisibility(VISIBLE);
        }
        currentDirectory = path;

        HistoryEntry entry = historyMap.get(historyCounter);
        if (entry != null && !entry.getPath().equals(currentDirectory)) {
            historyMap.put(historyCounter++, new HistoryEntry(currentDirectory, null));
        }
        setToolbarText();
        setFreeSpaceText();
    }","    private void loadDirectory(String path) {
        ArrayList<FMFile> files;
        FileLoader fileLoader = new FileLoader(path);
        View errorText = findViewById(R.id.unableToLoadText);
        View emptyText = findViewById(R.id.emptyDirText);
        try {
            files = fileLoader.loadLocationFiles();
            fileListView.setVisibility(VISIBLE);
            errorText.setVisibility(GONE);
            emptyText.setVisibility(GONE);


            if (arrayAdapter == null || !currentDirectory.equals(path)) { // only keep scroll position when refreshing current folder
                arrayAdapter = new FileArrayAdapter(this, R.layout.layout_file, sortFilesByPreference(files, new PrefUtils<String>(SORT_FILES_BY).getValue()));
                fileListView.setAdapter(arrayAdapter);
            } else {
                ((BaseArrayAdapter) fileListView.getAdapter()).clear();
                ((BaseArrayAdapter) fileListView.getAdapter()).addAll(files);
                ((BaseArrayAdapter) fileListView.getAdapter()).notifyDataSetChanged();
            }
        } catch (NoAccessException e) {
            Log.w(TAG, ""Can't read '"" + path + ""': Permission denied!"");
            fileListView.setVisibility(GONE);
            errorText.setVisibility(VISIBLE);
            emptyText.setVisibility(GONE);
        } catch (EmptyDirectoryException e) {
            Log.w(TAG, ""Can't read '"" + path + ""': Empty directory!"");
            fileListView.setVisibility(GONE);
            errorText.setVisibility(GONE);
            emptyText.setVisibility(VISIBLE);
        }
        currentDirectory = path;

        HistoryEntry entry = historyMap.get(historyCounter);
        if (entry != null && !entry.getPath().equals(currentDirectory)) {
            historyMap.put(historyCounter++, new HistoryEntry(currentDirectory, null));
        }
        setToolbarText();
        setFreeSpaceText();
    }","    private void loadDirectory(String path) {
        ArrayList<FMFile> files;
        FileLoader fileLoader = new FileLoader(path);
        View errorText = findViewById(R.id.unableToLoadText);
        View emptyText = findViewById(R.id.emptyDirText);
        try {
            files = fileLoader.loadLocationFiles();
            fileListView.setVisibility(VISIBLE);
            errorText.setVisibility(GONE);
            emptyText.setVisibility(GONE);

-           arrayAdapter = new FileArrayAdapter(this, R.layout.layout_file, sortFilesByPreference(files, new PrefUtils<String>(SORT_FILES_BY).getValue()));
-           fileListView.setAdapter(arrayAdapter);


+          if (arrayAdapter == null || !currentDirectory.equals(path)) { // only keep scroll position when refreshing current folder
+              arrayAdapter = new FileArrayAdapter(this, R.layout.layout_file, sortFilesByPreference(files, new PrefUtils<String>(SORT_FILES_BY).getValue()));
+              fileListView.setAdapter(arrayAdapter);
+          } else {
+              ((BaseArrayAdapter) fileListView.getAdapter()).clear();
+              ((BaseArrayAdapter) fileListView.getAdapter()).addAll(files);
+              ((BaseArrayAdapter) fileListView.getAdapter()).notifyDataSetChanged();
+          }
        } catch (NoAccessException e) {
            Log.w(TAG, ""Can't read '"" + path + ""': Permission denied!"");
            fileListView.setVisibility(GONE);
            errorText.setVisibility(VISIBLE);
            emptyText.setVisibility(GONE);
        } catch (EmptyDirectoryException e) {
            Log.w(TAG, ""Can't read '"" + path + ""': Empty directory!"");
            fileListView.setVisibility(GONE);
            errorText.setVisibility(GONE);
            emptyText.setVisibility(VISIBLE);
        }
        currentDirectory = path;

        HistoryEntry entry = historyMap.get(historyCounter);
        if (entry != null && !entry.getPath().equals(currentDirectory)) {
            historyMap.put(historyCounter++, new HistoryEntry(currentDirectory, null));
        }
        setToolbarText();
        setFreeSpaceText();
    }","    private void loadDirectory(String path) {
        ArrayList<FMFile> files;
        FileLoader fileLoader = new FileLoader(path);
        View errorText = findViewById(R.id.unableToLoadText);
        View emptyText = findViewById(R.id.emptyDirText);
        try {
            files = fileLoader.loadLocationFiles();
            fileListView.setVisibility(VISIBLE);
            errorText.setVisibility(GONE);
            emptyText.setVisibility(GONE);

            <Chunk_For_Modification>
        } catch (NoAccessException e) {
            Log.w(TAG, ""Can't read '"" + path + ""': Permission denied!"");
            fileListView.setVisibility(GONE);
            errorText.setVisibility(VISIBLE);
            emptyText.setVisibility(GONE);
        } catch (EmptyDirectoryException e) {
            Log.w(TAG, ""Can't read '"" + path + ""': Empty directory!"");
            fileListView.setVisibility(GONE);
            errorText.setVisibility(GONE);
            emptyText.setVisibility(VISIBLE);
        }
        currentDirectory = path;

        HistoryEntry entry = historyMap.get(historyCounter);
        if (entry != null && !entry.getPath().equals(currentDirectory)) {
            historyMap.put(historyCounter++, new HistoryEntry(currentDirectory, null));
        }
        setToolbarText();
        setFreeSpaceText();
    }","    private void loadDirectory(String path) {
        ArrayList<FMFile> files;
        FileLoader fileLoader = new FileLoader(path);
        View errorText = findViewById(R.id.unableToLoadText);
        View emptyText = findViewById(R.id.emptyDirText);
        try {
            files = fileLoader.loadLocationFiles();
            fileListView.setVisibility(VISIBLE);
            errorText.setVisibility(GONE);
            emptyText.setVisibility(GONE);

            >>> [ INFILL ] <<<
        } catch (NoAccessException e) {
            Log.w(TAG, ""Can't read '"" + path + ""': Permission denied!"");
            fileListView.setVisibility(GONE);
            errorText.setVisibility(VISIBLE);
            emptyText.setVisibility(GONE);
        } catch (EmptyDirectoryException e) {
            Log.w(TAG, ""Can't read '"" + path + ""': Empty directory!"");
            fileListView.setVisibility(GONE);
            errorText.setVisibility(GONE);
            emptyText.setVisibility(VISIBLE);
        }
        currentDirectory = path;

        HistoryEntry entry = historyMap.get(historyCounter);
        if (entry != null && !entry.getPath().equals(currentDirectory)) {
            historyMap.put(historyCounter++, new HistoryEntry(currentDirectory, null));
        }
        setToolbarText();
        setFreeSpaceText();
    }",,,,,,1,1,8,2
realbug-1568-addCreateZipToMenu,realbug-1568-addCreateZipToMenu/app/src/main/java/io/lerk/lrkFM/activities/file/ContextMenuUtil.java,"Describe the bug
The bug seems to appear when quickly changing multiple checkboxes.

To Reproduce
Steps to reproduce the behavior:

Go to any folder with multiple contents
Click on the checkboxes
Deselect some of the checkboxes
Crash
Expected behavior
Checkboxes should be selected and deselected as usual.

Smartphone:

Device: Pixel 3
OS: Android 10 (blueline)
Version 51 (2.3.0)","    private void addCreateZipToMenu(FMFile f, ContextMenu menu) {

        EditablePair<Operation, ArrayList<FMFile>> fileOpContext = activity.getFileOpContext();

        boolean zipFileReady = fileOpContext.getFirst().equals(CREATE_ZIP) && fileOpContext.getSecond().size() >= 1;

        menu.add(0, ID_ADD_TO_ZIP, 0, (zipFileReady) ? activity.getString(R.string.add_to_zip) : activity.getString(R.string.new_zip_file)).setOnMenuItemClickListener(item -> {
            activity.addFileToOpContext(CREATE_ZIP, f);
            if (new Pref<Boolean>(USE_CONTEXT_FOR_OPS_TOAST).getValue()) {
                Toast.makeText(activity, activity.getString(R.string.file_added_to_context) + f.getName(), LENGTH_SHORT).show();
            }
            activity.reloadCurrentDirectory();
            return true;
        });

        if (zipFileReady) {
            menu.add(0, ID_CREATE_ZIP, 0, activity.getString(R.string.create_zip_file)).setOnMenuItemClickListener(item -> {
                if (fileOpContext.getFirst().equals(CREATE_ZIP)) {
                    AlertDialog alertDialog = arrayAdapter.getGenericFileOpDialog(
                            R.string.create_zip_file,
                            R.string.op_destination,
                            R.drawable.ic_archive_black_24dp,
                            R.layout.layout_name_prompt,
                            (d) -> {
                                String tmpName;
                                EditText editText = d.findViewById(R.id.destinationName);
                                tmpName = editText.getText().toString();
                                if (tmpName.isEmpty() || tmpName.startsWith(""/"")) {
                                    Toast.makeText(activity, R.string.err_invalid_input_zip, LENGTH_SHORT).show();
                                    tmpName = null;
                                } else if (!tmpName.endsWith("".zip"")) {
                                    tmpName = tmpName + "".zip"";
                                }

                                File destination = new File(activity.getCurrentDirectory() + ""/"" + tmpName);
                                if (destination.exists()) {
                                    AlertDialog.Builder builder = FileOperationTask.getFileExistsDialogBuilder(activity);
                                    builder.setOnDismissListener(dialogInterface -> new ArchiveCreationTask(activity, fileOpContext.getSecond(), destination, success -> {
                                        activity.clearFileOpCache();
                                        activity.reloadCurrentDirectory();
                                        if (!success) {
                                            Toast.makeText(activity, R.string.unable_to_create_zip_file, Toast.LENGTH_LONG).show();
                                        }
                                    }).execute()).show();
                                } else {
                                    new ArchiveCreationTask(activity, fileOpContext.getSecond(), destination, success -> {
                                        activity.clearFileOpCache();
                                        activity.reloadCurrentDirectory();
                                        if (!success) {
                                            Toast.makeText(activity, R.string.unable_to_create_zip_file, Toast.LENGTH_LONG).show();
                                        }
                                    }).execute();
                                }
                            },
                            (d) -> Log.i(TAG, ""Cancelled.""));
                    alertDialog.show();
                    activity.reloadCurrentDirectory();
                    return true;
                } else {
                    Log.e(TAG, ""Illegal operation mode. Expected "" + CREATE_ZIP + "" but was: "" + fileOpContext.getFirst());
                }
                return false;
            }).setVisible(fileOpContext.getFirst().equals(CREATE_ZIP));
        }
    }","    private void addCreateZipToMenu(FMFile f, ContextMenu menu) {

        EditablePair<Operation, CopyOnWriteArrayList<FMFile>> fileOpContext = activity.getFileOpContext();

        boolean zipFileReady = fileOpContext.getFirst().equals(CREATE_ZIP) && fileOpContext.getSecond().size() >= 1;

        menu.add(0, ID_ADD_TO_ZIP, 0, (zipFileReady) ? activity.getString(R.string.add_to_zip) : activity.getString(R.string.new_zip_file)).setOnMenuItemClickListener(item -> {
            activity.addFileToOpContext(CREATE_ZIP, f);
            if (new Pref<Boolean>(USE_CONTEXT_FOR_OPS_TOAST).getValue()) {
                Toast.makeText(activity, activity.getString(R.string.file_added_to_context) + f.getName(), LENGTH_SHORT).show();
            }
            activity.reloadCurrentDirectory();
            return true;
        });

        if (zipFileReady) {
            menu.add(0, ID_CREATE_ZIP, 0, activity.getString(R.string.create_zip_file)).setOnMenuItemClickListener(item -> {
                if (fileOpContext.getFirst().equals(CREATE_ZIP)) {
                    AlertDialog alertDialog = arrayAdapter.getGenericFileOpDialog(
                            R.string.create_zip_file,
                            R.string.op_destination,
                            R.drawable.ic_archive_black_24dp,
                            R.layout.layout_name_prompt,
                            (d) -> {
                                String tmpName;
                                EditText editText = d.findViewById(R.id.destinationName);
                                tmpName = editText.getText().toString();
                                if (tmpName.isEmpty() || tmpName.startsWith(""/"")) {
                                    Toast.makeText(activity, R.string.err_invalid_input_zip, LENGTH_SHORT).show();
                                    tmpName = null;
                                } else if (!tmpName.endsWith("".zip"")) {
                                    tmpName = tmpName + "".zip"";
                                }

                                File destination = new File(activity.getCurrentDirectory() + ""/"" + tmpName);
                                if (destination.exists()) {
                                    AlertDialog.Builder builder = FileOperationTask.getFileExistsDialogBuilder(activity);
                                    builder.setOnDismissListener(dialogInterface -> new ArchiveCreationTask(activity, fileOpContext.getSecond(), destination, success -> {
                                        activity.clearFileOpCache();
                                        activity.reloadCurrentDirectory();
                                        if (!success) {
                                            Toast.makeText(activity, R.string.unable_to_create_zip_file, Toast.LENGTH_LONG).show();
                                        }
                                    }).execute()).show();
                                } else {
                                    new ArchiveCreationTask(activity, fileOpContext.getSecond(), destination, success -> {
                                        activity.clearFileOpCache();
                                        activity.reloadCurrentDirectory();
                                        if (!success) {
                                            Toast.makeText(activity, R.string.unable_to_create_zip_file, Toast.LENGTH_LONG).show();
                                        }
                                    }).execute();
                                }
                            },
                            (d) -> Log.i(TAG, ""Cancelled.""));
                    alertDialog.show();
                    activity.reloadCurrentDirectory();
                    return true;
                } else {
                    Log.e(TAG, ""Illegal operation mode. Expected "" + CREATE_ZIP + "" but was: "" + fileOpContext.getFirst());
                }
                return false;
            }).setVisible(fileOpContext.getFirst().equals(CREATE_ZIP));
        }
    }","    private void addCreateZipToMenu(FMFile f, ContextMenu menu) {

-       EditablePair<Operation, ArrayList<FMFile>> fileOpContext = activity.getFileOpContext();
+      EditablePair<Operation, CopyOnWriteArrayList<FMFile>> fileOpContext = activity.getFileOpContext();

        boolean zipFileReady = fileOpContext.getFirst().equals(CREATE_ZIP) && fileOpContext.getSecond().size() >= 1;

        menu.add(0, ID_ADD_TO_ZIP, 0, (zipFileReady) ? activity.getString(R.string.add_to_zip) : activity.getString(R.string.new_zip_file)).setOnMenuItemClickListener(item -> {
            activity.addFileToOpContext(CREATE_ZIP, f);
            if (new Pref<Boolean>(USE_CONTEXT_FOR_OPS_TOAST).getValue()) {
                Toast.makeText(activity, activity.getString(R.string.file_added_to_context) + f.getName(), LENGTH_SHORT).show();
            }
            activity.reloadCurrentDirectory();
            return true;
        });

        if (zipFileReady) {
            menu.add(0, ID_CREATE_ZIP, 0, activity.getString(R.string.create_zip_file)).setOnMenuItemClickListener(item -> {
                if (fileOpContext.getFirst().equals(CREATE_ZIP)) {
                    AlertDialog alertDialog = arrayAdapter.getGenericFileOpDialog(
                            R.string.create_zip_file,
                            R.string.op_destination,
                            R.drawable.ic_archive_black_24dp,
                            R.layout.layout_name_prompt,
                            (d) -> {
                                String tmpName;
                                EditText editText = d.findViewById(R.id.destinationName);
                                tmpName = editText.getText().toString();
                                if (tmpName.isEmpty() || tmpName.startsWith(""/"")) {
                                    Toast.makeText(activity, R.string.err_invalid_input_zip, LENGTH_SHORT).show();
                                    tmpName = null;
                                } else if (!tmpName.endsWith("".zip"")) {
                                    tmpName = tmpName + "".zip"";
                                }

                                File destination = new File(activity.getCurrentDirectory() + ""/"" + tmpName);
                                if (destination.exists()) {
                                    AlertDialog.Builder builder = FileOperationTask.getFileExistsDialogBuilder(activity);
                                    builder.setOnDismissListener(dialogInterface -> new ArchiveCreationTask(activity, fileOpContext.getSecond(), destination, success -> {
                                        activity.clearFileOpCache();
                                        activity.reloadCurrentDirectory();
                                        if (!success) {
                                            Toast.makeText(activity, R.string.unable_to_create_zip_file, Toast.LENGTH_LONG).show();
                                        }
                                    }).execute()).show();
                                } else {
                                    new ArchiveCreationTask(activity, fileOpContext.getSecond(), destination, success -> {
                                        activity.clearFileOpCache();
                                        activity.reloadCurrentDirectory();
                                        if (!success) {
                                            Toast.makeText(activity, R.string.unable_to_create_zip_file, Toast.LENGTH_LONG).show();
                                        }
                                    }).execute();
                                }
                            },
                            (d) -> Log.i(TAG, ""Cancelled.""));
                    alertDialog.show();
                    activity.reloadCurrentDirectory();
                    return true;
                } else {
                    Log.e(TAG, ""Illegal operation mode. Expected "" + CREATE_ZIP + "" but was: "" + fileOpContext.getFirst());
                }
                return false;
            }).setVisible(fileOpContext.getFirst().equals(CREATE_ZIP));
        }
    }","    private void addCreateZipToMenu(FMFile f, ContextMenu menu) {

        <Chunk_For_Modification>

        boolean zipFileReady = fileOpContext.getFirst().equals(CREATE_ZIP) && fileOpContext.getSecond().size() >= 1;

        menu.add(0, ID_ADD_TO_ZIP, 0, (zipFileReady) ? activity.getString(R.string.add_to_zip) : activity.getString(R.string.new_zip_file)).setOnMenuItemClickListener(item -> {
            activity.addFileToOpContext(CREATE_ZIP, f);
            if (new Pref<Boolean>(USE_CONTEXT_FOR_OPS_TOAST).getValue()) {
                Toast.makeText(activity, activity.getString(R.string.file_added_to_context) + f.getName(), LENGTH_SHORT).show();
            }
            activity.reloadCurrentDirectory();
            return true;
        });

        if (zipFileReady) {
            menu.add(0, ID_CREATE_ZIP, 0, activity.getString(R.string.create_zip_file)).setOnMenuItemClickListener(item -> {
                if (fileOpContext.getFirst().equals(CREATE_ZIP)) {
                    AlertDialog alertDialog = arrayAdapter.getGenericFileOpDialog(
                            R.string.create_zip_file,
                            R.string.op_destination,
                            R.drawable.ic_archive_black_24dp,
                            R.layout.layout_name_prompt,
                            (d) -> {
                                String tmpName;
                                EditText editText = d.findViewById(R.id.destinationName);
                                tmpName = editText.getText().toString();
                                if (tmpName.isEmpty() || tmpName.startsWith(""/"")) {
                                    Toast.makeText(activity, R.string.err_invalid_input_zip, LENGTH_SHORT).show();
                                    tmpName = null;
                                } else if (!tmpName.endsWith("".zip"")) {
                                    tmpName = tmpName + "".zip"";
                                }

                                File destination = new File(activity.getCurrentDirectory() + ""/"" + tmpName);
                                if (destination.exists()) {
                                    AlertDialog.Builder builder = FileOperationTask.getFileExistsDialogBuilder(activity);
                                    builder.setOnDismissListener(dialogInterface -> new ArchiveCreationTask(activity, fileOpContext.getSecond(), destination, success -> {
                                        activity.clearFileOpCache();
                                        activity.reloadCurrentDirectory();
                                        if (!success) {
                                            Toast.makeText(activity, R.string.unable_to_create_zip_file, Toast.LENGTH_LONG).show();
                                        }
                                    }).execute()).show();
                                } else {
                                    new ArchiveCreationTask(activity, fileOpContext.getSecond(), destination, success -> {
                                        activity.clearFileOpCache();
                                        activity.reloadCurrentDirectory();
                                        if (!success) {
                                            Toast.makeText(activity, R.string.unable_to_create_zip_file, Toast.LENGTH_LONG).show();
                                        }
                                    }).execute();
                                }
                            },
                            (d) -> Log.i(TAG, ""Cancelled.""));
                    alertDialog.show();
                    activity.reloadCurrentDirectory();
                    return true;
                } else {
                    Log.e(TAG, ""Illegal operation mode. Expected "" + CREATE_ZIP + "" but was: "" + fileOpContext.getFirst());
                }
                return false;
            }).setVisible(fileOpContext.getFirst().equals(CREATE_ZIP));
        }
    }","    private void addCreateZipToMenu(FMFile f, ContextMenu menu) {

        >>> [ INFILL ] <<<

        boolean zipFileReady = fileOpContext.getFirst().equals(CREATE_ZIP) && fileOpContext.getSecond().size() >= 1;

        menu.add(0, ID_ADD_TO_ZIP, 0, (zipFileReady) ? activity.getString(R.string.add_to_zip) : activity.getString(R.string.new_zip_file)).setOnMenuItemClickListener(item -> {
            activity.addFileToOpContext(CREATE_ZIP, f);
            if (new Pref<Boolean>(USE_CONTEXT_FOR_OPS_TOAST).getValue()) {
                Toast.makeText(activity, activity.getString(R.string.file_added_to_context) + f.getName(), LENGTH_SHORT).show();
            }
            activity.reloadCurrentDirectory();
            return true;
        });

        if (zipFileReady) {
            menu.add(0, ID_CREATE_ZIP, 0, activity.getString(R.string.create_zip_file)).setOnMenuItemClickListener(item -> {
                if (fileOpContext.getFirst().equals(CREATE_ZIP)) {
                    AlertDialog alertDialog = arrayAdapter.getGenericFileOpDialog(
                            R.string.create_zip_file,
                            R.string.op_destination,
                            R.drawable.ic_archive_black_24dp,
                            R.layout.layout_name_prompt,
                            (d) -> {
                                String tmpName;
                                EditText editText = d.findViewById(R.id.destinationName);
                                tmpName = editText.getText().toString();
                                if (tmpName.isEmpty() || tmpName.startsWith(""/"")) {
                                    Toast.makeText(activity, R.string.err_invalid_input_zip, LENGTH_SHORT).show();
                                    tmpName = null;
                                } else if (!tmpName.endsWith("".zip"")) {
                                    tmpName = tmpName + "".zip"";
                                }

                                File destination = new File(activity.getCurrentDirectory() + ""/"" + tmpName);
                                if (destination.exists()) {
                                    AlertDialog.Builder builder = FileOperationTask.getFileExistsDialogBuilder(activity);
                                    builder.setOnDismissListener(dialogInterface -> new ArchiveCreationTask(activity, fileOpContext.getSecond(), destination, success -> {
                                        activity.clearFileOpCache();
                                        activity.reloadCurrentDirectory();
                                        if (!success) {
                                            Toast.makeText(activity, R.string.unable_to_create_zip_file, Toast.LENGTH_LONG).show();
                                        }
                                    }).execute()).show();
                                } else {
                                    new ArchiveCreationTask(activity, fileOpContext.getSecond(), destination, success -> {
                                        activity.clearFileOpCache();
                                        activity.reloadCurrentDirectory();
                                        if (!success) {
                                            Toast.makeText(activity, R.string.unable_to_create_zip_file, Toast.LENGTH_LONG).show();
                                        }
                                    }).execute();
                                }
                            },
                            (d) -> Log.i(TAG, ""Cancelled.""));
                    alertDialog.show();
                    activity.reloadCurrentDirectory();
                    return true;
                } else {
                    Log.e(TAG, ""Illegal operation mode. Expected "" + CREATE_ZIP + "" but was: "" + fileOpContext.getFirst());
                }
                return false;
            }).setVisible(fileOpContext.getFirst().equals(CREATE_ZIP));
        }
    }",,,,,,1,,1,1
realbug-1568-finishFileOperation,realbug-1568-finishFileOperation/app/src/main/java/io/lerk/lrkFM/activities/file/FileActivity.java,"Describe the bug
The bug seems to appear when quickly changing multiple checkboxes.

To Reproduce
Steps to reproduce the behavior:

Go to any folder with multiple contents
Click on the checkboxes
Deselect some of the checkboxes
Crash
Expected behavior
Checkboxes should be selected and deselected as usual.

Smartphone:

Device: Pixel 3
OS: Android 10 (blueline)
Version 51 (2.3.0)","    public void finishFileOperation() {
        Operation operation = fileOpContext.getFirst();
        ArrayList<FMFile> files = fileOpContext.getSecond();
        if (!operation.equals(NONE) && !files.isEmpty()) {
            if (operation.equals(COPY)) {
                if (Build.VERSION.SDK_INT >= Build.VERSION_CODES.N) {
                    files.forEach((f) -> new FileCopyTask(this, s -> {
                    }, f, null).execute());
                } else { // -_-
                    for (FMFile f : files) {
                        new FileCopyTask(this, s -> {
                        }, f, null).execute();
                    }
                }
            } else if (operation.equals(MOVE)) {
                if (Build.VERSION.SDK_INT >= Build.VERSION_CODES.N) {
                    files.forEach((f) -> new FileMoveTask(this, s -> {
                    }, f, null).execute());
                } else { // -_-
                    for (FMFile f : files) {
                        new FileMoveTask(this, s -> {
                        }, f, null).execute();
                    }
                }
            } else if (operation.equals(EXTRACT)) {
                if (Build.VERSION.SDK_INT >= Build.VERSION_CODES.N) {
                    files.forEach((f) -> new ArchiveExtractionTask(this, currentDirectory, f, success -> {
                        clearFileOpCache();
                        reloadCurrentDirectory();
                        if (!success) {
                            Toast.makeText(this, R.string.unable_to_extract_archive, Toast.LENGTH_LONG).show();
                        }
                    }).execute());
                } else { // -_-
                    for (FMFile f : files) {
                        new ArchiveExtractionTask(this, currentDirectory, f, success -> {
                            clearFileOpCache();
                            reloadCurrentDirectory();
                            if (!success) {
                                Toast.makeText(this, R.string.unable_to_extract_archive, Toast.LENGTH_LONG).show();
                            }
                        }).execute();
                    }
                }
            } else if (operation.equals(CREATE_ZIP)) {
                AlertDialog alertDialog = arrayAdapter.getGenericFileOpDialog(
                        R.string.create_zip_file,
                        R.string.op_destination,
                        R.drawable.ic_archive_black_24dp,
                        R.layout.layout_name_prompt,
                        (d) -> {
                            String tmpName;
                            EditText editText = d.findViewById(R.id.destinationName);
                            tmpName = editText.getText().toString();
                            if (tmpName.isEmpty() || tmpName.startsWith(""/"")) {
                                Toast.makeText(this, R.string.err_invalid_input_zip, LENGTH_SHORT).show();
                                tmpName = null;
                            } else if (!tmpName.endsWith("".zip"")) {
                                tmpName = tmpName + "".zip"";
                            }

                            File destination = new File(currentDirectory + ""/"" + tmpName);
                            if (destination.exists()) {
                                AlertDialog.Builder builder = FileOperationTask.getFileExistsDialogBuilder(this);
                                builder.setOnDismissListener(dialogInterface -> new ArchiveCreationTask(this, files, destination, success -> {
                                    clearFileOpCache();
                                    reloadCurrentDirectory();
                                    if (!success) {
                                        Toast.makeText(this, R.string.unable_to_create_zip_file, Toast.LENGTH_LONG).show();
                                    }
                                }).execute()).show();
                            } else {
                                new ArchiveCreationTask(this, files, destination, success -> {
                                    clearFileOpCache();
                                    reloadCurrentDirectory();
                                    if (!success) {
                                        Toast.makeText(this, R.string.unable_to_create_zip_file, Toast.LENGTH_LONG).show();
                                    }
                                }).execute();
                            }
                        },
                        (d) -> Log.d(TAG, ""Cancelled.""));
                alertDialog.show();
            } else if (operation.equals(DELETE)) {
                new AlertDialog.Builder(this)
                        .setTitle(R.string.delete)
                        .setMessage(getString(R.string.warn_delete_mult_msg_start) + FileActivity.WHITESPACE +
                                files.size() + FileActivity.WHITESPACE +
                                getString(R.string.warn_delete_mult_msg_end))
                        .setNegativeButton(R.string.cancel, (dialogInterface, i) -> dialogInterface.cancel())
                        .setPositiveButton(R.string.yes, (dialogInterface, i) -> {
                            for (int j = 0; j < files.size(); j++) {
                                FMFile f = files.get(j);
                                int idx = j;
                                new FileDeleteTask(this, b -> {
                                    if (!b) {
                                        Toast.makeText(this, getString(R.string.err_deleting_element_mult) +
                                                        FileActivity.WHITESPACE + f.getName(),
                                                LENGTH_SHORT).show();
                                    }
                                    if (idx == files.size()) {
                                        // clear operation when last file is deleted
                                        clearFileOpCache();
                                    }
                                    reloadCurrentDirectory();
                                }, f).execute();
                            }
                            dialogInterface.dismiss();
                        }).show();
            } else {
                Toast.makeText(this, R.string.invalid_operation, Toast.LENGTH_LONG).show();
            }
        } else {
            Log.w(TAG, ""No operation set!"");
        }
    }","    public void finishFileOperation() {
        Operation operation = fileOpContext.getFirst();
        CopyOnWriteArrayList<FMFile> files = fileOpContext.getSecond();
        if (!operation.equals(NONE) && !files.isEmpty()) {
            if (operation.equals(COPY)) {
                if (Build.VERSION.SDK_INT >= Build.VERSION_CODES.N) {
                    files.forEach((f) -> new FileCopyTask(this, s -> {
                    }, f, null).execute());
                } else { // -_-
                    for (FMFile f : files) {
                        new FileCopyTask(this, s -> {
                        }, f, null).execute();
                    }
                }
            } else if (operation.equals(MOVE)) {
                if (Build.VERSION.SDK_INT >= Build.VERSION_CODES.N) {
                    files.forEach((f) -> new FileMoveTask(this, s -> {
                    }, f, null).execute());
                } else { // -_-
                    for (FMFile f : files) {
                        new FileMoveTask(this, s -> {
                        }, f, null).execute();
                    }
                }
            } else if (operation.equals(EXTRACT)) {
                if (Build.VERSION.SDK_INT >= Build.VERSION_CODES.N) {
                    files.forEach((f) -> new ArchiveExtractionTask(this, currentDirectory, f, success -> {
                        clearFileOpCache();
                        reloadCurrentDirectory();
                        if (!success) {
                            Toast.makeText(this, R.string.unable_to_extract_archive, Toast.LENGTH_LONG).show();
                        }
                    }).execute());
                } else { // -_-
                    for (FMFile f : files) {
                        new ArchiveExtractionTask(this, currentDirectory, f, success -> {
                            clearFileOpCache();
                            reloadCurrentDirectory();
                            if (!success) {
                                Toast.makeText(this, R.string.unable_to_extract_archive, Toast.LENGTH_LONG).show();
                            }
                        }).execute();
                    }
                }
            } else if (operation.equals(CREATE_ZIP)) {
                AlertDialog alertDialog = arrayAdapter.getGenericFileOpDialog(
                        R.string.create_zip_file,
                        R.string.op_destination,
                        R.drawable.ic_archive_black_24dp,
                        R.layout.layout_name_prompt,
                        (d) -> {
                            String tmpName;
                            EditText editText = d.findViewById(R.id.destinationName);
                            tmpName = editText.getText().toString();
                            if (tmpName.isEmpty() || tmpName.startsWith(""/"")) {
                                Toast.makeText(this, R.string.err_invalid_input_zip, LENGTH_SHORT).show();
                                tmpName = null;
                            } else if (!tmpName.endsWith("".zip"")) {
                                tmpName = tmpName + "".zip"";
                            }

                            File destination = new File(currentDirectory + ""/"" + tmpName);
                            if (destination.exists()) {
                                AlertDialog.Builder builder = FileOperationTask.getFileExistsDialogBuilder(this);
                                builder.setOnDismissListener(dialogInterface -> new ArchiveCreationTask(this, files, destination, success -> {
                                    clearFileOpCache();
                                    reloadCurrentDirectory();
                                    if (!success) {
                                        Toast.makeText(this, R.string.unable_to_create_zip_file, Toast.LENGTH_LONG).show();
                                    }
                                }).execute()).show();
                            } else {
                                new ArchiveCreationTask(this, files, destination, success -> {
                                    clearFileOpCache();
                                    reloadCurrentDirectory();
                                    if (!success) {
                                        Toast.makeText(this, R.string.unable_to_create_zip_file, Toast.LENGTH_LONG).show();
                                    }
                                }).execute();
                            }
                        },
                        (d) -> Log.d(TAG, ""Cancelled.""));
                alertDialog.show();
            } else if (operation.equals(DELETE)) {
                new AlertDialog.Builder(this)
                        .setTitle(R.string.delete)
                        .setMessage(getString(R.string.warn_delete_mult_msg_start) + FileActivity.WHITESPACE +
                                files.size() + FileActivity.WHITESPACE +
                                getString(R.string.warn_delete_mult_msg_end))
                        .setNegativeButton(R.string.cancel, (dialogInterface, i) -> dialogInterface.cancel())
                        .setPositiveButton(R.string.yes, (dialogInterface, i) -> {
                            for (int j = 0; j < files.size(); j++) {
                                FMFile f = files.get(j);
                                int idx = j;
                                new FileDeleteTask(this, b -> {
                                    if (!b) {
                                        Toast.makeText(this, getString(R.string.err_deleting_element_mult) +
                                                        FileActivity.WHITESPACE + f.getName(),
                                                LENGTH_SHORT).show();
                                    }
                                    if (idx == files.size()) {
                                        // clear operation when last file is deleted
                                        clearFileOpCache();
                                    }
                                    reloadCurrentDirectory();
                                }, f).execute();
                            }
                            dialogInterface.dismiss();
                        }).show();
            } else {
                Toast.makeText(this, R.string.invalid_operation, Toast.LENGTH_LONG).show();
            }
        } else {
            Log.w(TAG, ""No operation set!"");
        }
    }","    public void finishFileOperation() {
        Operation operation = fileOpContext.getFirst();
-       ArrayList<FMFile> files = fileOpContext.getSecond();
+      CopyOnWriteArrayList<FMFile> files = fileOpContext.getSecond();
        if (!operation.equals(NONE) && !files.isEmpty()) {
            if (operation.equals(COPY)) {
                if (Build.VERSION.SDK_INT >= Build.VERSION_CODES.N) {
                    files.forEach((f) -> new FileCopyTask(this, s -> {
                    }, f, null).execute());
                } else { // -_-
                    for (FMFile f : files) {
                        new FileCopyTask(this, s -> {
                        }, f, null).execute();
                    }
                }
            } else if (operation.equals(MOVE)) {
                if (Build.VERSION.SDK_INT >= Build.VERSION_CODES.N) {
                    files.forEach((f) -> new FileMoveTask(this, s -> {
                    }, f, null).execute());
                } else { // -_-
                    for (FMFile f : files) {
                        new FileMoveTask(this, s -> {
                        }, f, null).execute();
                    }
                }
            } else if (operation.equals(EXTRACT)) {
                if (Build.VERSION.SDK_INT >= Build.VERSION_CODES.N) {
                    files.forEach((f) -> new ArchiveExtractionTask(this, currentDirectory, f, success -> {
                        clearFileOpCache();
                        reloadCurrentDirectory();
                        if (!success) {
                            Toast.makeText(this, R.string.unable_to_extract_archive, Toast.LENGTH_LONG).show();
                        }
                    }).execute());
                } else { // -_-
                    for (FMFile f : files) {
                        new ArchiveExtractionTask(this, currentDirectory, f, success -> {
                            clearFileOpCache();
                            reloadCurrentDirectory();
                            if (!success) {
                                Toast.makeText(this, R.string.unable_to_extract_archive, Toast.LENGTH_LONG).show();
                            }
                        }).execute();
                    }
                }
            } else if (operation.equals(CREATE_ZIP)) {
                AlertDialog alertDialog = arrayAdapter.getGenericFileOpDialog(
                        R.string.create_zip_file,
                        R.string.op_destination,
                        R.drawable.ic_archive_black_24dp,
                        R.layout.layout_name_prompt,
                        (d) -> {
                            String tmpName;
                            EditText editText = d.findViewById(R.id.destinationName);
                            tmpName = editText.getText().toString();
                            if (tmpName.isEmpty() || tmpName.startsWith(""/"")) {
                                Toast.makeText(this, R.string.err_invalid_input_zip, LENGTH_SHORT).show();
                                tmpName = null;
                            } else if (!tmpName.endsWith("".zip"")) {
                                tmpName = tmpName + "".zip"";
                            }

                            File destination = new File(currentDirectory + ""/"" + tmpName);
                            if (destination.exists()) {
                                AlertDialog.Builder builder = FileOperationTask.getFileExistsDialogBuilder(this);
                                builder.setOnDismissListener(dialogInterface -> new ArchiveCreationTask(this, files, destination, success -> {
                                    clearFileOpCache();
                                    reloadCurrentDirectory();
                                    if (!success) {
                                        Toast.makeText(this, R.string.unable_to_create_zip_file, Toast.LENGTH_LONG).show();
                                    }
                                }).execute()).show();
                            } else {
                                new ArchiveCreationTask(this, files, destination, success -> {
                                    clearFileOpCache();
                                    reloadCurrentDirectory();
                                    if (!success) {
                                        Toast.makeText(this, R.string.unable_to_create_zip_file, Toast.LENGTH_LONG).show();
                                    }
                                }).execute();
                            }
                        },
                        (d) -> Log.d(TAG, ""Cancelled.""));
                alertDialog.show();
            } else if (operation.equals(DELETE)) {
                new AlertDialog.Builder(this)
                        .setTitle(R.string.delete)
                        .setMessage(getString(R.string.warn_delete_mult_msg_start) + FileActivity.WHITESPACE +
                                files.size() + FileActivity.WHITESPACE +
                                getString(R.string.warn_delete_mult_msg_end))
                        .setNegativeButton(R.string.cancel, (dialogInterface, i) -> dialogInterface.cancel())
                        .setPositiveButton(R.string.yes, (dialogInterface, i) -> {
                            for (int j = 0; j < files.size(); j++) {
                                FMFile f = files.get(j);
                                int idx = j;
                                new FileDeleteTask(this, b -> {
                                    if (!b) {
                                        Toast.makeText(this, getString(R.string.err_deleting_element_mult) +
                                                        FileActivity.WHITESPACE + f.getName(),
                                                LENGTH_SHORT).show();
                                    }
                                    if (idx == files.size()) {
                                        // clear operation when last file is deleted
                                        clearFileOpCache();
                                    }
                                    reloadCurrentDirectory();
                                }, f).execute();
                            }
                            dialogInterface.dismiss();
                        }).show();
            } else {
                Toast.makeText(this, R.string.invalid_operation, Toast.LENGTH_LONG).show();
            }
        } else {
            Log.w(TAG, ""No operation set!"");
        }
    }","    public void finishFileOperation() {
        Operation operation = fileOpContext.getFirst();
        <Chunk_For_Modification>
        if (!operation.equals(NONE) && !files.isEmpty()) {
            if (operation.equals(COPY)) {
                if (Build.VERSION.SDK_INT >= Build.VERSION_CODES.N) {
                    files.forEach((f) -> new FileCopyTask(this, s -> {
                    }, f, null).execute());
                } else { // -_-
                    for (FMFile f : files) {
                        new FileCopyTask(this, s -> {
                        }, f, null).execute();
                    }
                }
            } else if (operation.equals(MOVE)) {
                if (Build.VERSION.SDK_INT >= Build.VERSION_CODES.N) {
                    files.forEach((f) -> new FileMoveTask(this, s -> {
                    }, f, null).execute());
                } else { // -_-
                    for (FMFile f : files) {
                        new FileMoveTask(this, s -> {
                        }, f, null).execute();
                    }
                }
            } else if (operation.equals(EXTRACT)) {
                if (Build.VERSION.SDK_INT >= Build.VERSION_CODES.N) {
                    files.forEach((f) -> new ArchiveExtractionTask(this, currentDirectory, f, success -> {
                        clearFileOpCache();
                        reloadCurrentDirectory();
                        if (!success) {
                            Toast.makeText(this, R.string.unable_to_extract_archive, Toast.LENGTH_LONG).show();
                        }
                    }).execute());
                } else { // -_-
                    for (FMFile f : files) {
                        new ArchiveExtractionTask(this, currentDirectory, f, success -> {
                            clearFileOpCache();
                            reloadCurrentDirectory();
                            if (!success) {
                                Toast.makeText(this, R.string.unable_to_extract_archive, Toast.LENGTH_LONG).show();
                            }
                        }).execute();
                    }
                }
            } else if (operation.equals(CREATE_ZIP)) {
                AlertDialog alertDialog = arrayAdapter.getGenericFileOpDialog(
                        R.string.create_zip_file,
                        R.string.op_destination,
                        R.drawable.ic_archive_black_24dp,
                        R.layout.layout_name_prompt,
                        (d) -> {
                            String tmpName;
                            EditText editText = d.findViewById(R.id.destinationName);
                            tmpName = editText.getText().toString();
                            if (tmpName.isEmpty() || tmpName.startsWith(""/"")) {
                                Toast.makeText(this, R.string.err_invalid_input_zip, LENGTH_SHORT).show();
                                tmpName = null;
                            } else if (!tmpName.endsWith("".zip"")) {
                                tmpName = tmpName + "".zip"";
                            }

                            File destination = new File(currentDirectory + ""/"" + tmpName);
                            if (destination.exists()) {
                                AlertDialog.Builder builder = FileOperationTask.getFileExistsDialogBuilder(this);
                                builder.setOnDismissListener(dialogInterface -> new ArchiveCreationTask(this, files, destination, success -> {
                                    clearFileOpCache();
                                    reloadCurrentDirectory();
                                    if (!success) {
                                        Toast.makeText(this, R.string.unable_to_create_zip_file, Toast.LENGTH_LONG).show();
                                    }
                                }).execute()).show();
                            } else {
                                new ArchiveCreationTask(this, files, destination, success -> {
                                    clearFileOpCache();
                                    reloadCurrentDirectory();
                                    if (!success) {
                                        Toast.makeText(this, R.string.unable_to_create_zip_file, Toast.LENGTH_LONG).show();
                                    }
                                }).execute();
                            }
                        },
                        (d) -> Log.d(TAG, ""Cancelled.""));
                alertDialog.show();
            } else if (operation.equals(DELETE)) {
                new AlertDialog.Builder(this)
                        .setTitle(R.string.delete)
                        .setMessage(getString(R.string.warn_delete_mult_msg_start) + FileActivity.WHITESPACE +
                                files.size() + FileActivity.WHITESPACE +
                                getString(R.string.warn_delete_mult_msg_end))
                        .setNegativeButton(R.string.cancel, (dialogInterface, i) -> dialogInterface.cancel())
                        .setPositiveButton(R.string.yes, (dialogInterface, i) -> {
                            for (int j = 0; j < files.size(); j++) {
                                FMFile f = files.get(j);
                                int idx = j;
                                new FileDeleteTask(this, b -> {
                                    if (!b) {
                                        Toast.makeText(this, getString(R.string.err_deleting_element_mult) +
                                                        FileActivity.WHITESPACE + f.getName(),
                                                LENGTH_SHORT).show();
                                    }
                                    if (idx == files.size()) {
                                        // clear operation when last file is deleted
                                        clearFileOpCache();
                                    }
                                    reloadCurrentDirectory();
                                }, f).execute();
                            }
                            dialogInterface.dismiss();
                        }).show();
            } else {
                Toast.makeText(this, R.string.invalid_operation, Toast.LENGTH_LONG).show();
            }
        } else {
            Log.w(TAG, ""No operation set!"");
        }
    }","    public void finishFileOperation() {
        Operation operation = fileOpContext.getFirst();
        >>> [ INFILL ] <<<
        if (!operation.equals(NONE) && !files.isEmpty()) {
            if (operation.equals(COPY)) {
                if (Build.VERSION.SDK_INT >= Build.VERSION_CODES.N) {
                    files.forEach((f) -> new FileCopyTask(this, s -> {
                    }, f, null).execute());
                } else { // -_-
                    for (FMFile f : files) {
                        new FileCopyTask(this, s -> {
                        }, f, null).execute();
                    }
                }
            } else if (operation.equals(MOVE)) {
                if (Build.VERSION.SDK_INT >= Build.VERSION_CODES.N) {
                    files.forEach((f) -> new FileMoveTask(this, s -> {
                    }, f, null).execute());
                } else { // -_-
                    for (FMFile f : files) {
                        new FileMoveTask(this, s -> {
                        }, f, null).execute();
                    }
                }
            } else if (operation.equals(EXTRACT)) {
                if (Build.VERSION.SDK_INT >= Build.VERSION_CODES.N) {
                    files.forEach((f) -> new ArchiveExtractionTask(this, currentDirectory, f, success -> {
                        clearFileOpCache();
                        reloadCurrentDirectory();
                        if (!success) {
                            Toast.makeText(this, R.string.unable_to_extract_archive, Toast.LENGTH_LONG).show();
                        }
                    }).execute());
                } else { // -_-
                    for (FMFile f : files) {
                        new ArchiveExtractionTask(this, currentDirectory, f, success -> {
                            clearFileOpCache();
                            reloadCurrentDirectory();
                            if (!success) {
                                Toast.makeText(this, R.string.unable_to_extract_archive, Toast.LENGTH_LONG).show();
                            }
                        }).execute();
                    }
                }
            } else if (operation.equals(CREATE_ZIP)) {
                AlertDialog alertDialog = arrayAdapter.getGenericFileOpDialog(
                        R.string.create_zip_file,
                        R.string.op_destination,
                        R.drawable.ic_archive_black_24dp,
                        R.layout.layout_name_prompt,
                        (d) -> {
                            String tmpName;
                            EditText editText = d.findViewById(R.id.destinationName);
                            tmpName = editText.getText().toString();
                            if (tmpName.isEmpty() || tmpName.startsWith(""/"")) {
                                Toast.makeText(this, R.string.err_invalid_input_zip, LENGTH_SHORT).show();
                                tmpName = null;
                            } else if (!tmpName.endsWith("".zip"")) {
                                tmpName = tmpName + "".zip"";
                            }

                            File destination = new File(currentDirectory + ""/"" + tmpName);
                            if (destination.exists()) {
                                AlertDialog.Builder builder = FileOperationTask.getFileExistsDialogBuilder(this);
                                builder.setOnDismissListener(dialogInterface -> new ArchiveCreationTask(this, files, destination, success -> {
                                    clearFileOpCache();
                                    reloadCurrentDirectory();
                                    if (!success) {
                                        Toast.makeText(this, R.string.unable_to_create_zip_file, Toast.LENGTH_LONG).show();
                                    }
                                }).execute()).show();
                            } else {
                                new ArchiveCreationTask(this, files, destination, success -> {
                                    clearFileOpCache();
                                    reloadCurrentDirectory();
                                    if (!success) {
                                        Toast.makeText(this, R.string.unable_to_create_zip_file, Toast.LENGTH_LONG).show();
                                    }
                                }).execute();
                            }
                        },
                        (d) -> Log.d(TAG, ""Cancelled.""));
                alertDialog.show();
            } else if (operation.equals(DELETE)) {
                new AlertDialog.Builder(this)
                        .setTitle(R.string.delete)
                        .setMessage(getString(R.string.warn_delete_mult_msg_start) + FileActivity.WHITESPACE +
                                files.size() + FileActivity.WHITESPACE +
                                getString(R.string.warn_delete_mult_msg_end))
                        .setNegativeButton(R.string.cancel, (dialogInterface, i) -> dialogInterface.cancel())
                        .setPositiveButton(R.string.yes, (dialogInterface, i) -> {
                            for (int j = 0; j < files.size(); j++) {
                                FMFile f = files.get(j);
                                int idx = j;
                                new FileDeleteTask(this, b -> {
                                    if (!b) {
                                        Toast.makeText(this, getString(R.string.err_deleting_element_mult) +
                                                        FileActivity.WHITESPACE + f.getName(),
                                                LENGTH_SHORT).show();
                                    }
                                    if (idx == files.size()) {
                                        // clear operation when last file is deleted
                                        clearFileOpCache();
                                    }
                                    reloadCurrentDirectory();
                                }, f).execute();
                            }
                            dialogInterface.dismiss();
                        }).show();
            } else {
                Toast.makeText(this, R.string.invalid_operation, Toast.LENGTH_LONG).show();
            }
        } else {
            Log.w(TAG, ""No operation set!"");
        }
    }",,,,,,1,,1,1
realbug-1568-clearFileOpCache,realbug-1568-clearFileOpCache/app/src/main/java/io/lerk/lrkFM/activities/file/FileActivity.java,"Describe the bug
The bug seems to appear when quickly changing multiple checkboxes.

To Reproduce
Steps to reproduce the behavior:

Go to any folder with multiple contents
Click on the checkboxes
Deselect some of the checkboxes
Crash
Expected behavior
Checkboxes should be selected and deselected as usual.

Smartphone:

Device: Pixel 3
OS: Android 10 (blueline)
Version 51 (2.3.0)","    public void clearFileOpCache() {
        fileOpContext.setFirst(NONE);
        fileOpContext.setSecond(new ArrayList<>());
        reloadCurrentDirectory();
    }","    public void clearFileOpCache() {
        fileOpContext.setFirst(NONE);
        fileOpContext.setSecond(new CopyOnWriteArrayList<>());
        reloadCurrentDirectory();
    }","    public void clearFileOpCache() {
        fileOpContext.setFirst(NONE);
-       fileOpContext.setSecond(new ArrayList<>());
+      fileOpContext.setSecond(new CopyOnWriteArrayList<>());
        reloadCurrentDirectory();
    }","    public void clearFileOpCache() {
        fileOpContext.setFirst(NONE);
        <Chunk_For_Modification>
        reloadCurrentDirectory();
    }","    public void clearFileOpCache() {
        fileOpContext.setFirst(NONE);
         >>> [ INFILL ] <<<
        reloadCurrentDirectory();
    }",,,,,,1,2,1,1
realbug-1640-onCreate-ExerciseViewActivity,realbug-1640-onCreate-ExerciseViewActivity/app/src/main/java/com/german_software_engineers/trainerapp/ExerciseView/Activity/ExerciseViewActivity.java,"Disciption
The Licsense on the info Page is not completely written down.

To Reproduce
Steps to reproduce the behavior:

Open the Menu.
Click on 'Info'
Scroll down to the end.
See the error
Expected behavior
The License schould be set completely","    protected void onCreate(Bundle savedInstanceState) {
        super.onCreate(savedInstanceState);
        setContentView(R.layout.activity_exercise_view);
        Toolbar toolbar = (Toolbar) findViewById(R.id.toolbar);
        setSupportActionBar(toolbar);


        FloatingActionButton fab = findViewById(R.id.fab);
        fab.setOnClickListener(view -> addExcersize());
        getSupportActionBar().setDisplayHomeAsUpEnabled(true);

        Controller = new ExerciseListModelController(this,((ApplicationManager)getApplication()).getApplicationModel());

        ActiveSchedule = ((ApplicationManager)getApplication()).getApplicationModel().activeSchedule();

        setTitle(ActiveSchedule.getName());

        fragment = ExcersizeListFragment.newInstance(1, ActiveSchedule.getName(), Controller);
        getSupportFragmentManager().beginTransaction().replace(R.id.execView, fragment).commit();
    }","    protected void onCreate(Bundle savedInstanceState) {
        super.onCreate(savedInstanceState);
        setContentView(R.layout.activity_exercise_view);
        Toolbar toolbar = findViewById(R.id.toolbar);
        setSupportActionBar(toolbar);


        FloatingActionButton fab = findViewById(R.id.fab);
        fab.setOnClickListener(view -> addExcersize());
        getSupportActionBar().setDisplayHomeAsUpEnabled(true);

        Controller = new ExerciseListModelController(this,((ApplicationManager)getApplication()).getApplicationModel());

        ActiveSchedule = ((ApplicationManager)getApplication()).getApplicationModel().activeSchedule();

        setTitle(ActiveSchedule.getName());

        fragment = ExcersizeListFragment.newInstance(1, ActiveSchedule.getName(), Controller);
        getSupportFragmentManager().beginTransaction().replace(R.id.execView, fragment).commit();
    }","    protected void onCreate(Bundle savedInstanceState) {
        super.onCreate(savedInstanceState);
        setContentView(R.layout.activity_exercise_view);
-       Toolbar toolbar = (Toolbar) findViewById(R.id.toolbar);
+      Toolbar toolbar = findViewById(R.id.toolbar);
        setSupportActionBar(toolbar);

        FloatingActionButton fab = findViewById(R.id.fab);
        fab.setOnClickListener(view -> addExcersize());
        getSupportActionBar().setDisplayHomeAsUpEnabled(true);

        Controller = new ExerciseListModelController(this,((ApplicationManager)getApplication()).getApplicationModel());

        ActiveSchedule = ((ApplicationManager)getApplication()).getApplicationModel().activeSchedule();

        setTitle(ActiveSchedule.getName());

        fragment = ExcersizeListFragment.newInstance(1, ActiveSchedule.getName(), Controller);
        getSupportFragmentManager().beginTransaction().replace(R.id.execView, fragment).commit();
    }","    protected void onCreate(Bundle savedInstanceState) {
        super.onCreate(savedInstanceState);
        setContentView(R.layout.activity_exercise_view);
         <Chunk_For_Modification>
        setSupportActionBar(toolbar);

        FloatingActionButton fab = findViewById(R.id.fab);
        fab.setOnClickListener(view -> addExcersize());
        getSupportActionBar().setDisplayHomeAsUpEnabled(true);

        Controller = new ExerciseListModelController(this,((ApplicationManager)getApplication()).getApplicationModel());

        ActiveSchedule = ((ApplicationManager)getApplication()).getApplicationModel().activeSchedule();

        setTitle(ActiveSchedule.getName());

        fragment = ExcersizeListFragment.newInstance(1, ActiveSchedule.getName(), Controller);
        getSupportFragmentManager().beginTransaction().replace(R.id.execView, fragment).commit();
    }","    protected void onCreate(Bundle savedInstanceState) {
        super.onCreate(savedInstanceState);
        setContentView(R.layout.activity_exercise_view);
         >>> [ INFILL ] <<<
        setSupportActionBar(toolbar);

       FloatingActionButton fab = findViewById(R.id.fab);
        fab.setOnClickListener(view -> addExcersize());
        getSupportActionBar().setDisplayHomeAsUpEnabled(true);

        Controller = new ExerciseListModelController(this,((ApplicationManager)getApplication()).getApplicationModel());

        ActiveSchedule = ((ApplicationManager)getApplication()).getApplicationModel().activeSchedule();

        setTitle(ActiveSchedule.getName());

        fragment = ExcersizeListFragment.newInstance(1, ActiveSchedule.getName(), Controller);
        getSupportFragmentManager().beginTransaction().replace(R.id.execView, fragment).commit();
    }",,,,,,0,2,1,1
realbug-1640-onCreate-InfoActivity,realbug-1640-onCreate-InfoActivity/app/src/main/java/com/german_software_engineers/trainerapp/InfoActivity.java,"Disciption
The Licsense on the info Page is not completely written down.

To Reproduce
Steps to reproduce the behavior:

Open the Menu.
Click on 'Info'
Scroll down to the end.
See the error
Expected behavior
The License schould be set completely","    protected void onCreate(Bundle savedInstanceState) {
        super.onCreate(savedInstanceState);
        setContentView(R.layout.activity_info);
        Toolbar toolbar = (Toolbar) findViewById(R.id.toolbar);
        setSupportActionBar(toolbar);

        FloatingActionButton fab = findViewById(R.id.fab);
        fab.setOnClickListener(view -> Snackbar.make(view,
                ""Contact us on GitHub"", Snackbar.LENGTH_LONG)
                .setAction(""Action"", null).show());
        getSupportActionBar().setDisplayHomeAsUpEnabled(true);
    }","    protected void onCreate(Bundle savedInstanceState) {
        super.onCreate(savedInstanceState);
        setContentView(R.layout.activity_info);
        Toolbar toolbar = findViewById(R.id.toolbar);
        setSupportActionBar(toolbar);

        FloatingActionButton fab = findViewById(R.id.fab);
        fab.setOnClickListener(view -> Snackbar.make(view,
                ""Contact us on GitHub"", Snackbar.LENGTH_LONG)
                .setAction(""Action"", null).show());
        getSupportActionBar().setDisplayHomeAsUpEnabled(true);

        makeConnections();
    }","    protected void onCreate(Bundle savedInstanceState) {
        super.onCreate(savedInstanceState);
        setContentView(R.layout.activity_info);
-       Toolbar toolbar = (Toolbar) findViewById(R.id.toolbar);
+      Toolbar toolbar = findViewById(R.id.toolbar);
        setSupportActionBar(toolbar);


        FloatingActionButton fab = findViewById(R.id.fab);
        fab.setOnClickListener(view -> Snackbar.make(view,
                ""Contact us on GitHub"", Snackbar.LENGTH_LONG)
                .setAction(""Action"", null).show());
        getSupportActionBar().setDisplayHomeAsUpEnabled(true);

+      makeConnections();
    }","    protected void onCreate(Bundle savedInstanceState) {
        super.onCreate(savedInstanceState);
        setContentView(R.layout.activity_info);
        <Chunk_For_Modification>
        setSupportActionBar(toolbar);

        FloatingActionButton fab = findViewById(R.id.fab);
        fab.setOnClickListener(view -> Snackbar.make(view,
                ""Contact us on GitHub"", Snackbar.LENGTH_LONG)
                .setAction(""Action"", null).show());
        getSupportActionBar().setDisplayHomeAsUpEnabled(true);

        <Chunk_For_Modification>
    }","    protected void onCreate(Bundle savedInstanceState) {
        super.onCreate(savedInstanceState);
        setContentView(R.layout.activity_info);
        >>> [ INFILL ] <<<
        setSupportActionBar(toolbar);

        FloatingActionButton fab = findViewById(R.id.fab);
        fab.setOnClickListener(view -> Snackbar.make(view,
                ""Contact us on GitHub"", Snackbar.LENGTH_LONG)
                .setAction(""Action"", null).show());
        getSupportActionBar().setDisplayHomeAsUpEnabled(true);

        >>> [ INFILL ] <<<
    }",,,,,,0,,2,1
realbug-1641-onStart,realbug-1641-onStart/app/src/main/java/com/german_software_engineers/trainerapp/ExerciseView/Activity/ExerciseViewActivity.java,"Bug
If you choose Something at the TrainingsTypeSlider, there is no compliance of the value.

To Reproduce
Steps to reproduce the behavior:

Open the Exercise Editor
Change Something
See error
Expected behavior
The value of the Slider should be stored in the XML-File and be Listed in the Schedule View.
","    protected void onStart() {
        super.onStart();
        TextView ScheduleInfo = findViewById(R.id.ScheduleInfo);

        fragment = ExcersizeListFragment.newInstance(1, ActiveSchedule.getName(), Controller);
        getSupportFragmentManager().beginTransaction().replace(R.id.execView, fragment).commit();

        String scheduleInfo = String.format(getResources().getString(R.string.ScheduleInfo), ActiveSchedule.getRepetitions(), ActiveSchedule.getPauseTime(), ActiveSchedule.getSets(), ActiveSchedule.getSpeed());
        ScheduleInfo.setText(scheduleInfo);
    }","    protected void onStart() {
        super.onStart();
        TextView ScheduleInfo = findViewById(R.id.ScheduleInfo);

        fragment = ExcersizeListFragment.newInstance(1, ActiveSchedule.getName(), Controller);
        getSupportFragmentManager().beginTransaction().replace(R.id.execView, fragment).commit();

        String scheduleInfo = String.format(getResources().getString(R.string.ScheduleInfo), ActiveSchedule.getRepetitions(), ActiveSchedule.getPauseTime(), ActiveSchedule.getSets(), ActiveSchedule.getSpeed(), ActiveSchedule.getTrainingsType().toString());
        ScheduleInfo.setText(scheduleInfo);
    }","    protected void onStart() {
        super.onStart();
        TextView ScheduleInfo = findViewById(R.id.ScheduleInfo);

        fragment = ExcersizeListFragment.newInstance(1, ActiveSchedule.getName(), Controller);
        getSupportFragmentManager().beginTransaction().replace(R.id.execView, fragment).commit();

-       String scheduleInfo = String.format(getResources().getString(R.string.ScheduleInfo), ActiveSchedule.getRepetitions(), ActiveSchedule.getPauseTime(), ActiveSchedule.getSets(), ActiveSchedule.getSpeed());
+      String scheduleInfo = String.format(getResources().getString(R.string.ScheduleInfo), ActiveSchedule.getRepetitions(), ActiveSchedule.getPauseTime(), ActiveSchedule.getSets(), ActiveSchedule.getSpeed(), ActiveSchedule.getTrainingsType().toString());
        ScheduleInfo.setText(scheduleInfo);
    }","    protected void onStart() {
        super.onStart();
        TextView ScheduleInfo = findViewById(R.id.ScheduleInfo);

        fragment = ExcersizeListFragment.newInstance(1, ActiveSchedule.getName(), Controller);
        getSupportFragmentManager().beginTransaction().replace(R.id.execView, fragment).commit();

        <Chunk_For_Modification>
        ScheduleInfo.setText(scheduleInfo);
    }","    protected void onStart() {
        super.onStart();
        TextView ScheduleInfo = findViewById(R.id.ScheduleInfo);

        fragment = ExcersizeListFragment.newInstance(1, ActiveSchedule.getName(), Controller);
        getSupportFragmentManager().beginTransaction().replace(R.id.execView, fragment).commit();

        >>> [ INFILL ] <<<
        ScheduleInfo.setText(scheduleInfo);
    }",,,,,,0,2,1,1
realbug-1641-onCreate,realbug-1641-onCreate/app/src/main/java/com/german_software_engineers/trainerapp/ScheduleView/GeneralTrainingScheduleEditor.java,"Bug
If you choose Something at the TrainingsTypeSlider, there is no compliance of the value.

To Reproduce
Steps to reproduce the behavior:

Open the Exercise Editor
Change Something
See error
Expected behavior
The value of the Slider should be stored in the XML-File and be Listed in the Schedule View.
","    protected void onCreate(Bundle savedInstanceState) {
        super.onCreate(savedInstanceState);
        setContentView(R.layout.activity_general_training_schedule_editor);
        Toolbar toolbar = (Toolbar) findViewById(R.id.toolbar);
        setSupportActionBar(toolbar);

        FloatingActionButton fab = (FloatingActionButton) findViewById(R.id.fab);
        fab.setOnClickListener(new View.OnClickListener() {
            @Override
            public void onClick(View view) {
                openNextActivity();
            }
        });
        getSupportActionBar().setDisplayHomeAsUpEnabled(true);
        if(((ApplicationManager)getApplication()).getApplicationModel().activeSchedule()!=null){
            decorateGuiWithActiveSchedule();
        }
    }","    protected void onCreate(Bundle savedInstanceState) {
        super.onCreate(savedInstanceState);
        setContentView(R.layout.activity_general_training_schedule_editor);
        Toolbar toolbar = findViewById(R.id.toolbar);
        setSupportActionBar(toolbar);

        FloatingActionButton fab = findViewById(R.id.fab);
        fab.setOnClickListener(view -> openNextActivity());
        getSupportActionBar().setDisplayHomeAsUpEnabled(true);
        if(((ApplicationManager)getApplication()).getApplicationModel().activeSchedule()!=null){
            decorateGuiWithActiveSchedule();
        }
    }","    protected void onCreate(Bundle savedInstanceState) {
        super.onCreate(savedInstanceState);
        setContentView(R.layout.activity_general_training_schedule_editor);
-       Toolbar toolbar = (Toolbar) findViewById(R.id.toolbar);
+      Toolbar toolbar = findViewById(R.id.toolbar);
        setSupportActionBar(toolbar);

-       FloatingActionButton fab = (FloatingActionButton) findViewById(R.id.fab);
-       fab.setOnClickListener(new View.OnClickListener() {
-           @Override
-           public void onClick(View view) {
-               openNextActivity();
-           }
-       });
+      FloatingActionButton fab = findViewById(R.id.fab);
+      fab.setOnClickListener(view -> openNextActivity());
        getSupportActionBar().setDisplayHomeAsUpEnabled(true);
        if(((ApplicationManager)getApplication()).getApplicationModel().activeSchedule()!=null){
           decorateGuiWithActiveSchedule();
        }
    }","    protected void onCreate(Bundle savedInstanceState) {
        super.onCreate(savedInstanceState);
        setContentView(R.layout.activity_general_training_schedule_editor);
         <Chunk_For_Modification>
        setSupportActionBar(toolbar);
         <Chunk_For_Modification>
        getSupportActionBar().setDisplayHomeAsUpEnabled(true);
        if(((ApplicationManager)getApplication()).getApplicationModel().activeSchedule()!=null){
           decorateGuiWithActiveSchedule();
        }
    }","    protected void onCreate(Bundle savedInstanceState) {
        super.onCreate(savedInstanceState);
        setContentView(R.layout.activity_general_training_schedule_editor);
         >>> [ INFILL ] <<<
        setSupportActionBar(toolbar);
         >>> [ INFILL ] <<<
        getSupportActionBar().setDisplayHomeAsUpEnabled(true);
        if(((ApplicationManager)getApplication()).getApplicationModel().activeSchedule()!=null){
           decorateGuiWithActiveSchedule();
        }
    }",,,,,,0,,3,8
realbug-1641-addScheduleToModel,realbug-1641-addScheduleToModel/app/src/main/java/com/german_software_engineers/trainerapp/ScheduleView/GeneralTrainingScheduleEditor.java,"Bug
If you choose Something at the TrainingsTypeSlider, there is no compliance of the value.

To Reproduce
Steps to reproduce the behavior:

Open the Exercise Editor
Change Something
See error
Expected behavior
The value of the Slider should be stored in the XML-File and be Listed in the Schedule View.
","    private boolean addScheduleToModel(){
        if(((EditText)findViewById(R.id.nameTextEdit)).getText().toString().isEmpty())
        {
            ((EditText)findViewById(R.id.nameTextEdit)).setError(""Please type a name in"");
            return false;
        }

        Schedule schedule = new Schedule(((EditText)findViewById(R.id.nameTextEdit)).getText().toString());

        Integer reps = 0;
        if(!((EditText)findViewById(R.id.repEdit)).getText().toString().isEmpty()) {
            reps = Integer.valueOf(((EditText) findViewById(R.id.repEdit)).getText().toString());
            schedule.setRepetitions(reps);
        }

        Integer pause = 0;
        if(!((EditText)findViewById(R.id.pauseEdit)).getText().toString().isEmpty()) {
            pause = Integer.valueOf((((EditText) findViewById(R.id.pauseEdit)).getText().toString()));
            schedule.setPauseTime(pause);
        }

        Integer sets = 0;
        if(!((EditText)findViewById(R.id.setEdit)).getText().toString().isEmpty()) {
            sets = Integer.valueOf(((EditText) findViewById(R.id.setEdit)).getText().toString());
            schedule.setSets(sets);
        }

        Integer speed = 0;
        if(!((EditText)findViewById(R.id.speedEdit)).getText().toString().isEmpty()) {
            speed = Integer.valueOf(((EditText) findViewById(R.id.speedEdit)).getText().toString());
            schedule.setSpeed(speed);
        }


       try {
           ((ApplicationManager)getApplication()).getApplicationModel().addSchedule(schedule);
       } catch (ScheduleAvailableException e) {
           e.printStackTrace();
       }
        return true;
    }","    private boolean addScheduleToModel() {
        if (((EditText) findViewById(R.id.nameTextEdit)).getText().toString().isEmpty()) {
            ((EditText) findViewById(R.id.nameTextEdit)).setError(getString(R.string.NoNameError));
            return false;
        }
        Schedule schedule;

        if(((ApplicationManager)getApplication()).getApplicationModel().activeSchedule()!=null)
            schedule = ((ApplicationManager)getApplication()).getApplicationModel().activeSchedule();
        else
            schedule = new Schedule(((EditText) findViewById(R.id.nameTextEdit)).getText().toString());

        schedule.setTrainingsType(TrainingsTypes.values()[(int)((Spinner)findViewById(R.id.trainSpinner)).getSelectedItemId()]);

        Integer reps = 0;
        if (!((EditText) findViewById(R.id.repEdit)).getText().toString().isEmpty()) {
            reps = Integer.valueOf(((EditText) findViewById(R.id.repEdit)).getText().toString());
            schedule.setRepetitions(reps);
        }

        Integer pause = 0;
        if (!((EditText) findViewById(R.id.pauseEdit)).getText().toString().isEmpty()) {
            pause = Integer.valueOf((((EditText) findViewById(R.id.pauseEdit)).getText().toString()));
            schedule.setPauseTime(pause);
        }

        Integer sets = 0;
        if (!((EditText) findViewById(R.id.setEdit)).getText().toString().isEmpty()) {
            sets = Integer.valueOf(((EditText) findViewById(R.id.setEdit)).getText().toString());
            schedule.setSets(sets);
        }

        Integer speed = 0;
        if (!((EditText) findViewById(R.id.speedEdit)).getText().toString().isEmpty()) {
            speed = Integer.valueOf(((EditText) findViewById(R.id.speedEdit)).getText().toString());
            schedule.setSpeed(speed);
        }

        if (((ApplicationManager) getApplication()).getApplicationModel().activeSchedule() == null) {
            try {
                ((ApplicationManager) getApplication()).getApplicationModel().addSchedule(schedule);
                ((ApplicationManager) getApplication()).getApplicationModel().setActiveSchedule(schedule);
            } catch (ScheduleAvailableException e) {
                e.printStackTrace();
            }
            return true;
        }else{
            return true;
        }
    }","    private boolean addScheduleToModel() {
        if (((EditText) findViewById(R.id.nameTextEdit)).getText().toString().isEmpty()) {
-           ((EditText)findViewById(R.id.nameTextEdit)).setError(""Please type a name in"");
+          ((EditText) findViewById(R.id.nameTextEdit)).setError(getString(R.string.NoNameError));
            return false;
        }

-       Schedule schedule = new Schedule(((EditText)findViewById(R.id.nameTextEdit)).getText().toString());
+      Schedule schedule;

+      if(((ApplicationManager)getApplication()).getApplicationModel().activeSchedule()!=null)
+          schedule = ((ApplicationManager)getApplication()).getApplicationModel().activeSchedule();
+      else
+          schedule = new Schedule(((EditText) findViewById(R.id.nameTextEdit)).getText().toString());

+      schedule.setTrainingsType(TrainingsTypes.values()[(int)((Spinner)findViewById(R.id.trainSpinner)).getSelectedItemId()]);

        Integer reps = 0;
        if (!((EditText) findViewById(R.id.repEdit)).getText().toString().isEmpty()) {
            reps = Integer.valueOf(((EditText) findViewById(R.id.repEdit)).getText().toString());
            schedule.setRepetitions(reps);
        }

        Integer pause = 0;
        if (!((EditText) findViewById(R.id.pauseEdit)).getText().toString().isEmpty()) {
            pause = Integer.valueOf((((EditText) findViewById(R.id.pauseEdit)).getText().toString()));
            schedule.setPauseTime(pause);
        }

        Integer sets = 0;
        if (!((EditText) findViewById(R.id.setEdit)).getText().toString().isEmpty()) {
            sets = Integer.valueOf(((EditText) findViewById(R.id.setEdit)).getText().toString());
            schedule.setSets(sets);
        }

        Integer speed = 0;
        if (!((EditText) findViewById(R.id.speedEdit)).getText().toString().isEmpty()) {
            speed = Integer.valueOf(((EditText) findViewById(R.id.speedEdit)).getText().toString());
            schedule.setSpeed(speed);
        }

+      if (((ApplicationManager) getApplication()).getApplicationModel().activeSchedule() == null) {
            try {
                ((ApplicationManager) getApplication()).getApplicationModel().addSchedule(schedule);
+              ((ApplicationManager) getApplication()).getApplicationModel().setActiveSchedule(schedule);
            } catch (ScheduleAvailableException e) {
                e.printStackTrace();
            }
            return true;
+      }else{
+          return true;
+      }
    }","    private boolean addScheduleToModel() {
        if (((EditText) findViewById(R.id.nameTextEdit)).getText().toString().isEmpty()) {
            <Chunk_For_Modification>
            return false;
        }

         <Chunk_For_Modification>

        Integer reps = 0;
        if (!((EditText) findViewById(R.id.repEdit)).getText().toString().isEmpty()) {
            reps = Integer.valueOf(((EditText) findViewById(R.id.repEdit)).getText().toString());
            schedule.setRepetitions(reps);
        }

        Integer pause = 0;
        if (!((EditText) findViewById(R.id.pauseEdit)).getText().toString().isEmpty()) {
            pause = Integer.valueOf((((EditText) findViewById(R.id.pauseEdit)).getText().toString()));
            schedule.setPauseTime(pause);
        }

        Integer sets = 0;
        if (!((EditText) findViewById(R.id.setEdit)).getText().toString().isEmpty()) {
            sets = Integer.valueOf(((EditText) findViewById(R.id.setEdit)).getText().toString());
            schedule.setSets(sets);
        }

        Integer speed = 0;
        if (!((EditText) findViewById(R.id.speedEdit)).getText().toString().isEmpty()) {
            speed = Integer.valueOf(((EditText) findViewById(R.id.speedEdit)).getText().toString());
            schedule.setSpeed(speed);
        }

            <Chunk_For_Modification>
            try {
                ((ApplicationManager) getApplication()).getApplicationModel().addSchedule(schedule);
                 <Chunk_For_Modification>
            } catch (ScheduleAvailableException e) {
                e.printStackTrace();
            }
            return true;
            <Chunk_For_Modification>
    }","    private boolean addScheduleToModel() {
        if (((EditText) findViewById(R.id.nameTextEdit)).getText().toString().isEmpty()) {
            >>> [ INFILL ] <<<
            return false;
        }

         >>> [ INFILL ] <<<

        Integer reps = 0;
        if (!((EditText) findViewById(R.id.repEdit)).getText().toString().isEmpty()) {
            reps = Integer.valueOf(((EditText) findViewById(R.id.repEdit)).getText().toString());
            schedule.setRepetitions(reps);
        }

        Integer pause = 0;
        if (!((EditText) findViewById(R.id.pauseEdit)).getText().toString().isEmpty()) {
            pause = Integer.valueOf((((EditText) findViewById(R.id.pauseEdit)).getText().toString()));
            schedule.setPauseTime(pause);
        }

        Integer sets = 0;
        if (!((EditText) findViewById(R.id.setEdit)).getText().toString().isEmpty()) {
            sets = Integer.valueOf(((EditText) findViewById(R.id.setEdit)).getText().toString());
            schedule.setSets(sets);
        }

        Integer speed = 0;
        if (!((EditText) findViewById(R.id.speedEdit)).getText().toString().isEmpty()) {
            speed = Integer.valueOf(((EditText) findViewById(R.id.speedEdit)).getText().toString());
            schedule.setSpeed(speed);
        }

            >>> [ INFILL ] <<<
            try {
                ((ApplicationManager) getApplication()).getApplicationModel().addSchedule(schedule);
                 >>> [ INFILL ] <<<
            } catch (ScheduleAvailableException e) {
                e.printStackTrace();
            }
            return true;
            >>> [ INFILL ] <<<
    }",,,,,,,,12,2
realbug-1645-generateExcercise,realbug-1645-generateExcercise/app/src/main/java/com/german_software_engineers/trainerapp/ExerciseDialog.java,"Describtion
App crashes if the user checks the Angle Box in the Add Exercise Dialog.

To Reproduce
Steps to reproduce the behavior:

Try to generate a new Trainings Schedule
Click on Add Exercise
Give the Exercise a name and check the Angle box.
Put a Number in the Textbox
Finish the Dialog
See the Error
Expected behavior
No Crash and a added Exercise.","    public void generateExcercise(){
        String name = ((TextView)dialog.findViewById(R.id.exerciseName)).getText().toString();

        boolean isSeatActivated = ((CheckBox)dialog.findViewById(R.id.seatCheckBox)).isChecked();
        Integer seatPos = 0;
        if(isSeatActivated)
            seatPos = Integer.valueOf(((TextView)dialog.findViewById(R.id.SeatEdit)).getText().toString());

        boolean isLegActivated = ((CheckBox)dialog.findViewById(R.id.LegCheckBox)).isChecked();
        Integer LegPos = 0;
        if(isLegActivated)
            LegPos = Integer.valueOf(((TextView)dialog.findViewById(R.id.LegEdit)).getText().toString());

        boolean isFootActivated = ((CheckBox)dialog.findViewById(R.id.FootCheckBox)).isChecked();
        Integer footPos = 0;
        if(isFootActivated)
            footPos = Integer.valueOf(((TextView)dialog.findViewById(R.id.FootEdit)).getText().toString());

        boolean isAngnleActivated = ((CheckBox)dialog.findViewById(R.id.AngleCheckBox)).isChecked();
        Integer anglePos = 0;
        if(isAngnleActivated)
            anglePos = Integer.valueOf(((TextView)dialog.findViewById(R.id.AngleEdit)).getText().toString());

        boolean isBackActivated = ((CheckBox)dialog.findViewById(R.id.BackCheckBox)).isChecked();
        Integer backPos = 0;
        if(isAngnleActivated)
            backPos = Integer.valueOf(((TextView)dialog.findViewById(R.id.BackEdit)).getText().toString());

        boolean isWeightActivated = ((CheckBox)dialog.findViewById(R.id.WeightCheckBox)).isChecked();
        Double weight = 0.0;
        if(isWeightActivated)
            weight = Double.valueOf(((TextView)dialog.findViewById(R.id.WeightEdit)).getText().toString());

        Exercise exc = new Exercise(name,isSeatActivated, isLegActivated,isFootActivated,isAngnleActivated,isWeightActivated, isBackActivated);
        exc.setAnglePosition(anglePos.intValue());
        exc.setFootPosition(footPos.intValue());
        exc.setLegPosition(LegPos.intValue());
        exc.setSeatPosition(seatPos.intValue());
        exc.setWeight(weight.doubleValue());
        exc.setBackPosition(backPos.intValue());

        Schedule.addExercise(exc);
    }","    public void generateExcercise(){
        String name = ((TextView)dialog.findViewById(R.id.exerciseName)).getText().toString();

        boolean isSeatActivated = ((CheckBox)dialog.findViewById(R.id.seatCheckBox)).isChecked();
        Integer seatPos = 0;
        if(isSeatActivated)
            seatPos = Integer.valueOf(((TextView)dialog.findViewById(R.id.SeatEdit)).getText().toString());

        boolean isLegActivated = ((CheckBox)dialog.findViewById(R.id.LegCheckBox)).isChecked();
        Integer LegPos = 0;
        if(isLegActivated)
            LegPos = Integer.valueOf(((TextView)dialog.findViewById(R.id.LegEdit)).getText().toString());

        boolean isFootActivated = ((CheckBox)dialog.findViewById(R.id.FootCheckBox)).isChecked();
        Integer footPos = 0;
        if(isFootActivated)
            footPos = Integer.valueOf(((TextView)dialog.findViewById(R.id.FootEdit)).getText().toString());

        boolean isAngnleActivated = ((CheckBox)dialog.findViewById(R.id.AngleCheckBox)).isChecked();
        Integer anglePos = 0;
        if(isAngnleActivated)
            anglePos = Integer.valueOf(((TextView)dialog.findViewById(R.id.AngleEdit)).getText().toString());

        boolean isBackActivated = ((CheckBox)dialog.findViewById(R.id.BackCheckBox)).isChecked();
        Integer backPos = 0;
        if(isBackActivated)
            backPos = Integer.valueOf(((TextView)dialog.findViewById(R.id.BackEdit)).getText().toString());

        boolean isWeightActivated = ((CheckBox)dialog.findViewById(R.id.WeightCheckBox)).isChecked();
        Double weight = 0.0;
        if(isWeightActivated)
            weight = Double.valueOf(((TextView)dialog.findViewById(R.id.WeightEdit)).getText().toString());

        Exercise exc = new Exercise(name,isSeatActivated, isLegActivated,isFootActivated,isAngnleActivated,isWeightActivated, isBackActivated);
        exc.setAnglePosition(anglePos.intValue());
        exc.setFootPosition(footPos.intValue());
        exc.setLegPosition(LegPos.intValue());
        exc.setSeatPosition(seatPos.intValue());
        exc.setWeight(weight.doubleValue());
        exc.setBackPosition(backPos.intValue());

        Schedule.addExercise(exc);
    }","    public void generateExcercise(){
        String name = ((TextView)dialog.findViewById(R.id.exerciseName)).getText().toString();

        boolean isSeatActivated = ((CheckBox)dialog.findViewById(R.id.seatCheckBox)).isChecked();
        Integer seatPos = 0;
        if(isSeatActivated)
            seatPos = Integer.valueOf(((TextView)dialog.findViewById(R.id.SeatEdit)).getText().toString());

        boolean isLegActivated = ((CheckBox)dialog.findViewById(R.id.LegCheckBox)).isChecked();
        Integer LegPos = 0;
        if(isLegActivated)
            LegPos = Integer.valueOf(((TextView)dialog.findViewById(R.id.LegEdit)).getText().toString());

        boolean isFootActivated = ((CheckBox)dialog.findViewById(R.id.FootCheckBox)).isChecked();
        Integer footPos = 0;
        if(isFootActivated)
            footPos = Integer.valueOf(((TextView)dialog.findViewById(R.id.FootEdit)).getText().toString());

        boolean isAngnleActivated = ((CheckBox)dialog.findViewById(R.id.AngleCheckBox)).isChecked();
        Integer anglePos = 0;
        if(isAngnleActivated)
            anglePos = Integer.valueOf(((TextView)dialog.findViewById(R.id.AngleEdit)).getText().toString());

        boolean isBackActivated = ((CheckBox)dialog.findViewById(R.id.BackCheckBox)).isChecked();
        Integer backPos = 0;
-       if(isAngnleActivated)
+      if(isBackActivated)
            backPos = Integer.valueOf(((TextView)dialog.findViewById(R.id.BackEdit)).getText().toString());

        boolean isWeightActivated = ((CheckBox)dialog.findViewById(R.id.WeightCheckBox)).isChecked();
        Double weight = 0.0;
        if(isWeightActivated)
            weight = Double.valueOf(((TextView)dialog.findViewById(R.id.WeightEdit)).getText().toString());

        Exercise exc = new Exercise(name,isSeatActivated, isLegActivated,isFootActivated,isAngnleActivated,isWeightActivated, isBackActivated);
        exc.setAnglePosition(anglePos.intValue());
        exc.setFootPosition(footPos.intValue());
        exc.setLegPosition(LegPos.intValue());
        exc.setSeatPosition(seatPos.intValue());
        exc.setWeight(weight.doubleValue());
        exc.setBackPosition(backPos.intValue());

        Schedule.addExercise(exc);
    }","    public void generateExcercise(){
        String name = ((TextView)dialog.findViewById(R.id.exerciseName)).getText().toString();

        boolean isSeatActivated = ((CheckBox)dialog.findViewById(R.id.seatCheckBox)).isChecked();
        Integer seatPos = 0;
        if(isSeatActivated)
            seatPos = Integer.valueOf(((TextView)dialog.findViewById(R.id.SeatEdit)).getText().toString());

        boolean isLegActivated = ((CheckBox)dialog.findViewById(R.id.LegCheckBox)).isChecked();
        Integer LegPos = 0;
        if(isLegActivated)
            LegPos = Integer.valueOf(((TextView)dialog.findViewById(R.id.LegEdit)).getText().toString());

        boolean isFootActivated = ((CheckBox)dialog.findViewById(R.id.FootCheckBox)).isChecked();
        Integer footPos = 0;
        if(isFootActivated)
            footPos = Integer.valueOf(((TextView)dialog.findViewById(R.id.FootEdit)).getText().toString());

        boolean isAngnleActivated = ((CheckBox)dialog.findViewById(R.id.AngleCheckBox)).isChecked();
        Integer anglePos = 0;
        if(isAngnleActivated)
            anglePos = Integer.valueOf(((TextView)dialog.findViewById(R.id.AngleEdit)).getText().toString());

        boolean isBackActivated = ((CheckBox)dialog.findViewById(R.id.BackCheckBox)).isChecked();
        Integer backPos = 0;
         <Chunk_For_Modification>
            backPos = Integer.valueOf(((TextView)dialog.findViewById(R.id.BackEdit)).getText().toString());

        boolean isWeightActivated = ((CheckBox)dialog.findViewById(R.id.WeightCheckBox)).isChecked();
        Double weight = 0.0;
        if(isWeightActivated)
            weight = Double.valueOf(((TextView)dialog.findViewById(R.id.WeightEdit)).getText().toString());

        Exercise exc = new Exercise(name,isSeatActivated, isLegActivated,isFootActivated,isAngnleActivated,isWeightActivated, isBackActivated);
        exc.setAnglePosition(anglePos.intValue());
        exc.setFootPosition(footPos.intValue());
        exc.setLegPosition(LegPos.intValue());
        exc.setSeatPosition(seatPos.intValue());
        exc.setWeight(weight.doubleValue());
        exc.setBackPosition(backPos.intValue());

        Schedule.addExercise(exc);
    }","    public void generateExcercise(){
        String name = ((TextView)dialog.findViewById(R.id.exerciseName)).getText().toString();

        boolean isSeatActivated = ((CheckBox)dialog.findViewById(R.id.seatCheckBox)).isChecked();
        Integer seatPos = 0;
        if(isSeatActivated)
            seatPos = Integer.valueOf(((TextView)dialog.findViewById(R.id.SeatEdit)).getText().toString());

        boolean isLegActivated = ((CheckBox)dialog.findViewById(R.id.LegCheckBox)).isChecked();
        Integer LegPos = 0;
        if(isLegActivated)
            LegPos = Integer.valueOf(((TextView)dialog.findViewById(R.id.LegEdit)).getText().toString());

        boolean isFootActivated = ((CheckBox)dialog.findViewById(R.id.FootCheckBox)).isChecked();
        Integer footPos = 0;
        if(isFootActivated)
            footPos = Integer.valueOf(((TextView)dialog.findViewById(R.id.FootEdit)).getText().toString());

        boolean isAngnleActivated = ((CheckBox)dialog.findViewById(R.id.AngleCheckBox)).isChecked();
        Integer anglePos = 0;
        if(isAngnleActivated)
            anglePos = Integer.valueOf(((TextView)dialog.findViewById(R.id.AngleEdit)).getText().toString());

        boolean isBackActivated = ((CheckBox)dialog.findViewById(R.id.BackCheckBox)).isChecked();
        Integer backPos = 0;
         >>> [ INFILL ] <<<
            backPos = Integer.valueOf(((TextView)dialog.findViewById(R.id.BackEdit)).getText().toString());

        boolean isWeightActivated = ((CheckBox)dialog.findViewById(R.id.WeightCheckBox)).isChecked();
        Double weight = 0.0;
        if(isWeightActivated)
            weight = Double.valueOf(((TextView)dialog.findViewById(R.id.WeightEdit)).getText().toString());

        Exercise exc = new Exercise(name,isSeatActivated, isLegActivated,isFootActivated,isAngnleActivated,isWeightActivated, isBackActivated);
        exc.setAnglePosition(anglePos.intValue());
        exc.setFootPosition(footPos.intValue());
        exc.setLegPosition(LegPos.intValue());
        exc.setSeatPosition(seatPos.intValue());
        exc.setWeight(weight.doubleValue());
        exc.setBackPosition(backPos.intValue());

        Schedule.addExercise(exc);
    }",,,,,,,1,1,1