slug,class_path,comment,buggy_code,solution,diff,located_code,infill_code,buggy_line,fixed_line,prefix,suffix,comments,buggy_line_numbers,buggy_method_start_line,buggy_method_end_line,Categories,Checked,Comments,Lines removed,Lines added,Total Line change,# of methods,# of files
bug-18-showStockDialog,bug-18-showStockDialog/Calendula/src/main/java/es/usc/citius/servando/calendula/fragments/MedicineCreateOrEditFragment.java,"Version

2.5.7 from F-Droid

Steps to reproduce

Edit a medicine
Tap the '+' or '-' button
Expected outcome

The add/remove dialog gets displayed.

Actual outcome

I get kicked back to the medicine screen.

Exception

FATAL EXCEPTION: main
Process: es.usc.citius.servando.calendula, PID: 6220
java.lang.IllegalStateException: Fragment b{f3e5022 #0 number_dialog} declared target fragment MedicineCreateOrEditFragment{8239cfe #0 id=0x7f0901de android:switcher:2131296734:0} that does not belong to this FragmentManager!
        at android.support.v4.app.p.a(Unknown Source:303)
        at android.support.v4.app.p.e(Unknown Source:38)
        at android.support.v4.app.p.a(Unknown Source:45)
        at android.support.v4.app.d.g(Unknown Source:169)
        at android.support.v4.app.p.b(Unknown Source:38)
        at android.support.v4.app.p.a(Unknown Source:112)
        at android.support.v4.app.p.b(Unknown Source:89)
        at android.support.v4.app.p.f(Unknown Source:21)
        at android.support.v4.app.p$1.run(Unknown Source:2)
        at android.os.Handler.handleCallback(Handler.java:808)
        at android.os.Handler.dispatchMessage(Handler.java:101)
        at android.os.Looper.loop(Looper.java:166)
        at android.app.ActivityThread.main(ActivityThread.java:7425)
        at java.lang.reflect.Method.invoke(Native Method)
        at com.android.internal.os.Zygote$MethodAndArgsCaller.run(Zygote.java:245)
        at com.android.internal.os.ZygoteInit.main(ZygoteInit.java:921)","    void showStockDialog(int ref) {
        NumberPickerBuilder npb =
                new NumberPickerBuilder()
                        .setMinNumber(BigDecimal.ONE)
                        //.setLabelText(ref == DIALOG_STOCK_ADD ? ""Increase stock by"" : ""Decrease stock by"")
                        .setDecimalVisibility(NumberPicker.VISIBLE)
                        .setPlusMinusVisibility(NumberPicker.INVISIBLE)
                        .setFragmentManager(getChildFragmentManager())
                        .setTargetFragment(this).setReference(ref)
                        .setStyleResId(R.style.BetterPickersDialogFragment_Calendula);
        npb.show();
    }","    void showStockDialog(int ref) {
        NumberPickerBuilder npb =
                new NumberPickerBuilder()
                        .setMinNumber(BigDecimal.ONE)
                        //.setLabelText(ref == DIALOG_STOCK_ADD ? ""Increase stock by"" : ""Decrease stock by"")
                        .setDecimalVisibility(NumberPicker.VISIBLE)
                        .setPlusMinusVisibility(NumberPicker.INVISIBLE)
                        .setFragmentManager(getActivity().getSupportFragmentManager())
                        .setTargetFragment(this).setReference(ref)
                        .setStyleResId(R.style.BetterPickersDialogFragment_Calendula);
        npb.show();
    }","    void showStockDialog(int ref) {
        NumberPickerBuilder npb =
                new NumberPickerBuilder()
                        .setMinNumber(BigDecimal.ONE)
                        //.setLabelText(ref == DIALOG_STOCK_ADD ? ""Increase stock by"" : ""Decrease stock by"")
                        .setDecimalVisibility(NumberPicker.VISIBLE)
                        .setPlusMinusVisibility(NumberPicker.INVISIBLE)
-                       .setFragmentManager(getChildFragmentManager())
+                      .setFragmentManager(getActivity().getSupportFragmentManager())
                        .setTargetFragment(this).setReference(ref)
                        .setStyleResId(R.style.BetterPickersDialogFragment_Calendula);
        npb.show();
    }","    void showStockDialog(int ref) {
        NumberPickerBuilder npb =
                new NumberPickerBuilder()
                        .setMinNumber(BigDecimal.ONE)
                        //.setLabelText(ref == DIALOG_STOCK_ADD ? ""Increase stock by"" : ""Decrease stock by"")
                        .setDecimalVisibility(NumberPicker.VISIBLE)
                        .setPlusMinusVisibility(NumberPicker.INVISIBLE)
                         <Chunk_For_Modification>
                        .setTargetFragment(this).setReference(ref)
                        .setStyleResId(R.style.BetterPickersDialogFragment_Calendula);
        npb.show();
    }","    void showStockDialog(int ref) {
        NumberPickerBuilder npb =
                new NumberPickerBuilder()
                        .setMinNumber(BigDecimal.ONE)
                        //.setLabelText(ref == DIALOG_STOCK_ADD ? ""Increase stock by"" : ""Decrease stock by"")
                        .setDecimalVisibility(NumberPicker.VISIBLE)
                        .setPlusMinusVisibility(NumberPicker.INVISIBLE)
                         >>> [ INFILL ] <<<
                        .setTargetFragment(this).setReference(ref)
                        .setStyleResId(R.style.BetterPickersDialogFragment_Calendula);
        npb.show();
    }",,,,,,,,,,,,1,1,2,6,3
bug-18-onClick-RoutineCreateOrEditFragment,bug-18-onClick-RoutineCreateOrEditFragment/Calendula/src/main/java/es/usc/citius/servando/calendula/fragments/RoutineCreateOrEditFragment.java,"Version

2.5.7 from F-Droid

Steps to reproduce

Edit a medicine
Tap the '+' or '-' button
Expected outcome

The add/remove dialog gets displayed.

Actual outcome

I get kicked back to the medicine screen.

Exception

FATAL EXCEPTION: main
Process: es.usc.citius.servando.calendula, PID: 6220
java.lang.IllegalStateException: Fragment b{f3e5022 #0 number_dialog} declared target fragment MedicineCreateOrEditFragment{8239cfe #0 id=0x7f0901de android:switcher:2131296734:0} that does not belong to this FragmentManager!
	at android.support.v4.app.p.a(Unknown Source:303)
	at android.support.v4.app.p.e(Unknown Source:38)
	at android.support.v4.app.p.a(Unknown Source:45)
	at android.support.v4.app.d.g(Unknown Source:169)
	at android.support.v4.app.p.b(Unknown Source:38)
	at android.support.v4.app.p.a(Unknown Source:112)
	at android.support.v4.app.p.b(Unknown Source:89)
	at android.support.v4.app.p.f(Unknown Source:21)
	at android.support.v4.app.p$1.run(Unknown Source:2)
	at android.os.Handler.handleCallback(Handler.java:808)
	at android.os.Handler.dispatchMessage(Handler.java:101)
	at android.os.Looper.loop(Looper.java:166)
	at android.app.ActivityThread.main(ActivityThread.java:7425)
	at java.lang.reflect.Method.invoke(Native Method)
	at com.android.internal.os.Zygote$MethodAndArgsCaller.run(Zygote.java:245)
	at com.android.internal.os.ZygoteInit.main(ZygoteInit.java:921)","            public void onClick(View v) {

                float density = getResources().getDisplayMetrics().densityDpi;
                LogUtil.d(TAG, ""Density: "" + density);
                if (density >= DisplayMetrics.DENSITY_XHIGH || Build.VERSION.SDK_INT <= Build.VERSION_CODES.KITKAT) {
                    RadialTimePickerDialogFragment timePickerFragment = new RadialTimePickerDialogFragment()
                            .setOnTimeSetListener(RoutineCreateOrEditFragment.this)
                            .setStartTime(hour, minute);
                    timePickerFragment.show(getActivity().getSupportFragmentManager(), ""TIME_PICKER_FRAGMENT"");
                } else {
                    TimePickerBuilder tpb = new TimePickerBuilder()
                            .setFragmentManager(getChildFragmentManager())
                            .setStyleResId(R.style.BetterPickersDialogFragment_Light);
                    tpb.addTimePickerDialogHandler(RoutineCreateOrEditFragment.this);
                    tpb.show();
                }

            }","            public void onClick(View v) {

                float density = getResources().getDisplayMetrics().densityDpi;
                LogUtil.d(TAG, ""Density: "" + density);
                if (density >= DisplayMetrics.DENSITY_XHIGH || Build.VERSION.SDK_INT <= Build.VERSION_CODES.KITKAT) {
                    RadialTimePickerDialogFragment timePickerFragment = new RadialTimePickerDialogFragment()
                            .setOnTimeSetListener(RoutineCreateOrEditFragment.this)
                            .setStartTime(hour, minute);
                    timePickerFragment.show(getActivity().getSupportFragmentManager(), ""TIME_PICKER_FRAGMENT"");
                } else {
                    TimePickerBuilder tpb = new TimePickerBuilder()
                            .setFragmentManager(getActivity().getSupportFragmentManager())
                            .setStyleResId(R.style.BetterPickersDialogFragment_Light);
                    tpb.addTimePickerDialogHandler(RoutineCreateOrEditFragment.this);
                    tpb.show();
                }

            }","            public void onClick(View v) {

                float density = getResources().getDisplayMetrics().densityDpi;
                LogUtil.d(TAG, ""Density: "" + density);
                if (density >= DisplayMetrics.DENSITY_XHIGH || Build.VERSION.SDK_INT <= Build.VERSION_CODES.KITKAT) {
                    RadialTimePickerDialogFragment timePickerFragment = new RadialTimePickerDialogFragment()
                            .setOnTimeSetListener(RoutineCreateOrEditFragment.this)
                            .setStartTime(hour, minute);
                    timePickerFragment.show(getActivity().getSupportFragmentManager(), ""TIME_PICKER_FRAGMENT"");
                } else {
                    TimePickerBuilder tpb = new TimePickerBuilder()
-                           .setFragmentManager(getChildFragmentManager())
+                          .setFragmentManager(getActivity().getSupportFragmentManager())
                            .setStyleResId(R.style.BetterPickersDialogFragment_Light);
                    tpb.addTimePickerDialogHandler(RoutineCreateOrEditFragment.this);
                    tpb.show();
                }

            }","            public void onClick(View v) {

                float density = getResources().getDisplayMetrics().densityDpi;
                LogUtil.d(TAG, ""Density: "" + density);
                if (density >= DisplayMetrics.DENSITY_XHIGH || Build.VERSION.SDK_INT <= Build.VERSION_CODES.KITKAT) {
                    RadialTimePickerDialogFragment timePickerFragment = new RadialTimePickerDialogFragment()
                            .setOnTimeSetListener(RoutineCreateOrEditFragment.this)
                            .setStartTime(hour, minute);
                    timePickerFragment.show(getActivity().getSupportFragmentManager(), ""TIME_PICKER_FRAGMENT"");
                } else {
                    TimePickerBuilder tpb = new TimePickerBuilder()
                             <Chunk_For_Modification>
                            .setStyleResId(R.style.BetterPickersDialogFragment_Light);
                    tpb.addTimePickerDialogHandler(RoutineCreateOrEditFragment.this);
                    tpb.show();
                }

            }","            public void onClick(View v) {

                float density = getResources().getDisplayMetrics().densityDpi;
                LogUtil.d(TAG, ""Density: "" + density);
                if (density >= DisplayMetrics.DENSITY_XHIGH || Build.VERSION.SDK_INT <= Build.VERSION_CODES.KITKAT) {
                    RadialTimePickerDialogFragment timePickerFragment = new RadialTimePickerDialogFragment()
                            .setOnTimeSetListener(RoutineCreateOrEditFragment.this)
                            .setStartTime(hour, minute);
                    timePickerFragment.show(getActivity().getSupportFragmentManager(), ""TIME_PICKER_FRAGMENT"");
                } else {
                    TimePickerBuilder tpb = new TimePickerBuilder()
                             >>> [ INFILL ] <<<
                            .setStyleResId(R.style.BetterPickersDialogFragment_Light);
                    tpb.addTimePickerDialogHandler(RoutineCreateOrEditFragment.this);
                    tpb.show();
                }

            }",,,,,,,,,,,,1,1,2,,
bug-18-onClick-ScheduleTimetableFragment,bug-18-onClick-ScheduleTimetableFragment/Calendula/src/main/java/es/usc/citius/servando/calendula/fragments/ScheduleTimetableFragment.java,"Version

2.5.7 from F-Droid

Steps to reproduce

Edit a medicine
Tap the '+' or '-' button
Expected outcome

The add/remove dialog gets displayed.

Actual outcome

I get kicked back to the medicine screen.

Exception

FATAL EXCEPTION: main
Process: es.usc.citius.servando.calendula, PID: 6220
java.lang.IllegalStateException: Fragment b{f3e5022 #0 number_dialog} declared target fragment MedicineCreateOrEditFragment{8239cfe #0 id=0x7f0901de android:switcher:2131296734:0} that does not belong to this FragmentManager!
	at android.support.v4.app.p.a(Unknown Source:303)
	at android.support.v4.app.p.e(Unknown Source:38)
	at android.support.v4.app.p.a(Unknown Source:45)
	at android.support.v4.app.d.g(Unknown Source:169)
	at android.support.v4.app.p.b(Unknown Source:38)
	at android.support.v4.app.p.a(Unknown Source:112)
	at android.support.v4.app.p.b(Unknown Source:89)
	at android.support.v4.app.p.f(Unknown Source:21)
	at android.support.v4.app.p$1.run(Unknown Source:2)
	at android.os.Handler.handleCallback(Handler.java:808)
	at android.os.Handler.dispatchMessage(Handler.java:101)
	at android.os.Looper.loop(Looper.java:166)
	at android.app.ActivityThread.main(ActivityThread.java:7425)
	at java.lang.reflect.Method.invoke(Native Method)
	at com.android.internal.os.Zygote$MethodAndArgsCaller.run(Zygote.java:245)
	at com.android.internal.os.ZygoteInit.main(ZygoteInit.java:921)","        hourlyIntervalFrom.setOnClickListener(new View.OnClickListener() {
            @Override
            public void onClick(View v) {

                DateTime time = schedule.startTime().toDateTimeToday();

                RadialTimePickerDialogFragment timePickerDialog =
                        new RadialTimePickerDialogFragment()
                                .setOnTimeSetListener(ScheduleTimetableFragment.this)
                                .setStartTime(time.getHourOfDay(), time.getMinuteOfHour());
                timePickerDialog.show(getChildFragmentManager(), ""111"");
            }
        });
","        hourlyIntervalFrom.setOnClickListener(new View.OnClickListener() {
            @Override
            public void onClick(View v) {

                DateTime time = schedule.startTime().toDateTimeToday();

                RadialTimePickerDialogFragment timePickerDialog =
                        new RadialTimePickerDialogFragment()
                                .setOnTimeSetListener(ScheduleTimetableFragment.this)
                                .setStartTime(time.getHourOfDay(), time.getMinuteOfHour());
                timePickerDialog.show(getActivity().getSupportFragmentManager(), ""111"");
            }
        });
","        hourlyIntervalFrom.setOnClickListener(new View.OnClickListener() {
            @Override
            public void onClick(View v) {

                DateTime time = schedule.startTime().toDateTimeToday();

                RadialTimePickerDialogFragment timePickerDialog =
                        new RadialTimePickerDialogFragment()
                                .setOnTimeSetListener(ScheduleTimetableFragment.this)
                                .setStartTime(time.getHourOfDay(), time.getMinuteOfHour());
-                 timePickerDialog.show(getChildFragmentManager(), ""111"");
+                timePickerDialog.show(getActivity().getSupportFragmentManager(), ""111"");
            }
        });
","        hourlyIntervalFrom.setOnClickListener(new View.OnClickListener() {
            @Override
            public void onClick(View v) {

                DateTime time = schedule.startTime().toDateTimeToday();

                RadialTimePickerDialogFragment timePickerDialog =
                        new RadialTimePickerDialogFragment()
                                .setOnTimeSetListener(ScheduleTimetableFragment.this)
                                .setStartTime(time.getHourOfDay(), time.getMinuteOfHour());
                <Chunk_For_Modification>
            }
        });
","        hourlyIntervalFrom.setOnClickListener(new View.OnClickListener() {
            @Override
            public void onClick(View v) {

                DateTime time = schedule.startTime().toDateTimeToday();

                RadialTimePickerDialogFragment timePickerDialog =
                        new RadialTimePickerDialogFragment()
                                .setOnTimeSetListener(ScheduleTimetableFragment.this)
                                .setStartTime(time.getHourOfDay(), time.getMinuteOfHour());
                 >>> [ INFILL ] <<<
            }
        });
",,,,,,,,,,,,1,1,2,,
bug-18-showIntervalPickerDialog,bug-18-showIntervalPickerDialog/Calendula/src/main/java/es/usc/citius/servando/calendula/fragments/ScheduleTimetableFragment.java,"Version

2.5.7 from F-Droid

Steps to reproduce

Edit a medicine
Tap the '+' or '-' button
Expected outcome

The add/remove dialog gets displayed.

Actual outcome

I get kicked back to the medicine screen.

Exception

FATAL EXCEPTION: main
Process: es.usc.citius.servando.calendula, PID: 6220
java.lang.IllegalStateException: Fragment b{f3e5022 #0 number_dialog} declared target fragment MedicineCreateOrEditFragment{8239cfe #0 id=0x7f0901de android:switcher:2131296734:0} that does not belong to this FragmentManager!
	at android.support.v4.app.p.a(Unknown Source:303)
	at android.support.v4.app.p.e(Unknown Source:38)
	at android.support.v4.app.p.a(Unknown Source:45)
	at android.support.v4.app.d.g(Unknown Source:169)
	at android.support.v4.app.p.b(Unknown Source:38)
	at android.support.v4.app.p.a(Unknown Source:112)
	at android.support.v4.app.p.b(Unknown Source:89)
	at android.support.v4.app.p.f(Unknown Source:21)
	at android.support.v4.app.p$1.run(Unknown Source:2)
	at android.os.Handler.handleCallback(Handler.java:808)
	at android.os.Handler.dispatchMessage(Handler.java:101)
	at android.os.Looper.loop(Looper.java:166)
	at android.app.ActivityThread.main(ActivityThread.java:7425)
	at java.lang.reflect.Method.invoke(Native Method)
	at com.android.internal.os.Zygote$MethodAndArgsCaller.run(Zygote.java:245)
	at com.android.internal.os.ZygoteInit.main(ZygoteInit.java:921)","    void showIntervalPickerDIalog() {
        NumberPickerBuilder npb =
                new NumberPickerBuilder().setDecimalVisibility(NumberPicker.INVISIBLE)
                        .setMinNumber(BigDecimal.ONE)
                        .setMaxNumber(BigDecimal.valueOf(31))
                        .setPlusMinusVisibility(NumberPicker.INVISIBLE)
                        .setFragmentManager(getChildFragmentManager())
                        .setTargetFragment(this).setReference(REF_DIALOG_ROUTINE_INTERVAL)
                        .setStyleResId(R.style.BetterPickersDialogFragment_Calendula);
        npb.show();
    }","    void showIntervalPickerDIalog() {
        NumberPickerBuilder npb =
                new NumberPickerBuilder().setDecimalVisibility(NumberPicker.INVISIBLE)
                        .setMinNumber(BigDecimal.ONE)
                        .setMaxNumber(BigDecimal.valueOf(31))
                        .setPlusMinusVisibility(NumberPicker.INVISIBLE)
                        .setFragmentManager(getActivity().getSupportFragmentManager())
                        .setTargetFragment(this).setReference(REF_DIALOG_ROUTINE_INTERVAL)
                        .setStyleResId(R.style.BetterPickersDialogFragment_Calendula);
        npb.show();
    }","    void showIntervalPickerDIalog() {
        NumberPickerBuilder npb =
                new NumberPickerBuilder().setDecimalVisibility(NumberPicker.INVISIBLE)
                        .setMinNumber(BigDecimal.ONE)
                        .setMaxNumber(BigDecimal.valueOf(31))
                        .setPlusMinusVisibility(NumberPicker.INVISIBLE)
-                       .setFragmentManager(getChildFragmentManager())
+                      .setFragmentManager(getActivity().getSupportFragmentManager())
                        .setTargetFragment(this).setReference(REF_DIALOG_ROUTINE_INTERVAL)
                        .setStyleResId(R.style.BetterPickersDialogFragment_Calendula);
        npb.show();
    }","    void showIntervalPickerDIalog() {
        NumberPickerBuilder npb =
                new NumberPickerBuilder().setDecimalVisibility(NumberPicker.INVISIBLE)
                        .setMinNumber(BigDecimal.ONE)
                        .setMaxNumber(BigDecimal.valueOf(31))
                        .setPlusMinusVisibility(NumberPicker.INVISIBLE)
                         <Chunk_For_Modification>
                        .setTargetFragment(this).setReference(REF_DIALOG_ROUTINE_INTERVAL)
                        .setStyleResId(R.style.BetterPickersDialogFragment_Calendula);
        npb.show();
    }","    void showIntervalPickerDIalog() {
        NumberPickerBuilder npb =
                new NumberPickerBuilder().setDecimalVisibility(NumberPicker.INVISIBLE)
                        .setMinNumber(BigDecimal.ONE)
                        .setMaxNumber(BigDecimal.valueOf(31))
                        .setPlusMinusVisibility(NumberPicker.INVISIBLE)
                         >>> [ INFILL ] <<<
                        .setTargetFragment(this).setReference(REF_DIALOG_ROUTINE_INTERVAL)
                        .setStyleResId(R.style.BetterPickersDialogFragment_Calendula);
        npb.show();
    }",,,,,,,,,,,,1,1,2,,
bug-18-showRecurrencePickerDialog,bug-18-showRecurrencePickerDialog/Calendula/src/main/java/es/usc/citius/servando/calendula/fragments/ScheduleTimetableFragment.java,"Version

2.5.7 from F-Droid

Steps to reproduce

Edit a medicine
Tap the '+' or '-' button
Expected outcome

The add/remove dialog gets displayed.

Actual outcome

I get kicked back to the medicine screen.

Exception

FATAL EXCEPTION: main
Process: es.usc.citius.servando.calendula, PID: 6220
java.lang.IllegalStateException: Fragment b{f3e5022 #0 number_dialog} declared target fragment MedicineCreateOrEditFragment{8239cfe #0 id=0x7f0901de android:switcher:2131296734:0} that does not belong to this FragmentManager!
	at android.support.v4.app.p.a(Unknown Source:303)
	at android.support.v4.app.p.e(Unknown Source:38)
	at android.support.v4.app.p.a(Unknown Source:45)
	at android.support.v4.app.d.g(Unknown Source:169)
	at android.support.v4.app.p.b(Unknown Source:38)
	at android.support.v4.app.p.a(Unknown Source:112)
	at android.support.v4.app.p.b(Unknown Source:89)
	at android.support.v4.app.p.f(Unknown Source:21)
	at android.support.v4.app.p$1.run(Unknown Source:2)
	at android.os.Handler.handleCallback(Handler.java:808)
	at android.os.Handler.dispatchMessage(Handler.java:101)
	at android.os.Looper.loop(Looper.java:166)
	at android.app.ActivityThread.main(ActivityThread.java:7425)
	at java.lang.reflect.Method.invoke(Native Method)
	at com.android.internal.os.Zygote$MethodAndArgsCaller.run(Zygote.java:245)
	at com.android.internal.os.ZygoteInit.main(ZygoteInit.java:921)","    void showRecurrencePickerDialog() {
        RecurrencePickerDialogFragment dialog = new RecurrencePickerDialogFragment();

        DateTime start = schedule.start() != null ? schedule.start().toDateTimeAtStartOfDay()
                : DateTime.now().withTimeAtStartOfDay();

        Bundle b = new Bundle();

        b.putString(RecurrencePickerDialogFragment.BUNDLE_RRULE,
                schedule.rule().toIcal().replace(""RRULE:"", """"));
        b.putLong(RecurrencePickerDialogFragment.BUNDLE_START_TIME_MILLIS, DateTime.now().getMillis());
        //b.putString(RecurrencePickerDialog.BUNDLE_TIME_ZONE, t.timezone);

        dialog.setArguments(b);
        dialog.setOnRecurrenceSetListener(this);
        dialog.show(getChildFragmentManager(), ""REC"");
    }","    void showRecurrencePickerDialog() {
        RecurrencePickerDialogFragment dialog = new RecurrencePickerDialogFragment();

        DateTime start = schedule.start() != null ? schedule.start().toDateTimeAtStartOfDay()
                : DateTime.now().withTimeAtStartOfDay();

        Bundle b = new Bundle();

        b.putString(RecurrencePickerDialogFragment.BUNDLE_RRULE,
                schedule.rule().toIcal().replace(""RRULE:"", """"));
        b.putLong(RecurrencePickerDialogFragment.BUNDLE_START_TIME_MILLIS, DateTime.now().getMillis());
        //b.putString(RecurrencePickerDialog.BUNDLE_TIME_ZONE, t.timezone);

        dialog.setArguments(b);
        dialog.setOnRecurrenceSetListener(this);
        dialog.show(getActivity().getSupportFragmentManager(), ""REC"");
    }","    void showRecurrencePickerDialog() {
        RecurrencePickerDialogFragment dialog = new RecurrencePickerDialogFragment();

        DateTime start = schedule.start() != null ? schedule.start().toDateTimeAtStartOfDay()
                : DateTime.now().withTimeAtStartOfDay();

        Bundle b = new Bundle();

        b.putString(RecurrencePickerDialogFragment.BUNDLE_RRULE,
                schedule.rule().toIcal().replace(""RRULE:"", """"));
        b.putLong(RecurrencePickerDialogFragment.BUNDLE_START_TIME_MILLIS, DateTime.now().getMillis());
        //b.putString(RecurrencePickerDialog.BUNDLE_TIME_ZONE, t.timezone);

        dialog.setArguments(b);
        dialog.setOnRecurrenceSetListener(this);
-       dialog.show(getChildFragmentManager(), ""REC"");
+      dialog.show(getActivity().getSupportFragmentManager(), ""REC"");
    }","    void showRecurrencePickerDialog() {
        RecurrencePickerDialogFragment dialog = new RecurrencePickerDialogFragment();

        DateTime start = schedule.start() != null ? schedule.start().toDateTimeAtStartOfDay()
                : DateTime.now().withTimeAtStartOfDay();

        Bundle b = new Bundle();

        b.putString(RecurrencePickerDialogFragment.BUNDLE_RRULE,
                schedule.rule().toIcal().replace(""RRULE:"", """"));
        b.putLong(RecurrencePickerDialogFragment.BUNDLE_START_TIME_MILLIS, DateTime.now().getMillis());
        //b.putString(RecurrencePickerDialog.BUNDLE_TIME_ZONE, t.timezone);

        dialog.setArguments(b);
        dialog.setOnRecurrenceSetListener(this);
         <Chunk_For_Modification>
    }","    void showRecurrencePickerDialog() {
        RecurrencePickerDialogFragment dialog = new RecurrencePickerDialogFragment();

        DateTime start = schedule.start() != null ? schedule.start().toDateTimeAtStartOfDay()
                : DateTime.now().withTimeAtStartOfDay();

        Bundle b = new Bundle();

        b.putString(RecurrencePickerDialogFragment.BUNDLE_RRULE,
                schedule.rule().toIcal().replace(""RRULE:"", """"));
        b.putLong(RecurrencePickerDialogFragment.BUNDLE_START_TIME_MILLIS, DateTime.now().getMillis());
        //b.putString(RecurrencePickerDialog.BUNDLE_TIME_ZONE, t.timezone);

        dialog.setArguments(b);
        dialog.setOnRecurrenceSetListener(this);
         >>> [ INFILL ] <<<
    }",,,,,,,,,,,,1,1,2,,
bug-18-updatePeriodSelector,bug-18-updatePeriodSelector/Calendula/src/main/java/es/usc/citius/servando/calendula/fragments/ScheduleTimetableFragment.java,"Version

2.5.7 from F-Droid

Steps to reproduce

Edit a medicine
Tap the '+' or '-' button
Expected outcome

The add/remove dialog gets displayed.

Actual outcome

I get kicked back to the medicine screen.

Exception

FATAL EXCEPTION: main
Process: es.usc.citius.servando.calendula, PID: 6220
java.lang.IllegalStateException: Fragment b{f3e5022 #0 number_dialog} declared target fragment MedicineCreateOrEditFragment{8239cfe #0 id=0x7f0901de android:switcher:2131296734:0} that does not belong to this FragmentManager!
	at android.support.v4.app.p.a(Unknown Source:303)
	at android.support.v4.app.p.e(Unknown Source:38)
	at android.support.v4.app.p.a(Unknown Source:45)
	at android.support.v4.app.d.g(Unknown Source:169)
	at android.support.v4.app.p.b(Unknown Source:38)
	at android.support.v4.app.p.a(Unknown Source:112)
	at android.support.v4.app.p.b(Unknown Source:89)
	at android.support.v4.app.p.f(Unknown Source:21)
	at android.support.v4.app.p$1.run(Unknown Source:2)
	at android.os.Handler.handleCallback(Handler.java:808)
	at android.os.Handler.dispatchMessage(Handler.java:101)
	at android.os.Looper.loop(Looper.java:166)
	at android.app.ActivityThread.main(ActivityThread.java:7425)
	at java.lang.reflect.Method.invoke(Native Method)
	at com.android.internal.os.Zygote$MethodAndArgsCaller.run(Zygote.java:245)
	at com.android.internal.os.ZygoteInit.main(ZygoteInit.java:921)","    private void updatePeriodSelector() {
        periodValue.setText(String.valueOf(schedule.getCycleDays()));
        periodRest.setText(String.valueOf(schedule.getCycleRest()));

        periodValue.setOnClickListener(new View.OnClickListener() {
            @Override
            public void onClick(View v) {
                NumberPickerBuilder npb =
                        new NumberPickerBuilder().setDecimalVisibility(NumberPicker.INVISIBLE)
                                .setMinNumber(BigDecimal.ONE)
                                .setMaxNumber(BigDecimal.valueOf(100D))
                                .setPlusMinusVisibility(NumberPicker.INVISIBLE)
                                .setFragmentManager(getChildFragmentManager())
                                .setTargetFragment(ScheduleTimetableFragment.this)
                                .setReference(REF_DIALOG_CYCLE_DAYS)
                                .setStyleResId(R.style.BetterPickersDialogFragment_Calendula);
                npb.show();
            }
        });

        periodRest.setOnClickListener(new View.OnClickListener() {
            @Override
            public void onClick(View v) {
                NumberPickerBuilder npb =
                        new NumberPickerBuilder().setDecimalVisibility(NumberPicker.INVISIBLE)
                                .setMinNumber(BigDecimal.ONE)
                                .setMaxNumber(BigDecimal.valueOf(100D))
                                .setPlusMinusVisibility(NumberPicker.INVISIBLE)
                                .setFragmentManager(getChildFragmentManager())
                                .setTargetFragment(ScheduleTimetableFragment.this)
                                .setReference(REF_DIALOG_CYCLE_REST)
                                .setStyleResId(R.style.BetterPickersDialogFragment_Calendula);
                npb.show();
            }
        });
    }","    private void updatePeriodSelector() {
        periodValue.setText(String.valueOf(schedule.getCycleDays()));
        periodRest.setText(String.valueOf(schedule.getCycleRest()));

        periodValue.setOnClickListener(new View.OnClickListener() {
            @Override
            public void onClick(View v) {
                NumberPickerBuilder npb =
                        new NumberPickerBuilder().setDecimalVisibility(NumberPicker.INVISIBLE)
                                .setMinNumber(BigDecimal.ONE)
                                .setMaxNumber(BigDecimal.valueOf(100D))
                                .setPlusMinusVisibility(NumberPicker.INVISIBLE)
                                .setFragmentManager(getActivity().getSupportFragmentManager())
                                .setTargetFragment(ScheduleTimetableFragment.this)
                                .setReference(REF_DIALOG_CYCLE_DAYS)
                                .setStyleResId(R.style.BetterPickersDialogFragment_Calendula);
                npb.show();
            }
        });

        periodRest.setOnClickListener(new View.OnClickListener() {
            @Override
            public void onClick(View v) {
                NumberPickerBuilder npb =
                        new NumberPickerBuilder().setDecimalVisibility(NumberPicker.INVISIBLE)
                                .setMinNumber(BigDecimal.ONE)
                                .setMaxNumber(BigDecimal.valueOf(100D))
                                .setPlusMinusVisibility(NumberPicker.INVISIBLE)
                                .setFragmentManager(getActivity().getSupportFragmentManager())
                                .setTargetFragment(ScheduleTimetableFragment.this)
                                .setReference(REF_DIALOG_CYCLE_REST)
                                .setStyleResId(R.style.BetterPickersDialogFragment_Calendula);
                npb.show();
            }
        });
    }","    private void updatePeriodSelector() {
        periodValue.setText(String.valueOf(schedule.getCycleDays()));
        periodRest.setText(String.valueOf(schedule.getCycleRest()));

        periodValue.setOnClickListener(new View.OnClickListener() {
            @Override
            public void onClick(View v) {
                NumberPickerBuilder npb =
                        new NumberPickerBuilder().setDecimalVisibility(NumberPicker.INVISIBLE)
                                .setMinNumber(BigDecimal.ONE)
                                .setMaxNumber(BigDecimal.valueOf(100D))
                                .setPlusMinusVisibility(NumberPicker.INVISIBLE)
-                               .setFragmentManager(getChildFragmentManager())
+                              .setFragmentManager(getActivity().getSupportFragmentManager())
                                .setTargetFragment(ScheduleTimetableFragment.this)
                                .setReference(REF_DIALOG_CYCLE_DAYS)
                                .setStyleResId(R.style.BetterPickersDialogFragment_Calendula);
                npb.show();
            }
        });

        periodRest.setOnClickListener(new View.OnClickListener() {
            @Override
            public void onClick(View v) {
                NumberPickerBuilder npb =
                        new NumberPickerBuilder().setDecimalVisibility(NumberPicker.INVISIBLE)
                                .setMinNumber(BigDecimal.ONE)
                                .setMaxNumber(BigDecimal.valueOf(100D))
                                .setPlusMinusVisibility(NumberPicker.INVISIBLE)
-                               .setFragmentManager(getChildFragmentManager())
+                              .setFragmentManager(getActivity().getSupportFragmentManager())
                                .setTargetFragment(ScheduleTimetableFragment.this)
                                .setReference(REF_DIALOG_CYCLE_REST)
                                .setStyleResId(R.style.BetterPickersDialogFragment_Calendula);
                npb.show();
            }
        });
    }","    private void updatePeriodSelector() {
        periodValue.setText(String.valueOf(schedule.getCycleDays()));
        periodRest.setText(String.valueOf(schedule.getCycleRest()));

        periodValue.setOnClickListener(new View.OnClickListener() {
            @Override
            public void onClick(View v) {
                NumberPickerBuilder npb =
                        new NumberPickerBuilder().setDecimalVisibility(NumberPicker.INVISIBLE)
                                .setMinNumber(BigDecimal.ONE)
                                .setMaxNumber(BigDecimal.valueOf(100D))
                                .setPlusMinusVisibility(NumberPicker.INVISIBLE)
                                 <Chunk_For_Modification>
                                .setTargetFragment(ScheduleTimetableFragment.this)
                                .setReference(REF_DIALOG_CYCLE_DAYS)
                                .setStyleResId(R.style.BetterPickersDialogFragment_Calendula);
                npb.show();
            }
        });

        periodRest.setOnClickListener(new View.OnClickListener() {
            @Override
            public void onClick(View v) {
                NumberPickerBuilder npb =
                        new NumberPickerBuilder().setDecimalVisibility(NumberPicker.INVISIBLE)
                                .setMinNumber(BigDecimal.ONE)
                                .setMaxNumber(BigDecimal.valueOf(100D))
                                .setPlusMinusVisibility(NumberPicker.INVISIBLE)
                                 <Chunk_For_Modification>
                                .setTargetFragment(ScheduleTimetableFragment.this)
                                .setReference(REF_DIALOG_CYCLE_REST)
                                .setStyleResId(R.style.BetterPickersDialogFragment_Calendula);
                npb.show();
            }
        });
    }","    private void updatePeriodSelector() {
        periodValue.setText(String.valueOf(schedule.getCycleDays()));
        periodRest.setText(String.valueOf(schedule.getCycleRest()));

        periodValue.setOnClickListener(new View.OnClickListener() {
            @Override
            public void onClick(View v) {
                NumberPickerBuilder npb =
                        new NumberPickerBuilder().setDecimalVisibility(NumberPicker.INVISIBLE)
                                .setMinNumber(BigDecimal.ONE)
                                .setMaxNumber(BigDecimal.valueOf(100D))
                                .setPlusMinusVisibility(NumberPicker.INVISIBLE)
                                 >>> [ INFILL ] <<<
                                .setTargetFragment(ScheduleTimetableFragment.this)
                                .setReference(REF_DIALOG_CYCLE_DAYS)
                                .setStyleResId(R.style.BetterPickersDialogFragment_Calendula);
                npb.show();
            }
        });

        periodRest.setOnClickListener(new View.OnClickListener() {
            @Override
            public void onClick(View v) {
                NumberPickerBuilder npb =
                        new NumberPickerBuilder().setDecimalVisibility(NumberPicker.INVISIBLE)
                                .setMinNumber(BigDecimal.ONE)
                                .setMaxNumber(BigDecimal.valueOf(100D))
                                .setPlusMinusVisibility(NumberPicker.INVISIBLE)
                                 >>> [ INFILL ] <<<
                                .setTargetFragment(ScheduleTimetableFragment.this)
                                .setReference(REF_DIALOG_CYCLE_REST)
                                .setStyleResId(R.style.BetterPickersDialogFragment_Calendula);
                npb.show();
            }
        });
    }",,,,,,,,,,,,2,2,4,,
bug-44-removeTag,bug-44-removeTag/omniNotes/src/main/java/it/feio/android/omninotes/utils/TagsHelper.java,"Describe the bug
Tag text removal bug
It seems like it will remove all tags with the same header as the deleted tag.

Context

Device: Nokia 7 plus
OS version: Android 9.0.0
App version: 5.2.2
How to reproduce
Steps to reproduce the behavior:

Add some tag like this
Remove ""test"" tag by unchecking the box in this case.
Remove all tag contain ""test""
Expected behavior
Should remain ""#testa"", ""#testb"" in the previous case.","    public static Pair<String, String> removeTag(String noteTitle, String noteContent, List<Tag> tagsToRemove) {
        String title = noteTitle, content = noteContent;
        for (Tag tagToRemove : tagsToRemove) {
            title = title.replaceAll(tagToRemove.getText(), """");
            content = content.replaceAll(tagToRemove.getText(), """");
        }
        return new Pair<>(title, content);
    }","    public static Pair<String, String> removeTag(String noteTitle, String noteContent, List<Tag> tagsToRemove) {
        String title = noteTitle, content = noteContent;
        for (Tag tagToRemove : tagsToRemove) {
            String tagRegex = tagToRemove.getText() + ""(\\s)|"" + tagToRemove.getText() + ""$"";
            title = title.replaceAll(tagRegex, """");
            content = content.replaceAll(tagRegex, """");
        }
        return new Pair<>(title, content);
    }","    public static Pair<String, String> removeTag(String noteTitle, String noteContent, List<Tag> tagsToRemove) {
        String title = noteTitle, content = noteContent;
        for (Tag tagToRemove : tagsToRemove) {
-           title = title.replaceAll(tagToRemove.getText(), """");
-           content = content.replaceAll(tagToRemove.getText(), """");
+          String tagRegex = tagToRemove.getText() + ""(\\s)|"" + tagToRemove.getText() + ""$"";
+          title = title.replaceAll(tagRegex, """");
+          content = content.replaceAll(tagRegex, """");
        }
        return new Pair<>(title, content);
    }","    public static Pair<String, String> removeTag(String noteTitle, String noteContent, List<Tag> tagsToRemove) {
        String title = noteTitle, content = noteContent;
        for (Tag tagToRemove : tagsToRemove) {
              <Chunk_For_Modification>
        }
        return new Pair<>(title, content);
    }","    public static Pair<String, String> removeTag(String noteTitle, String noteContent, List<Tag> tagsToRemove) {
        String title = noteTitle, content = noteContent;
        for (Tag tagToRemove : tagsToRemove) {
              >>> [ INFILL ] <<<
        }
        return new Pair<>(title, content);
    }",,,,,,,,,,,,2,3,5,1,1
bug-71-onSingleTapUp,bug-71-onSingleTapUp/app/src/main/java/fr/neamar/kiss/forwarder/ExperienceTweaks.java,"Describe the bug
After updating to a newer version of KISS launcher, I am no longer able to make the shortcut bar appear. The cause seems to be the ""Hide favorites bar initially"" setting. When enabled, the favorites bar will not appear when I try to tap on the screen. When disabled, the favorites bar will stay present and not disappear until the search bar or the KISS button is pressed.

To Reproduce
Steps to reproduce the behavior:

Set an app as a favorite.
Enable ""Show favorites above search bar"" under Favorites settings.
Enable Minimalistic UI under User experience.
Enable ""Hide favorites bar initially"" under Minimalistic UI.
Check home screen to see there is no favorites bar, even after tapping the screen.
Expected behavior
Previously, I had set up KISS launcher to display my favorites bar when I tapped anywhere on the main screen. Now, I can't make the favorites bar appear at all without changing my settings.

Additional information

App version: 3.13.5
App installed via: F-Droid","            public boolean onSingleTapUp(MotionEvent e) {
                // Double tap disabled: display history directly
                if(!prefs.getBoolean(""double-tap"", false)) {
                    if (prefs.getBoolean(""history-onclick"", false)) {
                        doAction(""display-history"");
                    }
                }
                return super.onSingleTapUp(e);
            }","            public boolean onSingleTapUp(MotionEvent e) {
                // Double tap disabled: display history directly
                if(!prefs.getBoolean(""double-tap"", false)) {
                    if (prefs.getBoolean(""history-onclick"", false)) {
                        doAction(""display-history"");
                    }
                    else if(isMinimalisticModeEnabledForFavorites()) {
                        doAction(""display-favorites"");
                    }
                }
                return super.onSingleTapUp(e);
            }","            public boolean onSingleTapUp(MotionEvent e) {
                // Double tap disabled: display history directly
                if(!prefs.getBoolean(""double-tap"", false)) {
                    if (prefs.getBoolean(""history-onclick"", false)) {
                        doAction(""display-history"");
                    }
+                  else if(isMinimalisticModeEnabledForFavorites()) {
+                      doAction(""display-favorites"");
+                  }
                }
                return super.onSingleTapUp(e);
            }","            public boolean onSingleTapUp(MotionEvent e) {
                // Double tap disabled: display history directly
                if(!prefs.getBoolean(""double-tap"", false)) {
                    if (prefs.getBoolean(""history-onclick"", false)) {
                        doAction(""display-history"");
                    }
                    <Chunk_For_Modification>
                return super.onSingleTapUp(e);
            }","            public boolean onSingleTapUp(MotionEvent e) {
                // Double tap disabled: display history directly
                if(!prefs.getBoolean(""double-tap"", false)) {
                    if (prefs.getBoolean(""history-onclick"", false)) {
                        doAction(""display-history"");
                    }
                    >>> [ INFILL ] <<<
                return super.onSingleTapUp(e);
            }",,,,,,,,,,,,0,3,3,3,1
bug-71-onSingleTapConfirmed,bug-71-onSingleTapConfirmed/app/src/main/java/fr/neamar/kiss/forwarder/ExperienceTweaks.java,"Describe the bug
After updating to a newer version of KISS launcher, I am no longer able to make the shortcut bar appear. The cause seems to be the ""Hide favorites bar initially"" setting. When enabled, the favorites bar will not appear when I try to tap on the screen. When disabled, the favorites bar will stay present and not disappear until the search bar or the KISS button is pressed.

To Reproduce
Steps to reproduce the behavior:

Set an app as a favorite.
Enable ""Show favorites above search bar"" under Favorites settings.
Enable Minimalistic UI under User experience.
Enable ""Hide favorites bar initially"" under Minimalistic UI.
Check home screen to see there is no favorites bar, even after tapping the screen.
Expected behavior
Previously, I had set up KISS launcher to display my favorites bar when I tapped anywhere on the main screen. Now, I can't make the favorites bar appear at all without changing my settings.

Additional information

App version: 3.13.5
App installed via: F-Droid","            public boolean onSingleTapConfirmed(MotionEvent e) {
                // Double tap enabled: wait to confirm this is indeed a single tap, not a double tap
                if(prefs.getBoolean(""double-tap"", false)) {
                    if (prefs.getBoolean(""history-onclick"", false)) {
                        doAction(""display-history"");
                    }
                }

                return super.onSingleTapConfirmed(e);
            }","            public boolean onSingleTapConfirmed(MotionEvent e) {
                // Double tap enabled: wait to confirm this is indeed a single tap, not a double tap
                if(prefs.getBoolean(""double-tap"", false)) {
                    if (prefs.getBoolean(""history-onclick"", false)) {
                        doAction(""display-history"");
                    }
                    else if(isMinimalisticModeEnabledForFavorites()) {
                        doAction(""display-favorites"");
                    }
                }

                return super.onSingleTapConfirmed(e);
            }","            public boolean onSingleTapConfirmed(MotionEvent e) {
                // Double tap enabled: wait to confirm this is indeed a single tap, not a double tap
                if(prefs.getBoolean(""double-tap"", false)) {
                    if (prefs.getBoolean(""history-onclick"", false)) {
                        doAction(""display-history"");
                    }
+                  else if(isMinimalisticModeEnabledForFavorites()) {
+                      doAction(""display-favorites"");
+                  }
                }

                return super.onSingleTapConfirmed(e);
            }","            public boolean onSingleTapConfirmed(MotionEvent e) {
                // Double tap enabled: wait to confirm this is indeed a single tap, not a double tap
                if(prefs.getBoolean(""double-tap"", false)) {
                    if (prefs.getBoolean(""history-onclick"", false)) {
                        doAction(""display-history"");
                    }
                    <Chunk_For_Modification>
                }

                return super.onSingleTapConfirmed(e);
            }","            public boolean onSingleTapConfirmed(MotionEvent e) {
                // Double tap enabled: wait to confirm this is indeed a single tap, not a double tap
                if(prefs.getBoolean(""double-tap"", false)) {
                    if (prefs.getBoolean(""history-onclick"", false)) {
                        doAction(""display-history"");
                    }
                    >>> [ INFILL ] <<<
                }

                return super.onSingleTapConfirmed(e);
            }",,,,,,,,,,,,0,3,3,,
bug-71-doAction,bug-71-doAction/app/src/main/java/fr/neamar/kiss/forwarder/ExperienceTweaks.java,"Describe the bug
After updating to a newer version of KISS launcher, I am no longer able to make the shortcut bar appear. The cause seems to be the ""Hide favorites bar initially"" setting. When enabled, the favorites bar will not appear when I try to tap on the screen. When disabled, the favorites bar will stay present and not disappear until the search bar or the KISS button is pressed.

To Reproduce
Steps to reproduce the behavior:

Set an app as a favorite.
Enable ""Show favorites above search bar"" under Favorites settings.
Enable Minimalistic UI under User experience.
Enable ""Hide favorites bar initially"" under Minimalistic UI.
Check home screen to see there is no favorites bar, even after tapping the screen.
Expected behavior
Previously, I had set up KISS launcher to display my favorites bar when I tapped anywhere on the main screen. Now, I can't make the favorites bar appear at all without changing my settings.

Additional information

App version: 3.13.5
App installed via: F-Droid","            private void doAction(String action) {
                switch (action) {
                    case ""display-notifications"":
                        displayNotificationDrawer();
                        break;
                    case ""display-keyboard"":
                        mainActivity.showKeyboard();
                        break;
                    case ""display-apps"":
                        if (mainActivity.isViewingSearchResults()) {
                            mainActivity.displayKissBar(true);
                        }
                        break;
                    case ""display-history"":
                        // if minimalistic mode is enabled,
                        if (isMinimalisticModeEnabled()) {
                            // and we're currently in minimalistic mode with no results,
                            // and we're not looking at the app list
                            if (mainActivity.isViewingSearchResults() && mainActivity.searchEditText.getText().toString().isEmpty()) {
                                if (mainActivity.list.getAdapter() == null || mainActivity.list.getAdapter().isEmpty()) {
                                    mainActivity.runTask(new HistorySearcher(mainActivity));
                                    mainActivity.clearButton.setVisibility(View.VISIBLE);
                                    mainActivity.menuButton.setVisibility(View.INVISIBLE);
                                }
                            }
                        }

                        if (isMinimalisticModeEnabledForFavorites()) {
                            mainActivity.favoritesBar.setVisibility(View.VISIBLE);
                        }
                        break;
                }
            }","            private void doAction(String action) {
                switch (action) {
                    case ""display-notifications"":
                        displayNotificationDrawer();
                        break;
                    case ""display-keyboard"":
                        mainActivity.showKeyboard();
                        break;
                    case ""display-apps"":
                        if (mainActivity.isViewingSearchResults()) {
                            mainActivity.displayKissBar(true);
                        }
                        break;
                    case ""display-history"":
                        // if minimalistic mode is enabled,
                        if (isMinimalisticModeEnabled()) {
                            // and we're currently in minimalistic mode with no results,
                            // and we're not looking at the app list
                            if (mainActivity.isViewingSearchResults() && mainActivity.searchEditText.getText().toString().isEmpty()) {
                                if (mainActivity.list.getAdapter() == null || mainActivity.list.getAdapter().isEmpty()) {
                                    mainActivity.runTask(new HistorySearcher(mainActivity));
                                    mainActivity.clearButton.setVisibility(View.VISIBLE);
                                    mainActivity.menuButton.setVisibility(View.INVISIBLE);
                                }
                            }
                        }

                        if (isMinimalisticModeEnabledForFavorites()) {
                            mainActivity.favoritesBar.setVisibility(View.VISIBLE);
                        }
                        break;
                    case ""display-favorites"":
                        // Not provided as an option for the gestures, but useful if you only want to display facorites on tap,
                        // not history.
                        mainActivity.favoritesBar.setVisibility(View.VISIBLE);
                }
            }","            private void doAction(String action) {
                switch (action) {
                    case ""display-notifications"":
                        displayNotificationDrawer();
                        break;
                    case ""display-keyboard"":
                        mainActivity.showKeyboard();
                        break;
                    case ""display-apps"":
                        if (mainActivity.isViewingSearchResults()) {
                            mainActivity.displayKissBar(true);
                        }
                        break;
                    case ""display-history"":
                        // if minimalistic mode is enabled,
                        if (isMinimalisticModeEnabled()) {
                            // and we're currently in minimalistic mode with no results,
                            // and we're not looking at the app list
                            if (mainActivity.isViewingSearchResults() && mainActivity.searchEditText.getText().toString().isEmpty()) {
                                if (mainActivity.list.getAdapter() == null || mainActivity.list.getAdapter().isEmpty()) {
                                    mainActivity.runTask(new HistorySearcher(mainActivity));
                                    mainActivity.clearButton.setVisibility(View.VISIBLE);
                                    mainActivity.menuButton.setVisibility(View.INVISIBLE);
                                }
                            }
                        }

                        if (isMinimalisticModeEnabledForFavorites()) {
                            mainActivity.favoritesBar.setVisibility(View.VISIBLE);
                        }
                        break;
+                  case ""display-favorites"":
+                      // Not provided as an option for the gestures, but useful if you only want to display facorites on tap,
+                      // not history.
+                      mainActivity.favoritesBar.setVisibility(View.VISIBLE);
                }
            }","            private void doAction(String action) {
                switch (action) {
                    case ""display-notifications"":
                        displayNotificationDrawer();
                        break;
                    case ""display-keyboard"":
                        mainActivity.showKeyboard();
                        break;
                    case ""display-apps"":
                        if (mainActivity.isViewingSearchResults()) {
                            mainActivity.displayKissBar(true);
                        }
                        break;
                    case ""display-history"":
                        // if minimalistic mode is enabled,
                        if (isMinimalisticModeEnabled()) {
                            // and we're currently in minimalistic mode with no results,
                            // and we're not looking at the app list
                            if (mainActivity.isViewingSearchResults() && mainActivity.searchEditText.getText().toString().isEmpty()) {
                                if (mainActivity.list.getAdapter() == null || mainActivity.list.getAdapter().isEmpty()) {
                                    mainActivity.runTask(new HistorySearcher(mainActivity));
                                    mainActivity.clearButton.setVisibility(View.VISIBLE);
                                    mainActivity.menuButton.setVisibility(View.INVISIBLE);
                                }
                            }
                        }

                        if (isMinimalisticModeEnabledForFavorites()) {
                            mainActivity.favoritesBar.setVisibility(View.VISIBLE);
                        }
                        break;
                        <Chunk_For_Modification>
                }
            }","            private void doAction(String action) {
                switch (action) {
                    case ""display-notifications"":
                        displayNotificationDrawer();
                        break;
                    case ""display-keyboard"":
                        mainActivity.showKeyboard();
                        break;
                    case ""display-apps"":
                        if (mainActivity.isViewingSearchResults()) {
                            mainActivity.displayKissBar(true);
                        }
                        break;
                    case ""display-history"":
                        // if minimalistic mode is enabled,
                        if (isMinimalisticModeEnabled()) {
                            // and we're currently in minimalistic mode with no results,
                            // and we're not looking at the app list
                            if (mainActivity.isViewingSearchResults() && mainActivity.searchEditText.getText().toString().isEmpty()) {
                                if (mainActivity.list.getAdapter() == null || mainActivity.list.getAdapter().isEmpty()) {
                                    mainActivity.runTask(new HistorySearcher(mainActivity));
                                    mainActivity.clearButton.setVisibility(View.VISIBLE);
                                    mainActivity.menuButton.setVisibility(View.INVISIBLE);
                                }
                            }
                        }

                        if (isMinimalisticModeEnabledForFavorites()) {
                            mainActivity.favoritesBar.setVisibility(View.VISIBLE);
                        }
                        break;
                        >>> [ INFILL ] <<<
                }
            }",,,,,,,,,,,,0,4,4,,
bug-130-updateEncryptionType,bug-130-updateEncryptionType/app/src/main/java/org/shadowice/flocke/andotp/Activities/IntroScreenActivity.java,"General information

App version: 0.6.3.1-play
App source: Google Play
Android Version: 8.0.0
Custom ROM: Samsung
Expected result

The first slide says ""read carefully"", so I did. I left the second slide unchanged (the dropdown defaulted to ""Password / PIN""). On the third slide the text said

Since you have chosen Android KeyStore as encryption method this is optional.
which got me confused. The dropdown on the third slide has ""None"" and ""Device credentials"" greyed out, so I guess the text is just a UI bug. I went back to the second slide and double checked, it still says ""Password / PIN"". Selecting ""Android KeyStore"" and then back to ""Password / PIN"" updates the text on the third slide.

However, here's a second issue: if I explicitly select ""Android KeyStore"" then the third slide still has a red text saying ""Please set a password to continue"". Which is odd, because the text at the top says ""Since you have chosen Android KeyStore as encryption method this is optional."". But the red text indicates it is not optional. I think this is just a UX bug and an unfortunate coincidence that ""Password"" is still the default even though ""Android KeyStore"" was selected. Maybe it should default to ""None"" to align with what the text says?

Steps to reproduce

Read carefully what the onboarding screens say. I still haven't finished the onboarding and can reproduce the behavior every single time I open the app and restart the process.","        public void updateEncryptionType(Constants.EncryptionType encryptionType) {
            this.encryptionType = encryptionType;

            if (desc != null) {
                if (encryptionType == Constants.EncryptionType.KEYSTORE) {
                    desc.setText(R.string.intro_slide3_desc_keystore);
                } else if (encryptionType == Constants.EncryptionType.PASSWORD) {
                    desc.setText(R.string.intro_slide3_desc_password);

                    Constants.AuthMethod selectedMethod = selectionMapping.get(selection.getSelectedItemPosition());
                    if (selectedMethod != Constants.AuthMethod.PASSWORD && selectedMethod != Constants.AuthMethod.PIN )
                        selection.setSelection(selectionMapping.indexOfValue(Constants.AuthMethod.PASSWORD));
                }
            }
        }","        public void updateEncryptionType(Constants.EncryptionType encryptionType) {
            this.encryptionType = encryptionType;

            if (desc != null) {
                if (encryptionType == Constants.EncryptionType.KEYSTORE) {
                    desc.setText(R.string.intro_slide3_desc_keystore);

                    selection.setSelection(selectionMapping.indexOfValue(Constants.AuthMethod.NONE));
                } else if (encryptionType == Constants.EncryptionType.PASSWORD) {
                    desc.setText(R.string.intro_slide3_desc_password);

                    Constants.AuthMethod selectedMethod = selectionMapping.get(selection.getSelectedItemPosition());
                    if (selectedMethod != Constants.AuthMethod.PASSWORD && selectedMethod != Constants.AuthMethod.PIN )
                        selection.setSelection(selectionMapping.indexOfValue(Constants.AuthMethod.PASSWORD));
                }
            }
        }","        public void updateEncryptionType(Constants.EncryptionType encryptionType) {
            this.encryptionType = encryptionType;

            if (desc != null) {
                if (encryptionType == Constants.EncryptionType.KEYSTORE) {
                    desc.setText(R.string.intro_slide3_desc_keystore);

+                  selection.setSelection(selectionMapping.indexOfValue(Constants.AuthMethod.NONE));
                } else if (encryptionType == Constants.EncryptionType.PASSWORD) {
                    desc.setText(R.string.intro_slide3_desc_password);

                    Constants.AuthMethod selectedMethod = selectionMapping.get(selection.getSelectedItemPosition());
                    if (selectedMethod != Constants.AuthMethod.PASSWORD && selectedMethod != Constants.AuthMethod.PIN )
                        selection.setSelection(selectionMapping.indexOfValue(Constants.AuthMethod.PASSWORD));
                }
            }
        }","        public void updateEncryptionType(Constants.EncryptionType encryptionType) {
            this.encryptionType = encryptionType;

            if (desc != null) {
                if (encryptionType == Constants.EncryptionType.KEYSTORE) {
                    desc.setText(R.string.intro_slide3_desc_keystore);

                 <Chunk_For_Modification>
                } else if (encryptionType == Constants.EncryptionType.PASSWORD) {
                    desc.setText(R.string.intro_slide3_desc_password);

                    Constants.AuthMethod selectedMethod = selectionMapping.get(selection.getSelectedItemPosition());
                    if (selectedMethod != Constants.AuthMethod.PASSWORD && selectedMethod != Constants.AuthMethod.PIN )
                        selection.setSelection(selectionMapping.indexOfValue(Constants.AuthMethod.PASSWORD));
                }
            }
        }","        public void updateEncryptionType(Constants.EncryptionType encryptionType) {
            this.encryptionType = encryptionType;

            if (desc != null) {
                if (encryptionType == Constants.EncryptionType.KEYSTORE) {
                    desc.setText(R.string.intro_slide3_desc_keystore);

                 >>> [ INFILL ] <<<
                } else if (encryptionType == Constants.EncryptionType.PASSWORD) {
                    desc.setText(R.string.intro_slide3_desc_password);

                    Constants.AuthMethod selectedMethod = selectionMapping.get(selection.getSelectedItemPosition());
                    if (selectedMethod != Constants.AuthMethod.PASSWORD && selectedMethod != Constants.AuthMethod.PIN )
                        selection.setSelection(selectionMapping.indexOfValue(Constants.AuthMethod.PASSWORD));
                }
            }
        }",,,,,,,,,,,,0,1,1,5,1
bug-130-hideWarning,bug-130-hideWarning/app/src/main/java/org/shadowice/flocke/andotp/Activities/IntroScreenActivity.java,"General information

App version: 0.6.3.1-play
App source: Google Play
Android Version: 8.0.0
Custom ROM: Samsung
Expected result

The first slide says ""read carefully"", so I did. I left the second slide unchanged (the dropdown defaulted to ""Password / PIN""). On the third slide the text said

Since you have chosen Android KeyStore as encryption method this is optional.
which got me confused. The dropdown on the third slide has ""None"" and ""Device credentials"" greyed out, so I guess the text is just a UI bug. I went back to the second slide and double checked, it still says ""Password / PIN"". Selecting ""Android KeyStore"" and then back to ""Password / PIN"" updates the text on the third slide.

However, here's a second issue: if I explicitly select ""Android KeyStore"" then the third slide still has a red text saying ""Please set a password to continue"". Which is odd, because the text at the top says ""Since you have chosen Android KeyStore as encryption method this is optional."". But the red text indicates it is not optional. I think this is just a UX bug and an unfortunate coincidence that ""Password"" is still the default even though ""Android KeyStore"" was selected. Maybe it should default to ""None"" to align with what the text says?

Steps to reproduce

Read carefully what the onboarding screens say. I still haven't finished the onboarding and can reproduce the behavior every single time I open the app and restart the process.","        private void hideWarning() {
            authWarnings.setVisibility(View.GONE);
        }","        private void hideWarning() {
            authWarnings.setVisibility(View.GONE);
            authWarnings.setText(null);
        }","        private void hideWarning() {
            authWarnings.setVisibility(View.GONE);
+          authWarnings.setText(null);
        }","        private void hideWarning() {
            authWarnings.setVisibility(View.GONE);
             <Chunk_For_Modification>
        }","        private void hideWarning() {
            authWarnings.setVisibility(View.GONE);
             >>> [ INFILL ] <<<
        }",,,,,,,,,,,,0,1,1,,
bug-130-flashWarning,bug-130-flashWarning/app/src/main/java/org/shadowice/flocke/andotp/Activities/IntroScreenActivity.java,"General information

App version: 0.6.3.1-play
App source: Google Play
Android Version: 8.0.0
Custom ROM: Samsung
Expected result

The first slide says ""read carefully"", so I did. I left the second slide unchanged (the dropdown defaulted to ""Password / PIN""). On the third slide the text said

Since you have chosen Android KeyStore as encryption method this is optional.
which got me confused. The dropdown on the third slide has ""None"" and ""Device credentials"" greyed out, so I guess the text is just a UI bug. I went back to the second slide and double checked, it still says ""Password / PIN"". Selecting ""Android KeyStore"" and then back to ""Password / PIN"" updates the text on the third slide.

However, here's a second issue: if I explicitly select ""Android KeyStore"" then the third slide still has a red text saying ""Please set a password to continue"". Which is odd, because the text at the top says ""Since you have chosen Android KeyStore as encryption method this is optional."". But the red text indicates it is not optional. I think this is just a UX bug and an unfortunate coincidence that ""Password"" is still the default even though ""Android KeyStore"" was selected. Maybe it should default to ""None"" to align with what the text says?

Steps to reproduce

Read carefully what the onboarding screens say. I still haven't finished the onboarding and can reproduce the behavior every single time I open the app and restart the process.","        public void flashWarning() {
            if (authWarnings.getVisibility() == View.VISIBLE) {
                ObjectAnimator animator = ObjectAnimator.ofInt(authWarnings, ""backgroundColor"",
                        Color.TRANSPARENT, getResources().getColor(R.color.colorAccent), Color.TRANSPARENT);
                animator.setDuration(500);
                animator.setRepeatCount(0);
                animator.setInterpolator(new AccelerateDecelerateInterpolator());
                animator.setEvaluator(new ArgbEvaluator());
                animator.start();
            }
        }","        public void flashWarning() {
            if (authWarnings.getText().toString().isEmpty()) {
                authWarnings.setVisibility(View.GONE);
            } else {
                authWarnings.setVisibility(View.VISIBLE);
                ObjectAnimator animator = ObjectAnimator.ofInt(authWarnings, ""backgroundColor"",
                        Color.TRANSPARENT, getResources().getColor(R.color.colorAccent), Color.TRANSPARENT);
                animator.setDuration(500);
                animator.setRepeatCount(0);
                animator.setInterpolator(new AccelerateDecelerateInterpolator());
                animator.setEvaluator(new ArgbEvaluator());
                animator.start();
            }
        }","        public void flashWarning() {
-           if (authWarnings.getVisibility() == View.VISIBLE) {
+          if (authWarnings.getText().toString().isEmpty()) {
+              authWarnings.setVisibility(View.GONE);
+          } else {
+              authWarnings.setVisibility(View.VISIBLE);
                ObjectAnimator animator = ObjectAnimator.ofInt(authWarnings, ""backgroundColor"",
                        Color.TRANSPARENT, getResources().getColor(R.color.colorAccent), Color.TRANSPARENT);
                animator.setDuration(500);
                animator.setRepeatCount(0);
                animator.setInterpolator(new AccelerateDecelerateInterpolator());
                animator.setEvaluator(new ArgbEvaluator());
                animator.start();
            }
        }","        public void flashWarning() {
                <Chunk_For_Modification>
                ObjectAnimator animator = ObjectAnimator.ofInt(authWarnings, ""backgroundColor"",
                        Color.TRANSPARENT, getResources().getColor(R.color.colorAccent), Color.TRANSPARENT);
                animator.setDuration(500);
                animator.setRepeatCount(0);
                animator.setInterpolator(new AccelerateDecelerateInterpolator());
                animator.setEvaluator(new ArgbEvaluator());
                animator.start();
            }
        }","        public void flashWarning() {
                >>> [ INFILL ] <<<
                ObjectAnimator animator = ObjectAnimator.ofInt(authWarnings, ""backgroundColor"",
                        Color.TRANSPARENT, getResources().getColor(R.color.colorAccent), Color.TRANSPARENT);
                animator.setDuration(500);
                animator.setRepeatCount(0);
                animator.setInterpolator(new AccelerateDecelerateInterpolator());
                animator.setEvaluator(new ArgbEvaluator());
                animator.start();
            }
        }",,,,,,,,,,,,1,4,5,,
bug-130-onItemSelected,bug-130-onItemSelected/app/src/main/java/org/shadowice/flocke/andotp/Activities/IntroScreenActivity.java,"General information

App version: 0.6.3.1-play
App source: Google Play
Android Version: 8.0.0
Custom ROM: Samsung
Expected result

The first slide says ""read carefully"", so I did. I left the second slide unchanged (the dropdown defaulted to ""Password / PIN""). On the third slide the text said

Since you have chosen Android KeyStore as encryption method this is optional.
which got me confused. The dropdown on the third slide has ""None"" and ""Device credentials"" greyed out, so I guess the text is just a UI bug. I went back to the second slide and double checked, it still says ""Password / PIN"". Selecting ""Android KeyStore"" and then back to ""Password / PIN"" updates the text on the third slide.

However, here's a second issue: if I explicitly select ""Android KeyStore"" then the third slide still has a red text saying ""Please set a password to continue"". Which is odd, because the text at the top says ""Since you have chosen Android KeyStore as encryption method this is optional."". But the red text indicates it is not optional. I think this is just a UX bug and an unfortunate coincidence that ""Password"" is still the default even though ""Android KeyStore"" was selected. Maybe it should default to ""None"" to align with what the text says?

Steps to reproduce

Read carefully what the onboarding screens say. I still haven't finished the onboarding and can reproduce the behavior every single time I open the app and restart the process.","            selection.setOnItemSelectedListener(new AdapterView.OnItemSelectedListener() {
                @Override                
                 public void onItemSelected(AdapterView<?> adapterView, View view, int i, long l) {
                    Constants.AuthMethod authMethod = selectionMapping.get(i);

                    if (authMethod == Constants.AuthMethod.PASSWORD) {
                        credentialsLayout.setVisibility(View.VISIBLE);

                        passwordLayout.setHint(getString(R.string.settings_hint_password));
                        passwordConfirm.setHint(R.string.settings_hint_password_confirm);

                        passwordInput.setInputType(InputType.TYPE_CLASS_TEXT | InputType.TYPE_TEXT_VARIATION_PASSWORD);
                        passwordConfirm.setInputType(InputType.TYPE_CLASS_TEXT | InputType.TYPE_TEXT_VARIATION_PASSWORD);

                        passwordInput.setTransformationMethod(new PasswordTransformationMethod());
                        passwordConfirm.setTransformationMethod(new PasswordTransformationMethod());

                        minLength = Constants.AUTH_MIN_PASSWORD_LENGTH;
                        lengthWarning = getString(R.string.settings_label_short_password, minLength);
                        noPasswordWarning = getString(R.string.intro_slide3_warn_no_password);
                        confirmPasswordWarning = getString(R.string.intro_slide3_warn_confirm_password);

                        if (getIntroActivity().getCurrentSlidePosition() == slidePos) {
                            passwordInput.requestFocus();
                            UIHelper.showKeyboard(getContext(), passwordInput);
                        }
                    } else if (authMethod == Constants.AuthMethod.PIN) {
                        credentialsLayout.setVisibility(View.VISIBLE);

                        passwordLayout.setHint(getString(R.string.settings_hint_pin));
                        passwordConfirm.setHint(R.string.settings_hint_pin_confirm);

                        passwordInput.setInputType(InputType.TYPE_CLASS_NUMBER | InputType.TYPE_NUMBER_VARIATION_PASSWORD);
                        passwordConfirm.setInputType(InputType.TYPE_CLASS_NUMBER | InputType.TYPE_NUMBER_VARIATION_PASSWORD);

                        passwordInput.setTransformationMethod(new PasswordTransformationMethod());
                        passwordConfirm.setTransformationMethod(new PasswordTransformationMethod());

                        minLength = Constants.AUTH_MIN_PIN_LENGTH;
                        lengthWarning = getString(R.string.settings_label_short_pin, minLength);
                        noPasswordWarning = getString(R.string.intro_slide3_warn_no_pin);
                        confirmPasswordWarning = getString(R.string.intro_slide3_warn_confirm_pin);

                        if (getIntroActivity().getCurrentSlidePosition() == slidePos) {
                            passwordInput.requestFocus();
                            UIHelper.showKeyboard(getContext(), passwordInput);
                        }
                    } else {
                        credentialsLayout.setVisibility(View.INVISIBLE);

                        UIHelper.hideKeyboard(getIntroActivity(), root);
                    }


                    updateNavigation();
                }

                @Override
                public void onNothingSelected(AdapterView<?> adapterView) {
                }
            });","            selection.setOnItemSelectedListener(new AdapterView.OnItemSelectedListener() {
                @Override                
                 public void onItemSelected(AdapterView<?> adapterView, View view, int i, long l) {
                    Constants.AuthMethod authMethod = selectionMapping.get(i);

                    if (authMethod == Constants.AuthMethod.PASSWORD) {
                        credentialsLayout.setVisibility(View.VISIBLE);

                        passwordLayout.setHint(getString(R.string.settings_hint_password));
                        passwordConfirm.setHint(R.string.settings_hint_password_confirm);

                        passwordInput.setInputType(InputType.TYPE_CLASS_TEXT | InputType.TYPE_TEXT_VARIATION_PASSWORD);
                        passwordConfirm.setInputType(InputType.TYPE_CLASS_TEXT | InputType.TYPE_TEXT_VARIATION_PASSWORD);

                        passwordInput.setTransformationMethod(new PasswordTransformationMethod());
                        passwordConfirm.setTransformationMethod(new PasswordTransformationMethod());

                        minLength = Constants.AUTH_MIN_PASSWORD_LENGTH;
                        lengthWarning = getString(R.string.settings_label_short_password, minLength);
                        noPasswordWarning = getString(R.string.intro_slide3_warn_no_password);
                        confirmPasswordWarning = getString(R.string.intro_slide3_warn_confirm_password);

                        if (getIntroActivity().getCurrentSlidePosition() == slidePos) {
                            passwordInput.requestFocus();
                            UIHelper.showKeyboard(getContext(), passwordInput);
                        }
                    } else if (authMethod == Constants.AuthMethod.PIN) {
                        credentialsLayout.setVisibility(View.VISIBLE);

                        passwordLayout.setHint(getString(R.string.settings_hint_pin));
                        passwordConfirm.setHint(R.string.settings_hint_pin_confirm);

                        passwordInput.setInputType(InputType.TYPE_CLASS_NUMBER | InputType.TYPE_NUMBER_VARIATION_PASSWORD);
                        passwordConfirm.setInputType(InputType.TYPE_CLASS_NUMBER | InputType.TYPE_NUMBER_VARIATION_PASSWORD);

                        passwordInput.setTransformationMethod(new PasswordTransformationMethod());
                        passwordConfirm.setTransformationMethod(new PasswordTransformationMethod());

                        minLength = Constants.AUTH_MIN_PIN_LENGTH;
                        lengthWarning = getString(R.string.settings_label_short_pin, minLength);
                        noPasswordWarning = getString(R.string.intro_slide3_warn_no_pin);
                        confirmPasswordWarning = getString(R.string.intro_slide3_warn_confirm_pin);

                        if (getIntroActivity().getCurrentSlidePosition() == slidePos) {
                            passwordInput.requestFocus();
                            UIHelper.showKeyboard(getContext(), passwordInput);
                        }
                    } else {
                        credentialsLayout.setVisibility(View.INVISIBLE);

                        UIHelper.hideKeyboard(getIntroActivity(), root);
                    }

                    passwordInput.setText(null);
                    passwordConfirm.setText(null);

                    authWarnings.setVisibility(View.GONE);

                    updateNavigation();
                }
                
                @Override
                public void onNothingSelected(AdapterView<?> adapterView) {
                }
            });","            selection.setOnItemSelectedListener(new AdapterView.OnItemSelectedListener() {
                @Override                
                 public void onItemSelected(AdapterView<?> adapterView, View view, int i, long l) {
                    Constants.AuthMethod authMethod = selectionMapping.get(i);

                    if (authMethod == Constants.AuthMethod.PASSWORD) {
                        credentialsLayout.setVisibility(View.VISIBLE);

                        passwordLayout.setHint(getString(R.string.settings_hint_password));
                        passwordConfirm.setHint(R.string.settings_hint_password_confirm);

                        passwordInput.setInputType(InputType.TYPE_CLASS_TEXT | InputType.TYPE_TEXT_VARIATION_PASSWORD);
                        passwordConfirm.setInputType(InputType.TYPE_CLASS_TEXT | InputType.TYPE_TEXT_VARIATION_PASSWORD);

                        passwordInput.setTransformationMethod(new PasswordTransformationMethod());
                        passwordConfirm.setTransformationMethod(new PasswordTransformationMethod());

                        minLength = Constants.AUTH_MIN_PASSWORD_LENGTH;
                        lengthWarning = getString(R.string.settings_label_short_password, minLength);
                        noPasswordWarning = getString(R.string.intro_slide3_warn_no_password);
                        confirmPasswordWarning = getString(R.string.intro_slide3_warn_confirm_password);

                        if (getIntroActivity().getCurrentSlidePosition() == slidePos) {
                            passwordInput.requestFocus();
                            UIHelper.showKeyboard(getContext(), passwordInput);
                        }
                    } else if (authMethod == Constants.AuthMethod.PIN) {
                        credentialsLayout.setVisibility(View.VISIBLE);

                        passwordLayout.setHint(getString(R.string.settings_hint_pin));
                        passwordConfirm.setHint(R.string.settings_hint_pin_confirm);

                        passwordInput.setInputType(InputType.TYPE_CLASS_NUMBER | InputType.TYPE_NUMBER_VARIATION_PASSWORD);
                        passwordConfirm.setInputType(InputType.TYPE_CLASS_NUMBER | InputType.TYPE_NUMBER_VARIATION_PASSWORD);

                        passwordInput.setTransformationMethod(new PasswordTransformationMethod());
                        passwordConfirm.setTransformationMethod(new PasswordTransformationMethod());

                        minLength = Constants.AUTH_MIN_PIN_LENGTH;
                        lengthWarning = getString(R.string.settings_label_short_pin, minLength);
                        noPasswordWarning = getString(R.string.intro_slide3_warn_no_pin);
                        confirmPasswordWarning = getString(R.string.intro_slide3_warn_confirm_pin);

                        if (getIntroActivity().getCurrentSlidePosition() == slidePos) {
                            passwordInput.requestFocus();
                            UIHelper.showKeyboard(getContext(), passwordInput);
                        }
                    } else {
                        credentialsLayout.setVisibility(View.INVISIBLE);

                        UIHelper.hideKeyboard(getIntroActivity(), root);
                    }

+                  passwordInput.setText(null);
+                  passwordConfirm.setText(null);

+                  authWarnings.setVisibility(View.GONE);

                    updateNavigation();
                }

                @Override
                public void onNothingSelected(AdapterView<?> adapterView) {
                }
            });","            selection.setOnItemSelectedListener(new AdapterView.OnItemSelectedListener() {
                @Override                
                 public void onItemSelected(AdapterView<?> adapterView, View view, int i, long l) {
                    Constants.AuthMethod authMethod = selectionMapping.get(i);

                    if (authMethod == Constants.AuthMethod.PASSWORD) {
                        credentialsLayout.setVisibility(View.VISIBLE);

                        passwordLayout.setHint(getString(R.string.settings_hint_password));
                        passwordConfirm.setHint(R.string.settings_hint_password_confirm);

                        passwordInput.setInputType(InputType.TYPE_CLASS_TEXT | InputType.TYPE_TEXT_VARIATION_PASSWORD);
                        passwordConfirm.setInputType(InputType.TYPE_CLASS_TEXT | InputType.TYPE_TEXT_VARIATION_PASSWORD);

                        passwordInput.setTransformationMethod(new PasswordTransformationMethod());
                        passwordConfirm.setTransformationMethod(new PasswordTransformationMethod());

                        minLength = Constants.AUTH_MIN_PASSWORD_LENGTH;
                        lengthWarning = getString(R.string.settings_label_short_password, minLength);
                        noPasswordWarning = getString(R.string.intro_slide3_warn_no_password);
                        confirmPasswordWarning = getString(R.string.intro_slide3_warn_confirm_password);

                        if (getIntroActivity().getCurrentSlidePosition() == slidePos) {
                            passwordInput.requestFocus();
                            UIHelper.showKeyboard(getContext(), passwordInput);
                        }
                    } else if (authMethod == Constants.AuthMethod.PIN) {
                        credentialsLayout.setVisibility(View.VISIBLE);

                        passwordLayout.setHint(getString(R.string.settings_hint_pin));
                        passwordConfirm.setHint(R.string.settings_hint_pin_confirm);

                        passwordInput.setInputType(InputType.TYPE_CLASS_NUMBER | InputType.TYPE_NUMBER_VARIATION_PASSWORD);
                        passwordConfirm.setInputType(InputType.TYPE_CLASS_NUMBER | InputType.TYPE_NUMBER_VARIATION_PASSWORD);

                        passwordInput.setTransformationMethod(new PasswordTransformationMethod());
                        passwordConfirm.setTransformationMethod(new PasswordTransformationMethod());

                        minLength = Constants.AUTH_MIN_PIN_LENGTH;
                        lengthWarning = getString(R.string.settings_label_short_pin, minLength);
                        noPasswordWarning = getString(R.string.intro_slide3_warn_no_pin);
                        confirmPasswordWarning = getString(R.string.intro_slide3_warn_confirm_pin);

                        if (getIntroActivity().getCurrentSlidePosition() == slidePos) {
                            passwordInput.requestFocus();
                            UIHelper.showKeyboard(getContext(), passwordInput);
                        }
                    } else {
                        credentialsLayout.setVisibility(View.INVISIBLE);

                        UIHelper.hideKeyboard(getIntroActivity(), root);
                    }

                     <Chunk_For_Modification>

                     <Chunk_For_Modification>

                    updateNavigation();
                }

                @Override
                public void onNothingSelected(AdapterView<?> adapterView) {
                }
            });","            selection.setOnItemSelectedListener(new AdapterView.OnItemSelectedListener() {
                @Override                
                 public void onItemSelected(AdapterView<?> adapterView, View view, int i, long l) {
                    Constants.AuthMethod authMethod = selectionMapping.get(i);

                    if (authMethod == Constants.AuthMethod.PASSWORD) {
                        credentialsLayout.setVisibility(View.VISIBLE);

                        passwordLayout.setHint(getString(R.string.settings_hint_password));
                        passwordConfirm.setHint(R.string.settings_hint_password_confirm);

                        passwordInput.setInputType(InputType.TYPE_CLASS_TEXT | InputType.TYPE_TEXT_VARIATION_PASSWORD);
                        passwordConfirm.setInputType(InputType.TYPE_CLASS_TEXT | InputType.TYPE_TEXT_VARIATION_PASSWORD);

                        passwordInput.setTransformationMethod(new PasswordTransformationMethod());
                        passwordConfirm.setTransformationMethod(new PasswordTransformationMethod());

                        minLength = Constants.AUTH_MIN_PASSWORD_LENGTH;
                        lengthWarning = getString(R.string.settings_label_short_password, minLength);
                        noPasswordWarning = getString(R.string.intro_slide3_warn_no_password);
                        confirmPasswordWarning = getString(R.string.intro_slide3_warn_confirm_password);

                        if (getIntroActivity().getCurrentSlidePosition() == slidePos) {
                            passwordInput.requestFocus();
                            UIHelper.showKeyboard(getContext(), passwordInput);
                        }
                    } else if (authMethod == Constants.AuthMethod.PIN) {
                        credentialsLayout.setVisibility(View.VISIBLE);

                        passwordLayout.setHint(getString(R.string.settings_hint_pin));
                        passwordConfirm.setHint(R.string.settings_hint_pin_confirm);

                        passwordInput.setInputType(InputType.TYPE_CLASS_NUMBER | InputType.TYPE_NUMBER_VARIATION_PASSWORD);
                        passwordConfirm.setInputType(InputType.TYPE_CLASS_NUMBER | InputType.TYPE_NUMBER_VARIATION_PASSWORD);

                        passwordInput.setTransformationMethod(new PasswordTransformationMethod());
                        passwordConfirm.setTransformationMethod(new PasswordTransformationMethod());

                        minLength = Constants.AUTH_MIN_PIN_LENGTH;
                        lengthWarning = getString(R.string.settings_label_short_pin, minLength);
                        noPasswordWarning = getString(R.string.intro_slide3_warn_no_pin);
                        confirmPasswordWarning = getString(R.string.intro_slide3_warn_confirm_pin);

                        if (getIntroActivity().getCurrentSlidePosition() == slidePos) {
                            passwordInput.requestFocus();
                            UIHelper.showKeyboard(getContext(), passwordInput);
                        }
                    } else {
                        credentialsLayout.setVisibility(View.INVISIBLE);

                        UIHelper.hideKeyboard(getIntroActivity(), root);
                    }

                     >>> [ INFILL ] <<<

                     >>> [ INFILL ] <<<

                    updateNavigation();
                }

                @Override
                public void onNothingSelected(AdapterView<?> adapterView) {
                }
            });",,,,,,,,,,,,0,3,3,,
bug-130-canGoForward,bug-130-canGoForward/app/src/main/java/org/shadowice/flocke/andotp/Activities/IntroScreenActivity.java,"General information

App version: 0.6.3.1-play
App source: Google Play
Android Version: 8.0.0
Custom ROM: Samsung
Expected result

The first slide says ""read carefully"", so I did. I left the second slide unchanged (the dropdown defaulted to ""Password / PIN""). On the third slide the text said

Since you have chosen Android KeyStore as encryption method this is optional.
which got me confused. The dropdown on the third slide has ""None"" and ""Device credentials"" greyed out, so I guess the text is just a UI bug. I went back to the second slide and double checked, it still says ""Password / PIN"". Selecting ""Android KeyStore"" and then back to ""Password / PIN"" updates the text on the third slide.

However, here's a second issue: if I explicitly select ""Android KeyStore"" then the third slide still has a red text saying ""Please set a password to continue"". Which is odd, because the text at the top says ""Since you have chosen Android KeyStore as encryption method this is optional."". But the red text indicates it is not optional. I think this is just a UX bug and an unfortunate coincidence that ""Password"" is still the default even though ""Android KeyStore"" was selected. Maybe it should default to ""None"" to align with what the text says?

Steps to reproduce

Read carefully what the onboarding screens say. I still haven't finished the onboarding and can reproduce the behavior every single time I open the app and restart the process.","        public boolean canGoForward() {
            Constants.AuthMethod authMethod = selectionMapping.get(selection.getSelectedItemPosition());

            if (authMethod == Constants.AuthMethod.PIN || authMethod == Constants.AuthMethod.PASSWORD) {
                String password = passwordInput.getText().toString();
                String confirm = passwordConfirm.getText().toString();

                if (! password.isEmpty()) {
                    if (password.length() < minLength) {
                        displayWarning(lengthWarning);
                        return false;
                    } else {
                        if (! confirm.isEmpty() && confirm.equals(password)) {
                            hideWarning();
                            return true;
                        } else {
                            displayWarning(confirmPasswordWarning);
                            return false;
                        }
                    }
                } else {
                    displayWarning(noPasswordWarning);
                    return false;
                }
            } else if (authMethod == Constants.AuthMethod.DEVICE) {
                KeyguardManager km = (KeyguardManager) getContext().getSystemService(KEYGUARD_SERVICE);

                if (android.os.Build.VERSION.SDK_INT < android.os.Build.VERSION_CODES.LOLLIPOP) {
                    displayWarning(R.string.settings_toast_auth_device_pre_lollipop);
                    return false;
                } else if (! km.isKeyguardSecure()) {
                    displayWarning(R.string.settings_toast_auth_device_not_secure);
                    return false;
                }

                hideWarning();

                return true;
            } else {
                hideWarning();

                return true;
            }
        }","        public boolean canGoForward() {
            Constants.AuthMethod authMethod = selectionMapping.get(selection.getSelectedItemPosition());

            if (authMethod == Constants.AuthMethod.PIN || authMethod == Constants.AuthMethod.PASSWORD) {
                String password = passwordInput.getText().toString();
                String confirm = passwordConfirm.getText().toString();

                if (! password.isEmpty()) {
                    if (password.length() < minLength) {
                        updateWarning(lengthWarning);
                        return false;
                    } else {
                        if (! confirm.isEmpty() && confirm.equals(password)) {
                            hideWarning();
                            return true;
                        } else {
                            updateWarning(confirmPasswordWarning);
                            return false;
                        }
                    }
                } else {
                    updateWarning(noPasswordWarning);
                    return false;
                }
            } else if (authMethod == Constants.AuthMethod.DEVICE) {
                KeyguardManager km = (KeyguardManager) getContext().getSystemService(KEYGUARD_SERVICE);

                if (android.os.Build.VERSION.SDK_INT < android.os.Build.VERSION_CODES.LOLLIPOP) {
                    updateWarning(R.string.settings_toast_auth_device_pre_lollipop);
                    return false;
                } else if (! km.isKeyguardSecure()) {
                    updateWarning(R.string.settings_toast_auth_device_not_secure);
                    return false;
                }

                hideWarning();

                return true;
            } else {
                hideWarning();

                return true;
            }
        }","        public boolean canGoForward() {
            Constants.AuthMethod authMethod = selectionMapping.get(selection.getSelectedItemPosition());

            if (authMethod == Constants.AuthMethod.PIN || authMethod == Constants.AuthMethod.PASSWORD) {
                String password = passwordInput.getText().toString();
                String confirm = passwordConfirm.getText().toString();

                if (! password.isEmpty()) {
                    if (password.length() < minLength) {
-                       displayWarning(lengthWarning);
+                      updateWarning(lengthWarning);
                        return false;
                    } else {
                        if (! confirm.isEmpty() && confirm.equals(password)) {
                            hideWarning();
                            return true;
                        } else {
-                           displayWarning(confirmPasswordWarning);
+                          updateWarning(confirmPasswordWarning);
                            return false;
                        }
                    }
                } else {
-                   displayWarning(noPasswordWarning);
+                  updateWarning(noPasswordWarning);
                    return false;
                }
            } else if (authMethod == Constants.AuthMethod.DEVICE) {
                KeyguardManager km = (KeyguardManager) getContext().getSystemService(KEYGUARD_SERVICE);

                if (android.os.Build.VERSION.SDK_INT < android.os.Build.VERSION_CODES.LOLLIPOP) {
-                   displayWarning(R.string.settings_toast_auth_device_pre_lollipop);
+                  updateWarning(R.string.settings_toast_auth_device_pre_lollipop);
                    return false;
                } else if (! km.isKeyguardSecure()) {
-                   displayWarning(R.string.settings_toast_auth_device_not_secure);
+                  updateWarning(R.string.settings_toast_auth_device_not_secure);
                    return false;
                }

                hideWarning();

                return true;
            } else {
                hideWarning();

                return true;
            }
        }","        public boolean canGoForward() {
            Constants.AuthMethod authMethod = selectionMapping.get(selection.getSelectedItemPosition());

            if (authMethod == Constants.AuthMethod.PIN || authMethod == Constants.AuthMethod.PASSWORD) {
                String password = passwordInput.getText().toString();
                String confirm = passwordConfirm.getText().toString();

                if (! password.isEmpty()) {
                    if (password.length() < minLength) {
                        <Chunk_For_Modification>
                        return false;
                    } else {
                        if (! confirm.isEmpty() && confirm.equals(password)) {
                            hideWarning();
                            return true;
                        } else {
                            <Chunk_For_Modification>
                            return false;
                        }
                    }
                } else {
                    <Chunk_For_Modification>
                    return false;
                }
            } else if (authMethod == Constants.AuthMethod.DEVICE) {
                KeyguardManager km = (KeyguardManager) getContext().getSystemService(KEYGUARD_SERVICE);

                if (android.os.Build.VERSION.SDK_INT < android.os.Build.VERSION_CODES.LOLLIPOP) {
                    <Chunk_For_Modification>
                    return false;
                } else if (! km.isKeyguardSecure()) {
                    <Chunk_For_Modification>
                    return false;
                }

                hideWarning();

                return true;
            } else {
                hideWarning();

                return true;
            }
        }","        public boolean canGoForward() {
            Constants.AuthMethod authMethod = selectionMapping.get(selection.getSelectedItemPosition());

            if (authMethod == Constants.AuthMethod.PIN || authMethod == Constants.AuthMethod.PASSWORD) {
                String password = passwordInput.getText().toString();
                String confirm = passwordConfirm.getText().toString();

                if (! password.isEmpty()) {
                    if (password.length() < minLength) {
                        >>> [ INFILL ] <<<
                        return false;
                    } else {
                        if (! confirm.isEmpty() && confirm.equals(password)) {
                            hideWarning();
                            return true;
                        } else {
                            >>> [ INFILL ] <<<
                            return false;
                        }
                    }
                } else {
                    >>> [ INFILL ] <<<
                    return false;
                }
            } else if (authMethod == Constants.AuthMethod.DEVICE) {
                KeyguardManager km = (KeyguardManager) getContext().getSystemService(KEYGUARD_SERVICE);

                if (android.os.Build.VERSION.SDK_INT < android.os.Build.VERSION_CODES.LOLLIPOP) {
                    >>> [ INFILL ] <<<
                    return false;
                } else if (! km.isKeyguardSecure()) {
                    >>> [ INFILL ] <<<
                    return false;
                }

                hideWarning();

                return true;
            } else {
                hideWarning();

                return true;
            }
        }",,,,,,,,,,,,5,5,10,,
bug-191-insertTower,bug-191-insertTower/app/src/main/java/ch/logixisland/anuto/business/control/TowerInserter.java,"Steps to reproduce

start any game
drag+drop any defence towers you like, credits < 0 are possible
Yay my most successful round ever! But takes the fun away :(
Not sure whether it actually goes down to -∞ or has some negative limit

Version 0.2-1 (F-Droid)
Android 6.0.1","    public void insertTower(final String towerName) {
        if (mGameEngine.isThreadChangeNeeded()) {
            mGameEngine.post(new Runnable() {
                @Override
                public void run() {
                    insertTower(towerName);
                }
            });
            return;
        }

        if (mInsertedTower == null && !mGameManager.isGameOver()) {
            showTowerLevels();
            mInsertedTower = mTowerFactory.createTower(towerName);
        }
    }","    public void insertTower(final String towerName) {
        if (mGameEngine.isThreadChangeNeeded()) {
            mGameEngine.post(new Runnable() {
                @Override
                public void run() {
                    insertTower(towerName);
                }
            });
            return;
        }

        if (mInsertedTower == null && !mGameManager.isGameOver() &&
                mScoreBoard.getCredits() >= mTowerFactory.getTowerValue(towerName)) {
            showTowerLevels();
            mInsertedTower = mTowerFactory.createTower(towerName);
        }
    }","    public void insertTower(final String towerName) {
        if (mGameEngine.isThreadChangeNeeded()) {
            mGameEngine.post(new Runnable() {
                @Override
                public void run() {
                    insertTower(towerName);
                }
            });
            return;
        }

-       if (mInsertedTower == null && !mGameManager.isGameOver()) {
+      if (mInsertedTower == null && !mGameManager.isGameOver() &&
+              mScoreBoard.getCredits() >= mTowerFactory.getTowerValue(towerName)) {
            showTowerLevels();
            mInsertedTower = mTowerFactory.createTower(towerName);
        }
    }","    public void insertTower(final String towerName) {
        if (mGameEngine.isThreadChangeNeeded()) {
            mGameEngine.post(new Runnable() {
                @Override
                public void run() {
                    insertTower(towerName);
                }
            });
            return;
        }
            <Chunk_For_Modification>
            showTowerLevels();
            mInsertedTower = mTowerFactory.createTower(towerName);
        }
    }","    public void insertTower(final String towerName) {
        if (mGameEngine.isThreadChangeNeeded()) {
            mGameEngine.post(new Runnable() {
                @Override
                public void run() {
                    insertTower(towerName);
                }
            });
            return;
        }
            >>> [ INFILL ] <<<
            showTowerLevels();
            mInsertedTower = mTowerFactory.createTower(towerName);
        }
    }",,,,,,,,,,,,1,2,3,2,2
bug-191-onTouch,bug-191-onTouch/app/src/main/java/ch/logixisland/anuto/view/game/TowerView.java,"Steps to reproduce

start any game
drag+drop any defence towers you like, credits < 0 are possible
Yay my most successful round ever! But takes the fun away :(
Not sure whether it actually goes down to -∞ or has some negative limit

Version 0.2-1 (F-Droid)
Android 6.0.1","    public boolean onTouch(View view, MotionEvent event) {
        if (event.getAction() == MotionEvent.ACTION_DOWN) {
            mTowerInserter.insertTower(mPreviewTower.getName());

            View.DragShadowBuilder shadowBuilder = new View.DragShadowBuilder() {
                @Override
                public void onProvideShadowMetrics(Point shadowSize, Point shadowTouchPoint) {
                }

                @Override
                public void onDrawShadow(Canvas canvas) {
                }
            };


            ClipData data = ClipData.newPlainText("""", """");
            startDrag(data, shadowBuilder, this, 0);

        }

        return false;
    }","    public boolean onTouch(View view, MotionEvent event) {
        if (event.getAction() == MotionEvent.ACTION_DOWN) {
            if (mScoreBoard.getCredits() >= mTowerFactory.getTowerValue(mPreviewTower.getName())) {
               mTowerInserter.insertTower(mPreviewTower.getName());


                View.DragShadowBuilder shadowBuilder = new View.DragShadowBuilder() {
                    @Override
                    public void onProvideShadowMetrics(Point shadowSize, Point shadowTouchPoint) {
                    }


                    @Override
                    public void onDrawShadow(Canvas canvas) {
                    }
                };


                ClipData data = ClipData.newPlainText("""", """");
                startDrag(data, shadowBuilder, this, 0);
            }
        }

        return false;
    }","    public boolean onTouch(View view, MotionEvent event) {
        if (event.getAction() == MotionEvent.ACTION_DOWN) {
-           mTowerInserter.insertTower(mPreviewTower.getName());
+          if (mScoreBoard.getCredits() >= mTowerFactory.getTowerValue(mPreviewTower.getName())) {
+             mTowerInserter.insertTower(mPreviewTower.getName());

-           View.DragShadowBuilder shadowBuilder = new View.DragShadowBuilder() {
-               @Override
-               public void onProvideShadowMetrics(Point shadowSize, Point shadowTouchPoint) {
-               }
+              View.DragShadowBuilder shadowBuilder = new View.DragShadowBuilder() {
+                  @Override
+                  public void onProvideShadowMetrics(Point shadowSize, Point shadowTouchPoint) {
+                  }

-               @Override
-               public void onDrawShadow(Canvas canvas) {
-               }
-           };
+                  @Override
+                  public void onDrawShadow(Canvas canvas) {
+                  }
+              };

-           ClipData data = ClipData.newPlainText("""", """");
-           startDrag(data, shadowBuilder, this, 0);
+              ClipData data = ClipData.newPlainText("""", """");
+              startDrag(data, shadowBuilder, this, 0);
+          }
        }

        return false;
    }","    public boolean onTouch(View view, MotionEvent event) {
        if (event.getAction() == MotionEvent.ACTION_DOWN) {
            <Chunk_For_Modification>
        }

        return false;
    }","    public boolean onTouch(View view, MotionEvent event) {
        if (event.getAction() == MotionEvent.ACTION_DOWN) {
            >>> [ INFILL ] <<<
        }

        return false;
    }",,,,,,,,,,,,11,13,24,,
bug-192-onViewCreated,bug-192-onViewCreated/app/src/main/java/net/gsantner/markor/activity/DocumentEditFragment.java,"Version

v0.2.4 from F-Droid

Steps to replicate

Open a (preferably big) file and enter edit mode
Move the cursor to any place other than the initial position
Switch to another app and switch back
Expected behavior

Cursor remains where you placed it.

Actual behavior

Cursor goes back to the initial position.

This happens even when one has opened e.g. the insert image dialog. If you insert the image after switching back, it'll be inserted at the beginning of the file.","    public void onViewCreated(@NonNull View view, Bundle savedInstanceState) {
        //applyTextFormat(TextFormat.FORMAT_PLAIN);
        setupAppearancePreferences();

        if (savedInstanceState != null && savedInstanceState.containsKey(SAVESTATE_DOCUMENT)) {
            _document = (Document) savedInstanceState.getSerializable(SAVESTATE_DOCUMENT);
        }
        _document = loadDocument();
        loadDocumentIntoUi();

        new ActivityUtils(getActivity()).hideSoftKeyboard();
        _hlEditor.clearFocus();
    }","    public void onViewCreated(@NonNull View view, Bundle savedInstanceState) {
        //applyTextFormat(TextFormat.FORMAT_PLAIN);
        setupAppearancePreferences();

        if (savedInstanceState != null && savedInstanceState.containsKey(SAVESTATE_DOCUMENT)) {
            _document = (Document) savedInstanceState.getSerializable(SAVESTATE_DOCUMENT);
        }
        _document = loadDocument();
        loadDocumentIntoUi();
        if (savedInstanceState != null && savedInstanceState.containsKey(SAVESTATE_CURSOR_POS)) {
            int cursor = savedInstanceState.getInt(SAVESTATE_CURSOR_POS);
            if (cursor >= 0 && cursor < _hlEditor.length()){
                _hlEditor.setSelection(cursor);
            }
        }

        new ActivityUtils(getActivity()).hideSoftKeyboard();
        AppSettings appSettings = new AppSettings(_context);
        _hlEditor.clearFocus();
        _hlEditor.setLineSpacing(0, appSettings.getEditorLineSpacing());
    }","    public void onViewCreated(@NonNull View view, Bundle savedInstanceState) {
        //applyTextFormat(TextFormat.FORMAT_PLAIN);
        setupAppearancePreferences();

        if (savedInstanceState != null && savedInstanceState.containsKey(SAVESTATE_DOCUMENT)) {
            _document = (Document) savedInstanceState.getSerializable(SAVESTATE_DOCUMENT);
        }
        _document = loadDocument();
        loadDocumentIntoUi();
+      if (savedInstanceState != null && savedInstanceState.containsKey(SAVESTATE_CURSOR_POS)) {
+          int cursor = savedInstanceState.getInt(SAVESTATE_CURSOR_POS);
+          if (cursor >= 0 && cursor < _hlEditor.length()){
+              _hlEditor.setSelection(cursor);
+          }
+      }

        new ActivityUtils(getActivity()).hideSoftKeyboard();
+      AppSettings appSettings = new AppSettings(_context);
        _hlEditor.clearFocus();
+      _hlEditor.setLineSpacing(0, appSettings.getEditorLineSpacing());
    }","    public void onViewCreated(@NonNull View view, Bundle savedInstanceState) {
        //applyTextFormat(TextFormat.FORMAT_PLAIN);
        setupAppearancePreferences();

        if (savedInstanceState != null && savedInstanceState.containsKey(SAVESTATE_DOCUMENT)) {
            _document = (Document) savedInstanceState.getSerializable(SAVESTATE_DOCUMENT);
        }
        _document = loadDocument();
        loadDocumentIntoUi();
        <Chunk_For_Modification>

        new ActivityUtils(getActivity()).hideSoftKeyboard();
        <Chunk_For_Modification>
        _hlEditor.clearFocus();
        <Chunk_For_Modification>
    }","    public void onViewCreated(@NonNull View view, Bundle savedInstanceState) {
        //applyTextFormat(TextFormat.FORMAT_PLAIN);
        setupAppearancePreferences();

        if (savedInstanceState != null && savedInstanceState.containsKey(SAVESTATE_DOCUMENT)) {
            _document = (Document) savedInstanceState.getSerializable(SAVESTATE_DOCUMENT);
        }
        _document = loadDocument();
        loadDocumentIntoUi();
        >>> [ INFILL ] <<<

        new ActivityUtils(getActivity()).hideSoftKeyboard();
        >>> [ INFILL ] <<<
        _hlEditor.clearFocus();
        >>> [ INFILL ] <<<
    }",,,,,,,,,,,,0,8,8,3,1
bug-192-onResume,bug-192-onResume/app/src/main/java/net/gsantner/markor/activity/DocumentEditFragment.java,"Version

v0.2.4 from F-Droid

Steps to replicate

Open a (preferably big) file and enter edit mode
Move the cursor to any place other than the initial position
Switch to another app and switch back
Expected behavior

Cursor remains where you placed it.

Actual behavior

Cursor goes back to the initial position.

This happens even when one has opened e.g. the insert image dialog. If you insert the image after switching back, it'll be inserted at the beginning of the file.","    public void onResume() {
        super.onResume();
        checkReloadDisk();
        _hlEditor.setText(_document.getContent());
    }","    public void onResume() {
        super.onResume();
        checkReloadDisk();
        int cursor = _hlEditor.getSelectionStart();
        _hlEditor.setText(_document.getContent());
        if (cursor >= 0 && cursor < _hlEditor.length()){
            _hlEditor.setSelection(cursor);
        }
    }","    public void onResume() {
        super.onResume();
        checkReloadDisk();
+      int cursor = _hlEditor.getSelectionStart();
        _hlEditor.setText(_document.getContent());
+      if (cursor >= 0 && cursor < _hlEditor.length()){
+          _hlEditor.setSelection(cursor);
+      }
    }","    public void onResume() {
        super.onResume();
        checkReloadDisk();
        <Chunk_For_Modification>
        _hlEditor.setText(_document.getContent());
        <Chunk_For_Modification>
    }","    public void onResume() {
        super.onResume();
        checkReloadDisk();
        >>> [ INFILL ] <<<
        _hlEditor.setText(_document.getContent());
        >>> [ INFILL ] <<<
    }",,,,,,,,,,,,0,4,4,,
bug-192-onSaveInstanceState,bug-192-onSaveInstanceState/app/src/main/java/net/gsantner/markor/activity/DocumentEditFragment.java,"Version

v0.2.4 from F-Droid

Steps to replicate

Open a (preferably big) file and enter edit mode
Move the cursor to any place other than the initial position
Switch to another app and switch back
Expected behavior

Cursor remains where you placed it.

Actual behavior

Cursor goes back to the initial position.

This happens even when one has opened e.g. the insert image dialog. If you insert the image after switching back, it'll be inserted at the beginning of the file.","    public void onSaveInstanceState(@NonNull Bundle outState) {
        saveDocument();
        outState.putSerializable(SAVESTATE_DOCUMENT, _document);
        super.onSaveInstanceState(outState);
    }","    public void onSaveInstanceState(@NonNull Bundle outState) {
        saveDocument();
        outState.putSerializable(SAVESTATE_DOCUMENT, _document);
        outState.putSerializable(SAVESTATE_CURSOR_POS, _hlEditor.getSelectionStart());
        super.onSaveInstanceState(outState);
    }","    public void onSaveInstanceState(@NonNull Bundle outState) {
        saveDocument();
        outState.putSerializable(SAVESTATE_DOCUMENT, _document);
+      outState.putSerializable(SAVESTATE_CURSOR_POS, _hlEditor.getSelectionStart());
        super.onSaveInstanceState(outState);
    }","    public void onSaveInstanceState(@NonNull Bundle outState) {
        saveDocument();
        outState.putSerializable(SAVESTATE_DOCUMENT, _document);
        <Chunk_For_Modification>
        super.onSaveInstanceState(outState);
    }","    public void onSaveInstanceState(@NonNull Bundle outState) {
        saveDocument();
        outState.putSerializable(SAVESTATE_DOCUMENT, _document);
        >>> [ INFILL ] <<<
        super.onSaveInstanceState(outState);
    }",,,,,,,,,,,,0,1,1,,
bug-271-refresh,bug-271-refresh/app/src/main/java/com/beemdevelopment/aegis/ui/views/TotpProgressBar.java,"Info

Version: 1.2
Source: F-Droid
Vault encrypted: Yes
Device: Pixel
Android version and ROM: Android 10
Steps to reproduce

Create a new manual entry
Give other details, but set time to generate a new key to ""9999"" seconds.
What do you expect to happen?

New code should be generated when the entered time is up.

What happens instead?

Aegis instantly crashes.
I reopened Aegis, gave the password and it crashed again and again to the point where i just cleared all the app data.

This issue is possibly the cause of #496","    private void refresh() {
        // calculate the current progress the bar should start at
        int maxProgress = getMax();
        long millisTillRotation = TotpInfo.getMillisTillNextRotation(_period);
        int currentProgress = (int) (maxProgress * ((float) millisTillRotation / (_period * 1000)));

        // start progress animation, compensating for any changes to the animator duration scale settings
        int animPart = maxProgress / _period;
        int animEnd = (currentProgress / animPart) * animPart;
        int animPartDuration = (int) (1000 / _animDurationScale);
        float animDurationFraction = (float) (currentProgress - animEnd) / animPart;
        int realAnimDuration =  (int) (1000 * animDurationFraction);
        int animDuration =  (int) (animPartDuration * animDurationFraction);
        ObjectAnimator animation = ObjectAnimator.ofInt(this, ""progress"", currentProgress, animEnd);
        animation.setDuration(animDuration);
        animation.setInterpolator(new LinearInterpolator());
        animation.start();

        // the animation only lasts for (less than) one second, so restart it after that
        _handler.postDelayed(this::refresh, realAnimDuration);
    }","    private void refresh() {
        // calculate the current progress the bar should start at
        int maxProgress = getMax();
        long millisTillRotation = TotpInfo.getMillisTillNextRotation(_period);
        int currentProgress = (int) (maxProgress * ((float) millisTillRotation / (_period * 1000)));

        // start progress animation, compensating for any changes to the animator duration scale settings
        float animPart = (float) maxProgress / _period;
        int animEnd = (int) ((currentProgress / animPart) * animPart);
        int animPartDuration = (int) (1000 / _animDurationScale);
        float animDurationFraction = (float) (currentProgress - animEnd) / animPart;
        int realAnimDuration =  (int) (1000 * animDurationFraction);
        int animDuration =  (int) (animPartDuration * animDurationFraction);
        ObjectAnimator animation = ObjectAnimator.ofInt(this, ""progress"", currentProgress, animEnd);
        animation.setDuration(animDuration);
        animation.setInterpolator(new LinearInterpolator());
        animation.start();

        // the animation only lasts for (less than) one second, so restart it after that
        _handler.postDelayed(this::refresh, realAnimDuration);
    }","    private void refresh() {
        // calculate the current progress the bar should start at
        int maxProgress = getMax();
        long millisTillRotation = TotpInfo.getMillisTillNextRotation(_period);
        int currentProgress = (int) (maxProgress * ((float) millisTillRotation / (_period * 1000)));

        // start progress animation, compensating for any changes to the animator duration scale settings
-       int animPart = maxProgress / _period;
-       int animEnd = (currentProgress / animPart) * animPart;
+      float animPart = (float) maxProgress / _period;
+      int animEnd = (int) ((currentProgress / animPart) * animPart);
        int animPartDuration = (int) (1000 / _animDurationScale);
        float animDurationFraction = (float) (currentProgress - animEnd) / animPart;
        int realAnimDuration =  (int) (1000 * animDurationFraction);
        int animDuration =  (int) (animPartDuration * animDurationFraction);
        ObjectAnimator animation = ObjectAnimator.ofInt(this, ""progress"", currentProgress, animEnd);
        animation.setDuration(animDuration);
        animation.setInterpolator(new LinearInterpolator());
        animation.start();

        // the animation only lasts for (less than) one second, so restart it after that
        _handler.postDelayed(this::refresh, realAnimDuration);
    }","    private void refresh() {
        // calculate the current progress the bar should start at
        int maxProgress = getMax();
        long millisTillRotation = TotpInfo.getMillisTillNextRotation(_period);
        int currentProgress = (int) (maxProgress * ((float) millisTillRotation / (_period * 1000)));

        // start progress animation, compensating for any changes to the animator duration scale settings
        <Chunk_For_Modification>
        int animPartDuration = (int) (1000 / _animDurationScale);
        float animDurationFraction = (float) (currentProgress - animEnd) / animPart;
        int realAnimDuration =  (int) (1000 * animDurationFraction);
        int animDuration =  (int) (animPartDuration * animDurationFraction);
        ObjectAnimator animation = ObjectAnimator.ofInt(this, ""progress"", currentProgress, animEnd);
        animation.setDuration(animDuration);
        animation.setInterpolator(new LinearInterpolator());
        animation.start();

        // the animation only lasts for (less than) one second, so restart it after that
        _handler.postDelayed(this::refresh, realAnimDuration);
    }","    private void refresh() {
        // calculate the current progress the bar should start at
        int maxProgress = getMax();
        long millisTillRotation = TotpInfo.getMillisTillNextRotation(_period);
        int currentProgress = (int) (maxProgress * ((float) millisTillRotation / (_period * 1000)));

        // start progress animation, compensating for any changes to the animator duration scale settings
        >>> [ INFILL ] <<<
        int animPartDuration = (int) (1000 / _animDurationScale);
        float animDurationFraction = (float) (currentProgress - animEnd) / animPart;
        int realAnimDuration =  (int) (1000 * animDurationFraction);
        int animDuration =  (int) (animPartDuration * animDurationFraction);
        ObjectAnimator animation = ObjectAnimator.ofInt(this, ""progress"", currentProgress, animEnd);
        animation.setDuration(animDuration);
        animation.setInterpolator(new LinearInterpolator());
        animation.start();

        // the animation only lasts for (less than) one second, so restart it after that
        _handler.postDelayed(this::refresh, realAnimDuration);
    }",,,,,,,,,,,,2,2,4,1,1
bug-275-showSetPasswordDialog,bug-275-showSetPasswordDialog/app/src/main/java/com/beemdevelopment/aegis/ui/Dialogs.java,"Info

Version: 1.1.4
Source: (Google Play/GitHub/F-Droid/?) F-Droid
Vault encrypted: Yes (with biometric unlock)
Device: N/A
Android version and ROM: Android 9.0 / LineageOS 16.0
Steps to reproduce

Set password, and proceed to change the password. When checking off Show password the confirm box is not enabled, and it's not enforced. The OK button is immediately enabled and the text box for Confirm password is disabled.

What do you expect to happen?

Although I believe this is by design, like almost every other application I have used (web, native, mobile, desktop, etc...), I expect the Confirm password text box to stay enabled and allow me to type in my password a second time while still ensuring it matches to the above Password text box.

What happens instead?

When checking off Show password the confirm box is not enabled, and it's not enforced. The OK button is immediately enabled and the text box for Confirm password is disabled. This allows the user to immediately change the password without any verification that the password was typed correctly using the Confirm password text box. Even though the user can plainly see the password, this is still dangerous.

Log

N/A","    public static void showSetPasswordDialog(Activity activity, Dialogs.SlotListener listener) {
        View view = activity.getLayoutInflater().inflate(R.layout.dialog_password, null);
        EditText textPassword = view.findViewById(R.id.text_password);
        EditText textPasswordConfirm = view.findViewById(R.id.text_password_confirm);
        CheckBox switchToggleVisibility = view.findViewById(R.id.check_toggle_visibility);

        switchToggleVisibility.setOnCheckedChangeListener((CompoundButton.OnCheckedChangeListener) (buttonView, isChecked) -> {
            if (isChecked) {
                textPassword.setTransformationMethod(null);
                textPassword.clearFocus();
                textPasswordConfirm.setEnabled(false);
            } else {
                textPassword.setTransformationMethod(new PasswordTransformationMethod());
                textPasswordConfirm.setEnabled(true);
            }
        });

        AlertDialog dialog = new AlertDialog.Builder(activity)
                .setTitle(R.string.set_password)
                .setView(view)
                .setPositiveButton(android.R.string.ok, null)
                .setNegativeButton(android.R.string.cancel, null)
                .create();

        final AtomicReference<Button> buttonOK = new AtomicReference<>();
        dialog.setOnShowListener(d -> {
            Button button = dialog.getButton(AlertDialog.BUTTON_POSITIVE);
            button.setEnabled(false);
            buttonOK.set(button);

            // replace the default listener
            button.setOnClickListener(v -> {
                if (!EditTextHelper.areEditTextsEqual(textPassword, textPasswordConfirm) && !switchToggleVisibility.isChecked()) {
                    return;
                }

                char[] password = EditTextHelper.getEditTextChars(textPassword);
                PasswordSlot slot = new PasswordSlot();
                DerivationTask task = new DerivationTask(activity, key -> {
                    Cipher cipher;
                    try {
                        cipher = Slot.createEncryptCipher(key);
                    } catch (SlotException e) {
                        listener.onException(e);
                        dialog.cancel();
                        return;
                    }
                    listener.onSlotResult(slot, cipher);
                    dialog.dismiss();
                });
                task.execute(new DerivationTask.Params(slot, password));
            });
        });

        TextWatcher watcher = new TextWatcher() {
            public void onTextChanged(CharSequence c, int start, int before, int count) {
                boolean equal = EditTextHelper.areEditTextsEqual(textPassword, textPasswordConfirm);
                buttonOK.get().setEnabled(equal || switchToggleVisibility.isChecked());
            }

            public void beforeTextChanged(CharSequence c, int start, int count, int after) {
            }

            public void afterTextChanged(Editable c) {
            }
        };
        textPassword.addTextChangedListener(watcher);
        textPasswordConfirm.addTextChangedListener(watcher);

        showSecureDialog(dialog);
    }","    public static void showSetPasswordDialog(Activity activity, Dialogs.SlotListener listener) {
        View view = activity.getLayoutInflater().inflate(R.layout.dialog_password, null);
        EditText textPassword = view.findViewById(R.id.text_password);
        EditText textPasswordConfirm = view.findViewById(R.id.text_password_confirm);
        CheckBox switchToggleVisibility = view.findViewById(R.id.check_toggle_visibility);

        switchToggleVisibility.setOnCheckedChangeListener((CompoundButton.OnCheckedChangeListener) (buttonView, isChecked) -> {
            if (isChecked) {
                textPassword.setTransformationMethod(null);
                textPasswordConfirm.setTransformationMethod(null);
                textPassword.clearFocus();
                textPasswordConfirm.clearFocus();
            } else {
                textPassword.setTransformationMethod(new PasswordTransformationMethod());
                textPasswordConfirm.setTransformationMethod(new PasswordTransformationMethod());
            }
        });

        AlertDialog dialog = new AlertDialog.Builder(activity)
                .setTitle(R.string.set_password)
                .setView(view)
                .setPositiveButton(android.R.string.ok, null)
                .setNegativeButton(android.R.string.cancel, null)
                .create();

        final AtomicReference<Button> buttonOK = new AtomicReference<>();
        dialog.setOnShowListener(d -> {
            Button button = dialog.getButton(AlertDialog.BUTTON_POSITIVE);
            button.setEnabled(false);
            buttonOK.set(button);

            // replace the default listener
            button.setOnClickListener(v -> {
                if (!EditTextHelper.areEditTextsEqual(textPassword, textPasswordConfirm)) {
                    return;
                }

                char[] password = EditTextHelper.getEditTextChars(textPassword);
                PasswordSlot slot = new PasswordSlot();
                DerivationTask task = new DerivationTask(activity, key -> {
                    Cipher cipher;
                    try {
                        cipher = Slot.createEncryptCipher(key);
                    } catch (SlotException e) {
                        listener.onException(e);
                        dialog.cancel();
                        return;
                    }
                    listener.onSlotResult(slot, cipher);
                    dialog.dismiss();
                });
                task.execute(new DerivationTask.Params(slot, password));
            });
        });

        TextWatcher watcher = new TextWatcher() {
            public void onTextChanged(CharSequence c, int start, int before, int count) {
                boolean equal = EditTextHelper.areEditTextsEqual(textPassword, textPasswordConfirm);
                buttonOK.get().setEnabled(equal);
            }

            public void beforeTextChanged(CharSequence c, int start, int count, int after) {
            }

            public void afterTextChanged(Editable c) {
            }
        };
        textPassword.addTextChangedListener(watcher);
        textPasswordConfirm.addTextChangedListener(watcher);

        showSecureDialog(dialog);
    }","    public static void showSetPasswordDialog(Activity activity, Dialogs.SlotListener listener) {
        View view = activity.getLayoutInflater().inflate(R.layout.dialog_password, null);
        EditText textPassword = view.findViewById(R.id.text_password);
        EditText textPasswordConfirm = view.findViewById(R.id.text_password_confirm);
        CheckBox switchToggleVisibility = view.findViewById(R.id.check_toggle_visibility);

        switchToggleVisibility.setOnCheckedChangeListener((CompoundButton.OnCheckedChangeListener) (buttonView, isChecked) -> {
            if (isChecked) {
                textPassword.setTransformationMethod(null);
+              textPasswordConfirm.setTransformationMethod(null);
                textPassword.clearFocus();
-               textPasswordConfirm.setEnabled(false);
+              textPasswordConfirm.clearFocus();
            } else {
                textPassword.setTransformationMethod(new PasswordTransformationMethod());
-               textPasswordConfirm.setEnabled(true);
+              textPasswordConfirm.setTransformationMethod(new PasswordTransformationMethod());
            }
        });

        AlertDialog dialog = new AlertDialog.Builder(activity)
                .setTitle(R.string.set_password)
                .setView(view)
                .setPositiveButton(android.R.string.ok, null)
                .setNegativeButton(android.R.string.cancel, null)
                .create();

        final AtomicReference<Button> buttonOK = new AtomicReference<>();
        dialog.setOnShowListener(d -> {
            Button button = dialog.getButton(AlertDialog.BUTTON_POSITIVE);
            button.setEnabled(false);
            buttonOK.set(button);

            // replace the default listener
            button.setOnClickListener(v -> {
-               if (!EditTextHelper.areEditTextsEqual(textPassword, textPasswordConfirm) && !switchToggleVisibility.isChecked()) {
+              if (!EditTextHelper.areEditTextsEqual(textPassword, textPasswordConfirm)) {
                    return;
                }

                char[] password = EditTextHelper.getEditTextChars(textPassword);
                PasswordSlot slot = new PasswordSlot();
                DerivationTask task = new DerivationTask(activity, key -> {
                    Cipher cipher;
                    try {
                        cipher = Slot.createEncryptCipher(key);
                    } catch (SlotException e) {
                        listener.onException(e);
                        dialog.cancel();
                        return;
                    }
                    listener.onSlotResult(slot, cipher);
                    dialog.dismiss();
                });
                task.execute(new DerivationTask.Params(slot, password));
            });
        });

        TextWatcher watcher = new TextWatcher() {
            public void onTextChanged(CharSequence c, int start, int before, int count) {
                boolean equal = EditTextHelper.areEditTextsEqual(textPassword, textPasswordConfirm);
-               buttonOK.get().setEnabled(equal || switchToggleVisibility.isChecked());
+              buttonOK.get().setEnabled(equal);
            }

            public void beforeTextChanged(CharSequence c, int start, int count, int after) {
            }

            public void afterTextChanged(Editable c) {
            }
        };
        textPassword.addTextChangedListener(watcher);
        textPasswordConfirm.addTextChangedListener(watcher);

        showSecureDialog(dialog);
    }","    public static void showSetPasswordDialog(Activity activity, Dialogs.SlotListener listener) {
        View view = activity.getLayoutInflater().inflate(R.layout.dialog_password, null);
        EditText textPassword = view.findViewById(R.id.text_password);
        EditText textPasswordConfirm = view.findViewById(R.id.text_password_confirm);
        CheckBox switchToggleVisibility = view.findViewById(R.id.check_toggle_visibility);

        switchToggleVisibility.setOnCheckedChangeListener((CompoundButton.OnCheckedChangeListener) (buttonView, isChecked) -> {
            if (isChecked) {
                textPassword.setTransformationMethod(null);
                <Chunk_For_Modification>
                textPassword.clearFocus();
                <Chunk_For_Modification>
            } else {
                textPassword.setTransformationMethod(new PasswordTransformationMethod());
                <Chunk_For_Modification>
            }
        });

        AlertDialog dialog = new AlertDialog.Builder(activity)
                .setTitle(R.string.set_password)
                .setView(view)
                .setPositiveButton(android.R.string.ok, null)
                .setNegativeButton(android.R.string.cancel, null)
                .create();

        final AtomicReference<Button> buttonOK = new AtomicReference<>();
        dialog.setOnShowListener(d -> {
            Button button = dialog.getButton(AlertDialog.BUTTON_POSITIVE);
            button.setEnabled(false);
            buttonOK.set(button);

            // replace the default listener
            button.setOnClickListener(v -> {
                <Chunk_For_Modification>
                    return;
                }

                char[] password = EditTextHelper.getEditTextChars(textPassword);
                PasswordSlot slot = new PasswordSlot();
                DerivationTask task = new DerivationTask(activity, key -> {
                    Cipher cipher;
                    try {
                        cipher = Slot.createEncryptCipher(key);
                    } catch (SlotException e) {
                        listener.onException(e);
                        dialog.cancel();
                        return;
                    }
                    listener.onSlotResult(slot, cipher);
                    dialog.dismiss();
                });
                task.execute(new DerivationTask.Params(slot, password));
            });
        });

        TextWatcher watcher = new TextWatcher() {
            public void onTextChanged(CharSequence c, int start, int before, int count) {
                boolean equal = EditTextHelper.areEditTextsEqual(textPassword, textPasswordConfirm);
                <Chunk_For_Modification>
            }

            public void beforeTextChanged(CharSequence c, int start, int count, int after) {
            }

            public void afterTextChanged(Editable c) {
            }
        };
        textPassword.addTextChangedListener(watcher);
        textPasswordConfirm.addTextChangedListener(watcher);

        showSecureDialog(dialog);
    }","    public static void showSetPasswordDialog(Activity activity, Dialogs.SlotListener listener) {
        View view = activity.getLayoutInflater().inflate(R.layout.dialog_password, null);
        EditText textPassword = view.findViewById(R.id.text_password);
        EditText textPasswordConfirm = view.findViewById(R.id.text_password_confirm);
        CheckBox switchToggleVisibility = view.findViewById(R.id.check_toggle_visibility);

        switchToggleVisibility.setOnCheckedChangeListener((CompoundButton.OnCheckedChangeListener) (buttonView, isChecked) -> {
            if (isChecked) {
                textPassword.setTransformationMethod(null);
                >>> [ INFILL ] <<<
                textPassword.clearFocus();
                >>> [ INFILL ] <<<
            } else {
                textPassword.setTransformationMethod(new PasswordTransformationMethod());
                >>> [ INFILL ] <<<
            }
        });

        AlertDialog dialog = new AlertDialog.Builder(activity)
                .setTitle(R.string.set_password)
                .setView(view)
                .setPositiveButton(android.R.string.ok, null)
                .setNegativeButton(android.R.string.cancel, null)
                .create();

        final AtomicReference<Button> buttonOK = new AtomicReference<>();
        dialog.setOnShowListener(d -> {
            Button button = dialog.getButton(AlertDialog.BUTTON_POSITIVE);
            button.setEnabled(false);
            buttonOK.set(button);

            // replace the default listener
            button.setOnClickListener(v -> {
                >>> [ INFILL ] <<<
                    return;
                }

                char[] password = EditTextHelper.getEditTextChars(textPassword);
                PasswordSlot slot = new PasswordSlot();
                DerivationTask task = new DerivationTask(activity, key -> {
                    Cipher cipher;
                    try {
                        cipher = Slot.createEncryptCipher(key);
                    } catch (SlotException e) {
                        listener.onException(e);
                        dialog.cancel();
                        return;
                    }
                    listener.onSlotResult(slot, cipher);
                    dialog.dismiss();
                });
                task.execute(new DerivationTask.Params(slot, password));
            });
        });

        TextWatcher watcher = new TextWatcher() {
            public void onTextChanged(CharSequence c, int start, int before, int count) {
                boolean equal = EditTextHelper.areEditTextsEqual(textPassword, textPasswordConfirm);
                >>> [ INFILL ] <<<
            }

            public void beforeTextChanged(CharSequence c, int start, int count, int after) {
            }

            public void afterTextChanged(Editable c) {
            }
        };
        textPassword.addTextChangedListener(watcher);
        textPasswordConfirm.addTextChangedListener(watcher);

        showSecureDialog(dialog);
    }",,,,,,,,,,,,4,4,8,4,2
bug-275-onCreateView,bug-275-onCreateView/app/src/main/java/com/beemdevelopment/aegis/ui/slides/CustomAuthenticatedSlide.java,"Info

Version: 1.1.4
Source: (Google Play/GitHub/F-Droid/?) F-Droid
Vault encrypted: Yes (with biometric unlock)
Device: N/A
Android version and ROM: Android 9.0 / LineageOS 16.0
Steps to reproduce

Set password, and proceed to change the password. When checking off Show password the confirm box is not enabled, and it's not enforced. The OK button is immediately enabled and the text box for Confirm password is disabled.

What do you expect to happen?

Although I believe this is by design, like almost every other application I have used (web, native, mobile, desktop, etc...), I expect the Confirm password text box to stay enabled and allow me to type in my password a second time while still ensuring it matches to the above Password text box.

What happens instead?

When checking off Show password the confirm box is not enabled, and it's not enforced. The OK button is immediately enabled and the text box for Confirm password is disabled. This allows the user to immediately change the password without any verification that the password was typed correctly using the Confirm password text box. Even though the user can plainly see the password, this is still dangerous.

Log

N/A","    public View onCreateView(LayoutInflater inflater, ViewGroup container, Bundle savedInstanceState) {
        final View view = inflater.inflate(R.layout.fragment_authenticated_slide, container, false);
        _textPassword = view.findViewById(R.id.text_password);
        _textPasswordConfirm = view.findViewById(R.id.text_password_confirm);
        _checkPasswordVisibility = view.findViewById(R.id.check_toggle_visibility);

        _checkPasswordVisibility.setOnCheckedChangeListener((buttonView, isChecked) -> {
            if (isChecked) {
                _textPassword.setTransformationMethod(null);
                _textPassword.clearFocus();
                _textPasswordConfirm.setEnabled(false);
            } else {
                _textPassword.setTransformationMethod(new PasswordTransformationMethod());
                _textPasswordConfirm.setEnabled(true);
            }
        });

        view.findViewById(R.id.main).setBackgroundColor(_bgColor);
        return view;
    }","    public View onCreateView(LayoutInflater inflater, ViewGroup container, Bundle savedInstanceState) {
        final View view = inflater.inflate(R.layout.fragment_authenticated_slide, container, false);
        _textPassword = view.findViewById(R.id.text_password);
        _textPasswordConfirm = view.findViewById(R.id.text_password_confirm);
        _checkPasswordVisibility = view.findViewById(R.id.check_toggle_visibility);

        _checkPasswordVisibility.setOnCheckedChangeListener((buttonView, isChecked) -> {
            if (isChecked) {
                _textPassword.setTransformationMethod(null);
                _textPasswordConfirm.setTransformationMethod(null);
                _textPassword.clearFocus();
                _textPasswordConfirm.clearFocus();
            } else {
                _textPassword.setTransformationMethod(new PasswordTransformationMethod());
                _textPasswordConfirm.setTransformationMethod(new PasswordTransformationMethod());
            }
        });

        view.findViewById(R.id.main).setBackgroundColor(_bgColor);
        return view;
    }","    public View onCreateView(LayoutInflater inflater, ViewGroup container, Bundle savedInstanceState) {
        final View view = inflater.inflate(R.layout.fragment_authenticated_slide, container, false);
        _textPassword = view.findViewById(R.id.text_password);
        _textPasswordConfirm = view.findViewById(R.id.text_password_confirm);
        _checkPasswordVisibility = view.findViewById(R.id.check_toggle_visibility);

        _checkPasswordVisibility.setOnCheckedChangeListener((buttonView, isChecked) -> {
            if (isChecked) {
                _textPassword.setTransformationMethod(null);
+              _textPasswordConfirm.setTransformationMethod(null);
                _textPassword.clearFocus();
-               _textPasswordConfirm.setEnabled(false);
+              _textPasswordConfirm.clearFocus();
            } else {
                _textPassword.setTransformationMethod(new PasswordTransformationMethod());
-               _textPasswordConfirm.setEnabled(true);
+              _textPasswordConfirm.setTransformationMethod(new PasswordTransformationMethod());
            }
        });

        view.findViewById(R.id.main).setBackgroundColor(_bgColor);
        return view;
    }","    public View onCreateView(LayoutInflater inflater, ViewGroup container, Bundle savedInstanceState) {
        final View view = inflater.inflate(R.layout.fragment_authenticated_slide, container, false);
        _textPassword = view.findViewById(R.id.text_password);
        _textPasswordConfirm = view.findViewById(R.id.text_password_confirm);
        _checkPasswordVisibility = view.findViewById(R.id.check_toggle_visibility);

        _checkPasswordVisibility.setOnCheckedChangeListener((buttonView, isChecked) -> {
            if (isChecked) {
                _textPassword.setTransformationMethod(null);
                <Chunk_For_Modification>
                _textPassword.clearFocus();
                <Chunk_For_Modification>
            } else {
                _textPassword.setTransformationMethod(new PasswordTransformationMethod());
                <Chunk_For_Modification>
            }
        });

        view.findViewById(R.id.main).setBackgroundColor(_bgColor);
        return view;
    }","    public View onCreateView(LayoutInflater inflater, ViewGroup container, Bundle savedInstanceState) {
        final View view = inflater.inflate(R.layout.fragment_authenticated_slide, container, false);
        _textPassword = view.findViewById(R.id.text_password);
        _textPasswordConfirm = view.findViewById(R.id.text_password_confirm);
        _checkPasswordVisibility = view.findViewById(R.id.check_toggle_visibility);

        _checkPasswordVisibility.setOnCheckedChangeListener((buttonView, isChecked) -> {
            if (isChecked) {
                _textPassword.setTransformationMethod(null);
                >>> [ INFILL ] <<<
                _textPassword.clearFocus();
                >>> [ INFILL ] <<<
            } else {
                _textPassword.setTransformationMethod(new PasswordTransformationMethod());
                >>> [ INFILL ] <<<
            }
        });

        view.findViewById(R.id.main).setBackgroundColor(_bgColor);
        return view;
    }",,,,,,,,,,,,2,3,5,,
bug-275-isPolicyRespected,bug-275-isPolicyRespected/app/src/main/java/com/beemdevelopment/aegis/ui/slides/CustomAuthenticatedSlide.java,"Info

Version: 1.1.4
Source: (Google Play/GitHub/F-Droid/?) F-Droid
Vault encrypted: Yes (with biometric unlock)
Device: N/A
Android version and ROM: Android 9.0 / LineageOS 16.0
Steps to reproduce

Set password, and proceed to change the password. When checking off Show password the confirm box is not enabled, and it's not enforced. The OK button is immediately enabled and the text box for Confirm password is disabled.

What do you expect to happen?

Although I believe this is by design, like almost every other application I have used (web, native, mobile, desktop, etc...), I expect the Confirm password text box to stay enabled and allow me to type in my password a second time while still ensuring it matches to the above Password text box.

What happens instead?

When checking off Show password the confirm box is not enabled, and it's not enforced. The OK button is immediately enabled and the text box for Confirm password is disabled. This allows the user to immediately change the password without any verification that the password was typed correctly using the Confirm password text box. Even though the user can plainly see the password, this is still dangerous.

Log

N/A","    public boolean isPolicyRespected() {
        switch (_cryptType) {
            case CustomAuthenticationSlide.CRYPT_TYPE_NONE:
                return true;
            case CustomAuthenticationSlide.CRYPT_TYPE_BIOMETRIC:
                if (_bioSlot == null) {
                    return false;
                }
                // intentional fallthrough
            case CustomAuthenticationSlide.CRYPT_TYPE_PASS:
                if (EditTextHelper.getEditTextChars(_textPassword).length > 0) {
                    return EditTextHelper.areEditTextsEqual(_textPassword, _textPasswordConfirm) || _checkPasswordVisibility.isChecked();
                }

                return false;
            default:
                return false;
        }
    }","    public boolean isPolicyRespected() {
        switch (_cryptType) {
            case CustomAuthenticationSlide.CRYPT_TYPE_NONE:
                return true;
            case CustomAuthenticationSlide.CRYPT_TYPE_BIOMETRIC:
                if (_bioSlot == null) {
                    return false;
                }
                // intentional fallthrough
            case CustomAuthenticationSlide.CRYPT_TYPE_PASS:
                if (EditTextHelper.getEditTextChars(_textPassword).length > 0) {
                    return EditTextHelper.areEditTextsEqual(_textPassword, _textPasswordConfirm);
                }

                return false;
            default:
                return false;
        }
    }","    public boolean isPolicyRespected() {
        switch (_cryptType) {
            case CustomAuthenticationSlide.CRYPT_TYPE_NONE:
                return true;
            case CustomAuthenticationSlide.CRYPT_TYPE_BIOMETRIC:
                if (_bioSlot == null) {
                    return false;
                }
                // intentional fallthrough
            case CustomAuthenticationSlide.CRYPT_TYPE_PASS:
                if (EditTextHelper.getEditTextChars(_textPassword).length > 0) {
-                   return EditTextHelper.areEditTextsEqual(_textPassword, _textPasswordConfirm) || _checkPasswordVisibility.isChecked();
+                  return EditTextHelper.areEditTextsEqual(_textPassword, _textPasswordConfirm);
                }

                return false;
            default:
                return false;
        }
    }","    public boolean isPolicyRespected() {
        switch (_cryptType) {
            case CustomAuthenticationSlide.CRYPT_TYPE_NONE:
                return true;
            case CustomAuthenticationSlide.CRYPT_TYPE_BIOMETRIC:
                if (_bioSlot == null) {
                    return false;
                }
                // intentional fallthrough
            case CustomAuthenticationSlide.CRYPT_TYPE_PASS:
                if (EditTextHelper.getEditTextChars(_textPassword).length > 0) {
                    <Chunk_For_Modification>
                }

                return false;
            default:
                return false;
        }
    }","    public boolean isPolicyRespected() {
        switch (_cryptType) {
            case CustomAuthenticationSlide.CRYPT_TYPE_NONE:
                return true;
            case CustomAuthenticationSlide.CRYPT_TYPE_BIOMETRIC:
                if (_bioSlot == null) {
                    return false;
                }
                // intentional fallthrough
            case CustomAuthenticationSlide.CRYPT_TYPE_PASS:
                if (EditTextHelper.getEditTextChars(_textPassword).length > 0) {
                    >>> [ INFILL ] <<<
                }

                return false;
            default:
                return false;
        }
    }",,,,,,,,,,,,1,1,2,,
bug-275-onUserIllegallyRequestedNextPage,bug-275-onUserIllegallyRequestedNextPage/app/src/main/java/com/beemdevelopment/aegis/ui/slides/CustomAuthenticatedSlide.java,"Info

Version: 1.1.4
Source: (Google Play/GitHub/F-Droid/?) F-Droid
Vault encrypted: Yes (with biometric unlock)
Device: N/A
Android version and ROM: Android 9.0 / LineageOS 16.0
Steps to reproduce

Set password, and proceed to change the password. When checking off Show password the confirm box is not enabled, and it's not enforced. The OK button is immediately enabled and the text box for Confirm password is disabled.

What do you expect to happen?

Although I believe this is by design, like almost every other application I have used (web, native, mobile, desktop, etc...), I expect the Confirm password text box to stay enabled and allow me to type in my password a second time while still ensuring it matches to the above Password text box.

What happens instead?

When checking off Show password the confirm box is not enabled, and it's not enforced. The OK button is immediately enabled and the text box for Confirm password is disabled. This allows the user to immediately change the password without any verification that the password was typed correctly using the Confirm password text box. Even though the user can plainly see the password, this is still dangerous.

Log

N/A","    public void onUserIllegallyRequestedNextPage() {
        String message;
        if (!EditTextHelper.areEditTextsEqual(_textPassword, _textPasswordConfirm) && !_checkPasswordVisibility.isChecked()) {
            message = getString(R.string.password_equality_error);

            View view = getView();
            if (view != null) {
                Snackbar snackbar = Snackbar.make(view, message, Snackbar.LENGTH_LONG);
                snackbar.show();
            }
        } else if (_bioSlot == null) {
            showBiometricPrompt();
        }
    }","    public void onUserIllegallyRequestedNextPage() {
        String message;
        if (!EditTextHelper.areEditTextsEqual(_textPassword, _textPasswordConfirm)) {
            message = getString(R.string.password_equality_error);

            View view = getView();
            if (view != null) {
                Snackbar snackbar = Snackbar.make(view, message, Snackbar.LENGTH_LONG);
                snackbar.show();
            }
        } else if (_bioSlot == null) {
            showBiometricPrompt();
        }
    }","    public void onUserIllegallyRequestedNextPage() {
        String message;
-       if (!EditTextHelper.areEditTextsEqual(_textPassword, _textPasswordConfirm) && !_checkPasswordVisibility.isChecked()) {
+      if (!EditTextHelper.areEditTextsEqual(_textPassword, _textPasswordConfirm)) {
            message = getString(R.string.password_equality_error);

            View view = getView();
            if (view != null) {
                Snackbar snackbar = Snackbar.make(view, message, Snackbar.LENGTH_LONG);
                snackbar.show();
            }
        } else if (_bioSlot == null) {
            showBiometricPrompt();
        }
    }","    public void onUserIllegallyRequestedNextPage() {
        String message;
            <Chunk_For_Modification>
            message = getString(R.string.password_equality_error);

            View view = getView();
            if (view != null) {
                Snackbar snackbar = Snackbar.make(view, message, Snackbar.LENGTH_LONG);
                snackbar.show();
            }
        } else if (_bioSlot == null) {
            showBiometricPrompt();
        }
    }","    public void onUserIllegallyRequestedNextPage() {
        String message;
            >>> [ INFILL ] <<<
            message = getString(R.string.password_equality_error);

            View view = getView();
            if (view != null) {
                Snackbar snackbar = Snackbar.make(view, message, Snackbar.LENGTH_LONG);
                snackbar.show();
            }
        } else if (_bioSlot == null) {
            showBiometricPrompt();
        }
    }",,,,,,,,,,,,1,1,2,,
bug-1130-onFragmentLoaded-AllEpisodesFragment,bug-1130-onFragmentLoaded-AllEpisodesFragment/app/src/main/java/de/danoeh/antennapod/fragment/AllEpisodesFragment.java,"App version: develop
Android version: LineageOS 16
Device model: OnePlus 3T
First occured: Not sure. Was there before the empty view rework in #3060

Expected behaviour:
Undo snackar action should work

Current behaviour:
Undo action does not work when the item is the only one in the list. Empty view is removed and list is displayed. List contains an item (layout inspector), but it seems to be moved outside of the screen. Affected: Queue, Episodes->New, Episodes->Favorites

Steps to reproduce:

Remove all items except one from queue
Swipe out
Press ""Undo""","    private void onFragmentLoaded() {
        if (listAdapter == null) {
            MainActivity mainActivity = (MainActivity) getActivity();
            listAdapter = new AllEpisodesRecycleAdapter(mainActivity, itemAccess,
                    new DefaultActionButtonCallback(mainActivity), showOnlyNewEpisodes());
            listAdapter.setHasStableIds(true);
            recyclerView.setAdapter(listAdapter);
        }
        listAdapter.notifyDataSetChanged();
        restoreScrollPosition();
        getActivity().supportInvalidateOptionsMenu();
        updateShowOnlyEpisodesListViewState();
    }","    private void onFragmentLoaded() {
        if (episodes != null && episodes.size() > 0) {
            if (listAdapter == null) {
                MainActivity mainActivity = (MainActivity) getActivity();
                listAdapter = new AllEpisodesRecycleAdapter(mainActivity, itemAccess,
                        new DefaultActionButtonCallback(mainActivity), showOnlyNewEpisodes());
                listAdapter.setHasStableIds(true);
                recyclerView.setAdapter(listAdapter);
            }
            emptyView.setVisibility(View.GONE);
            recyclerView.setVisibility(View.VISIBLE);
        } else {
            listAdapter = null;
            recyclerView.setVisibility(View.GONE);
            emptyView.setVisibility(View.VISIBLE);
        }
        listAdapter.notifyDataSetChanged();
        restoreScrollPosition();
        getActivity().supportInvalidateOptionsMenu();
        updateShowOnlyEpisodesListViewState();
    }","    private void onFragmentLoaded() {
-       if (listAdapter == null) {
-           MainActivity mainActivity = (MainActivity) getActivity();
-           listAdapter = new AllEpisodesRecycleAdapter(mainActivity, itemAccess,
-                   new DefaultActionButtonCallback(mainActivity), showOnlyNewEpisodes());
-           listAdapter.setHasStableIds(true);
-           recyclerView.setAdapter(listAdapter);
+      if (episodes != null && episodes.size() > 0) {
+          if (listAdapter == null) {
+            MainActivity mainActivity = (MainActivity) getActivity();
+              listAdapter = new AllEpisodesRecycleAdapter(mainActivity, itemAccess,
+                      new DefaultActionButtonCallback(mainActivity), showOnlyNewEpisodes());
+.             listAdapter.setHasStableIds(true);
+              recyclerView.setAdapter(listAdapter);
+          }
+          emptyView.setVisibility(View.GONE);
+          recyclerView.setVisibility(View.VISIBLE);
+      } else {
+          listAdapter = null;
+          recyclerView.setVisibility(View.GONE);
+          emptyView.setVisibility(View.VISIBLE);
        }
        listAdapter.notifyDataSetChanged();
        restoreScrollPosition();
        getActivity().supportInvalidateOptionsMenu();
        updateShowOnlyEpisodesListViewState();
    }","    private void onFragmentLoaded() {
        <Chunk_For_Modification>
        }
        listAdapter.notifyDataSetChanged();
        restoreScrollPosition();
        getActivity().supportInvalidateOptionsMenu();
        updateShowOnlyEpisodesListViewState();
    }","    private void onFragmentLoaded() {
        >>> [ INFILL ] <<<
        }
        listAdapter.notifyDataSetChanged();
        restoreScrollPosition();
        getActivity().supportInvalidateOptionsMenu();
        updateShowOnlyEpisodesListViewState();
    }",,,,,,,,,,,,6,14,20,2,2
bug-1130-onFragmentLoaded-QueueFragment,bug-1130-onFragmentLoaded-QueueFragment/app/src/main/java/de/danoeh/antennapod/fragment/QueueFragment.java,"App version: develop
Android version: LineageOS 16
Device model: OnePlus 3T
First occured: Not sure. Was there before the empty view rework in #3060

Expected behaviour:
Undo snackar action should work

Current behaviour:
Undo action does not work when the item is the only one in the list. Empty view is removed and list is displayed. List contains an item (layout inspector), but it seems to be moved outside of the screen. Affected: Queue, Episodes->New, Episodes->Favorites

Steps to reproduce:

Remove all items except one from queue
Swipe out
Press ""Undo""","    private void onFragmentLoaded(final boolean restoreScrollPosition) {
        if (recyclerAdapter == null) {
            MainActivity activity = (MainActivity) getActivity();
            recyclerAdapter = new QueueRecyclerAdapter(activity, itemAccess,
                new DefaultActionButtonCallback(activity), itemTouchHelper);
            recyclerAdapter.setHasStableIds(true);
            recyclerView.setAdapter(recyclerAdapter);
        }
        if(queue == null || queue.size() == 0) {
            recyclerView.setVisibility(View.GONE);
            txtvEmpty.setVisibility(View.VISIBLE);
        } else {
            txtvEmpty.setVisibility(View.GONE);
            recyclerView.setVisibility(View.VISIBLE);
        }

        if (restoreScrollPosition) {
            restoreScrollPosition();
        }

        // we need to refresh the options menu because it sometimes
        // needs data that may have just been loaded.
        getActivity().supportInvalidateOptionsMenu();

        refreshInfoBar();
    }","    private void onFragmentLoaded(final boolean restoreScrollPosition) {
       if (queue != null && queue.size() > 0) {
            if (recyclerAdapter == null) {
                MainActivity activity = (MainActivity) getActivity();
                recyclerAdapter = new QueueRecyclerAdapter(activity, itemAccess,
                        new DefaultActionButtonCallback(activity), itemTouchHelper);
                recyclerAdapter.setHasStableIds(true);
                recyclerView.setAdapter(recyclerAdapter);
            }
            emptyView.setVisibility(View.GONE);
            recyclerView.setVisibility(View.VISIBLE);
        } else {
            recyclerAdapter = null;
            recyclerView.setVisibility(View.GONE);
            emptyView.setVisibility(View.VISIBLE);
        }

        if (restoreScrollPosition) {
            restoreScrollPosition();
        }

        // we need to refresh the options menu because it sometimes
        // needs data that may have just been loaded.
        getActivity().supportInvalidateOptionsMenu();

        refreshInfoBar();
    }","    private void onFragmentLoaded(final boolean restoreScrollPosition) {
-       if (recyclerAdapter == null) {
-           MainActivity activity = (MainActivity) getActivity();
-           recyclerAdapter = new QueueRecyclerAdapter(activity, itemAccess,
-               new DefaultActionButtonCallback(activity), itemTouchHelper);
-           recyclerAdapter.setHasStableIds(true);
-           recyclerView.setAdapter(recyclerAdapter);
-       }
-       if(queue == null || queue.size() == 0) {
-           recyclerView.setVisibility(View.GONE);
-           txtvEmpty.setVisibility(View.VISIBLE);
-      } else {
-           txtvEmpty.setVisibility(View.GONE);
+     if (queue != null && queue.size() > 0) {
+          if (recyclerAdapter == null) {
+              MainActivity activity = (MainActivity) getActivity();
+              recyclerAdapter = new QueueRecyclerAdapter(activity, itemAccess,
+                      new DefaultActionButtonCallback(activity), itemTouchHelper);
+              recyclerAdapter.setHasStableIds(true);
+              recyclerView.setAdapter(recyclerAdapter);
+          }
+          emptyView.setVisibility(View.GONE);
            recyclerView.setVisibility(View.VISIBLE);
+      } else {
+          recyclerAdapter = null;
+          recyclerView.setVisibility(View.GONE);
+          emptyView.setVisibility(View.VISIBLE);
        }

        if (restoreScrollPosition) {
            restoreScrollPosition();
        }

        // we need to refresh the options menu because it sometimes
        // needs data that may have just been loaded.
        getActivity().supportInvalidateOptionsMenu();

        refreshInfoBar();
    }","    private void onFragmentLoaded(final boolean restoreScrollPosition) {
         <Chunk_For_Modification>
            emptyView.setVisibility(View.GONE);
            recyclerView.setVisibility(View.VISIBLE);
         <Chunk_For_Modification>
        }

        if (restoreScrollPosition) {
            restoreScrollPosition();
        }

        // we need to refresh the options menu because it sometimes
        // needs data that may have just been loaded.
        getActivity().supportInvalidateOptionsMenu();

        refreshInfoBar();
    }","    private void onFragmentLoaded(final boolean restoreScrollPosition) {
         >>> [ INFILL ] <<<
            emptyView.setVisibility(View.GONE);
            recyclerView.setVisibility(View.VISIBLE);
         >>> [ INFILL ] <<<
        }

        if (restoreScrollPosition) {
            restoreScrollPosition();
        }

        // we need to refresh the options menu because it sometimes
        // needs data that may have just been loaded.
        getActivity().supportInvalidateOptionsMenu();

        refreshInfoBar();
    }",,,,,,,,,,,,12,13,25,,
bug-1151-onCreate,bug-1151-onCreate/GPSTest/src/main/java/com/android/gpstest/GpsTestActivity.java,"Summary:

Discussed in https://groups.google.com/d/msg/gpstest_android/wlIi9jBVncQ/BY7rPUx7BgAJ.

When you switch from Light to Dark theme or Dark to Light by checking/unchecking the checkbox in Settings, the theme is immediately applied to the Preferences Activity, and in the process the main GpsTestActivity is finished so the user doesn't return to that Activity after exiting the Preferences Activity and see it with the old theme. However, this is confusing from the user's perspective, as they expect to see the main GpsTestActivity when leaving the Preferences Activity.

We should make this behavior clearer through an informational message, or change the theme to apply to the GpsTestActivity and still allow the user to return to it.

Steps to reproduce:

Go to Settings and check or uncheck the ""Use Dark Theme"" setting, and then press the back button

Expected behavior:

I should see the main GpsTestActivity, or the app should explain why I'm not seeing it

Observed behavior:

The main GpsTestActivity disappears without any info message saying why.

Device and Android version:

N/A","    public void onCreate(Bundle savedInstanceState) {
        // Set theme
        if (Application.getPrefs().getBoolean(getString(R.string.pref_key_dark_theme), false)) {
            setTheme(R.style.AppTheme_Dark_NoActionBar);
        }
        requestWindowFeature(Window.FEATURE_INDETERMINATE_PROGRESS);
        super.onCreate(savedInstanceState);
        sInstance = this;

        // Set the default values from the XML file if this is the first
        // execution of the app
        PreferenceManager.setDefaultValues(this, R.xml.preferences, false);

        mLocationManager = (LocationManager) getSystemService(Context.LOCATION_SERVICE);
        mProvider = mLocationManager.getProvider(LocationManager.GPS_PROVIDER);
        if (mProvider == null) {
            Log.e(TAG, ""Unable to get GPS_PROVIDER"");
            Toast.makeText(this, getString(R.string.gps_not_supported),
                    Toast.LENGTH_SHORT).show();
            finish();
            return;
        }

        mSensorManager = (SensorManager) getSystemService(Context.SENSOR_SERVICE);

        // If we have a large screen, show all the fragments in one layout
        // TODO - Fix large screen layouts (see #122)
//        if (GpsTestUtil.isLargeScreen(this)) {
//            setContentView(R.layout.activity_main_large_screen);
//            mIsLargeScreen = true;
//        } else {
            setContentView(R.layout.activity_main);
//        }

        mToolbar = findViewById(R.id.toolbar);
        setSupportActionBar(mToolbar);

        setupNavigationDrawer();

        // Apply settings from preferences
        SharedPreferences settings = Application.getPrefs();

        double tempMinTime = Double.valueOf(
                settings.getString(getString(R.string.pref_key_gps_min_time),
                        getString(R.string.pref_gps_min_time_default_sec))
        );
        minTime = (long) (tempMinTime * SECONDS_TO_MILLISECONDS);
        minDistance = Float.valueOf(
                settings.getString(getString(R.string.pref_key_gps_min_distance),
                        getString(R.string.pref_gps_min_distance_default_meters))
        );

        if (settings.getBoolean(getString(R.string.pref_key_auto_start_gps), true)) {
            gpsStart();
        }

        autoShowWhatsNew();
    }","    public void onCreate(Bundle savedInstanceState) {
        // Set theme
        if (Application.getPrefs().getBoolean(getString(R.string.pref_key_dark_theme), false)) {
            setTheme(R.style.AppTheme_Dark_NoActionBar);
            mUseDarkTheme = true;
        }
        requestWindowFeature(Window.FEATURE_INDETERMINATE_PROGRESS);
        super.onCreate(savedInstanceState);
        sInstance = this;

        // Set the default values from the XML file if this is the first
        // execution of the app
        PreferenceManager.setDefaultValues(this, R.xml.preferences, false);

        mLocationManager = (LocationManager) getSystemService(Context.LOCATION_SERVICE);
        mProvider = mLocationManager.getProvider(LocationManager.GPS_PROVIDER);
        if (mProvider == null) {
            Log.e(TAG, ""Unable to get GPS_PROVIDER"");
            Toast.makeText(this, getString(R.string.gps_not_supported),
                    Toast.LENGTH_SHORT).show();
            finish();
            return;
        }

        mSensorManager = (SensorManager) getSystemService(Context.SENSOR_SERVICE);

        // If we have a large screen, show all the fragments in one layout
        // TODO - Fix large screen layouts (see #122)
//        if (GpsTestUtil.isLargeScreen(this)) {
//            setContentView(R.layout.activity_main_large_screen);
//            mIsLargeScreen = true;
//        } else {
            setContentView(R.layout.activity_main);
//        }

        mToolbar = findViewById(R.id.toolbar);
        setSupportActionBar(mToolbar);

        setupNavigationDrawer();

        // Apply settings from preferences
        SharedPreferences settings = Application.getPrefs();

        double tempMinTime = Double.valueOf(
                settings.getString(getString(R.string.pref_key_gps_min_time),
                        getString(R.string.pref_gps_min_time_default_sec))
        );
        minTime = (long) (tempMinTime * SECONDS_TO_MILLISECONDS);
        minDistance = Float.valueOf(
                settings.getString(getString(R.string.pref_key_gps_min_distance),
                        getString(R.string.pref_gps_min_distance_default_meters))
        );

        if (settings.getBoolean(getString(R.string.pref_key_auto_start_gps), true)) {
            gpsStart();
        }

        autoShowWhatsNew();
    }","    public void onCreate(Bundle savedInstanceState) {
        // Set theme
        if (Application.getPrefs().getBoolean(getString(R.string.pref_key_dark_theme), false)) {
            setTheme(R.style.AppTheme_Dark_NoActionBar);
+          mUseDarkTheme = true;
        }
        requestWindowFeature(Window.FEATURE_INDETERMINATE_PROGRESS);
        super.onCreate(savedInstanceState);
        sInstance = this;

        // Set the default values from the XML file if this is the first
        // execution of the app
        PreferenceManager.setDefaultValues(this, R.xml.preferences, false);

        mLocationManager = (LocationManager) getSystemService(Context.LOCATION_SERVICE);
        mProvider = mLocationManager.getProvider(LocationManager.GPS_PROVIDER);
        if (mProvider == null) {
            Log.e(TAG, ""Unable to get GPS_PROVIDER"");
            Toast.makeText(this, getString(R.string.gps_not_supported),
                    Toast.LENGTH_SHORT).show();
            finish();
            return;
        }

        mSensorManager = (SensorManager) getSystemService(Context.SENSOR_SERVICE);

        // If we have a large screen, show all the fragments in one layout
        // TODO - Fix large screen layouts (see #122)
//        if (GpsTestUtil.isLargeScreen(this)) {
//            setContentView(R.layout.activity_main_large_screen);
//            mIsLargeScreen = true;
//        } else {
            setContentView(R.layout.activity_main);
//        }

        mToolbar = findViewById(R.id.toolbar);
        setSupportActionBar(mToolbar);

        setupNavigationDrawer();

        // Apply settings from preferences
        SharedPreferences settings = Application.getPrefs();

        double tempMinTime = Double.valueOf(
                settings.getString(getString(R.string.pref_key_gps_min_time),
                        getString(R.string.pref_gps_min_time_default_sec))
        );
        minTime = (long) (tempMinTime * SECONDS_TO_MILLISECONDS);
        minDistance = Float.valueOf(
                settings.getString(getString(R.string.pref_key_gps_min_distance),
                        getString(R.string.pref_gps_min_distance_default_meters))
        );

        if (settings.getBoolean(getString(R.string.pref_key_auto_start_gps), true)) {
            gpsStart();
        }

        autoShowWhatsNew();
    }","    public void onCreate(Bundle savedInstanceState) {
        // Set theme
        if (Application.getPrefs().getBoolean(getString(R.string.pref_key_dark_theme), false)) {
            setTheme(R.style.AppTheme_Dark_NoActionBar);
            <Chunk_For_Modification>
        }
        requestWindowFeature(Window.FEATURE_INDETERMINATE_PROGRESS);
        super.onCreate(savedInstanceState);
        sInstance = this;

        // Set the default values from the XML file if this is the first
        // execution of the app
        PreferenceManager.setDefaultValues(this, R.xml.preferences, false);

        mLocationManager = (LocationManager) getSystemService(Context.LOCATION_SERVICE);
        mProvider = mLocationManager.getProvider(LocationManager.GPS_PROVIDER);
        if (mProvider == null) {
            Log.e(TAG, ""Unable to get GPS_PROVIDER"");
            Toast.makeText(this, getString(R.string.gps_not_supported),
                    Toast.LENGTH_SHORT).show();
            finish();
            return;
        }

        mSensorManager = (SensorManager) getSystemService(Context.SENSOR_SERVICE);

        // If we have a large screen, show all the fragments in one layout
        // TODO - Fix large screen layouts (see #122)
//        if (GpsTestUtil.isLargeScreen(this)) {
//            setContentView(R.layout.activity_main_large_screen);
//            mIsLargeScreen = true;
//        } else {
            setContentView(R.layout.activity_main);
//        }

        mToolbar = findViewById(R.id.toolbar);
        setSupportActionBar(mToolbar);

        setupNavigationDrawer();

        // Apply settings from preferences
        SharedPreferences settings = Application.getPrefs();

        double tempMinTime = Double.valueOf(
                settings.getString(getString(R.string.pref_key_gps_min_time),
                        getString(R.string.pref_gps_min_time_default_sec))
        );
        minTime = (long) (tempMinTime * SECONDS_TO_MILLISECONDS);
        minDistance = Float.valueOf(
                settings.getString(getString(R.string.pref_key_gps_min_distance),
                        getString(R.string.pref_gps_min_distance_default_meters))
        );

        if (settings.getBoolean(getString(R.string.pref_key_auto_start_gps), true)) {
            gpsStart();
        }

        autoShowWhatsNew();
    }","    public void onCreate(Bundle savedInstanceState) {
        // Set theme
        if (Application.getPrefs().getBoolean(getString(R.string.pref_key_dark_theme), false)) {
            setTheme(R.style.AppTheme_Dark_NoActionBar);
            >>> [ INFILL ] <<<
        }
        requestWindowFeature(Window.FEATURE_INDETERMINATE_PROGRESS);
        super.onCreate(savedInstanceState);
        sInstance = this;

        // Set the default values from the XML file if this is the first
        // execution of the app
        PreferenceManager.setDefaultValues(this, R.xml.preferences, false);

        mLocationManager = (LocationManager) getSystemService(Context.LOCATION_SERVICE);
        mProvider = mLocationManager.getProvider(LocationManager.GPS_PROVIDER);
        if (mProvider == null) {
            Log.e(TAG, ""Unable to get GPS_PROVIDER"");
            Toast.makeText(this, getString(R.string.gps_not_supported),
                    Toast.LENGTH_SHORT).show();
            finish();
            return;
        }

        mSensorManager = (SensorManager) getSystemService(Context.SENSOR_SERVICE);

        // If we have a large screen, show all the fragments in one layout
        // TODO - Fix large screen layouts (see #122)
//        if (GpsTestUtil.isLargeScreen(this)) {
//            setContentView(R.layout.activity_main_large_screen);
//            mIsLargeScreen = true;
//        } else {
            setContentView(R.layout.activity_main);
//        }

        mToolbar = findViewById(R.id.toolbar);
        setSupportActionBar(mToolbar);

        setupNavigationDrawer();

        // Apply settings from preferences
        SharedPreferences settings = Application.getPrefs();

        double tempMinTime = Double.valueOf(
                settings.getString(getString(R.string.pref_key_gps_min_time),
                        getString(R.string.pref_gps_min_time_default_sec))
        );
        minTime = (long) (tempMinTime * SECONDS_TO_MILLISECONDS);
        minDistance = Float.valueOf(
                settings.getString(getString(R.string.pref_key_gps_min_distance),
                        getString(R.string.pref_gps_min_distance_default_meters))
        );

        if (settings.getBoolean(getString(R.string.pref_key_auto_start_gps), true)) {
            gpsStart();
        }

        autoShowWhatsNew();
    }",,,,,,,,,,,,0,1,1,3,2
bug-1151-onResume,bug-1151-onResume/GPSTest/src/main/java/com/android/gpstest/GpsTestActivity.java,"Summary:

Discussed in https://groups.google.com/d/msg/gpstest_android/wlIi9jBVncQ/BY7rPUx7BgAJ.

When you switch from Light to Dark theme or Dark to Light by checking/unchecking the checkbox in Settings, the theme is immediately applied to the Preferences Activity, and in the process the main GpsTestActivity is finished so the user doesn't return to that Activity after exiting the Preferences Activity and see it with the old theme. However, this is confusing from the user's perspective, as they expect to see the main GpsTestActivity when leaving the Preferences Activity.

We should make this behavior clearer through an informational message, or change the theme to apply to the GpsTestActivity and still allow the user to return to it.

Steps to reproduce:

Go to Settings and check or uncheck the ""Use Dark Theme"" setting, and then press the back button

Expected behavior:

I should see the main GpsTestActivity, or the app should explain why I'm not seeing it

Observed behavior:

The main GpsTestActivity disappears without any info message saying why.

Device and Android version:

N/A","    protected void onResume() {
        super.onResume();


        addStatusListener();

        addOrientationSensorListener();

        addNmeaListener();

        if (!mLocationManager.isProviderEnabled(LocationManager.GPS_PROVIDER)) {
            promptEnableGps();
        }

        /**
         * Check preferences to see how these componenets should be initialized
         */
        SharedPreferences settings = Application.getPrefs();

        checkKeepScreenOn(settings);

        checkTimeAndDistance(settings);

        checkTrueNorth(settings);

        checkNmeaLog(settings);

        if (GpsTestUtil.isGnssStatusListenerSupported()) {
            checkGnssMeasurementOutput(settings);
        }

        if (GpsTestUtil.isGnssStatusListenerSupported()) {
            checkNavMessageOutput(settings);
        }
    }","    protected void onResume() {
        super.onResume();

        // If the theme has changed (e.g., from Preferences), destroy and recreate to reflect change
        boolean useDarkTheme = Application.getPrefs().getBoolean(getString(R.string.pref_key_dark_theme), false);
        if (mUseDarkTheme != useDarkTheme) {
            mUseDarkTheme = useDarkTheme;
            recreate();
        }

        addStatusListener();

        addOrientationSensorListener();

        addNmeaListener();

        if (!mLocationManager.isProviderEnabled(LocationManager.GPS_PROVIDER)) {
            promptEnableGps();
        }

        /**
         * Check preferences to see how these componenets should be initialized
         */
        SharedPreferences settings = Application.getPrefs();

        checkKeepScreenOn(settings);

        checkTimeAndDistance(settings);

        checkTrueNorth(settings);

        checkNmeaLog(settings);

        if (GpsTestUtil.isGnssStatusListenerSupported()) {
            checkGnssMeasurementOutput(settings);
        }

        if (GpsTestUtil.isGnssStatusListenerSupported()) {
            checkNavMessageOutput(settings);
        }
    }","    protected void onResume() {
        super.onResume();

+      // If the theme has changed (e.g., from Preferences), destroy and recreate to reflect change
+      boolean useDarkTheme = Application.getPrefs().getBoolean(getString(R.string.pref_key_dark_theme), false);
+      if (mUseDarkTheme != useDarkTheme) {
+          mUseDarkTheme = useDarkTheme;
+          recreate();
+      }

        addStatusListener();

        addOrientationSensorListener();

        addNmeaListener();

        if (!mLocationManager.isProviderEnabled(LocationManager.GPS_PROVIDER)) {
            promptEnableGps();
        }

        /**
         * Check preferences to see how these componenets should be initialized
         */
        SharedPreferences settings = Application.getPrefs();

        checkKeepScreenOn(settings);

        checkTimeAndDistance(settings);

        checkTrueNorth(settings);

        checkNmeaLog(settings);

        if (GpsTestUtil.isGnssStatusListenerSupported()) {
            checkGnssMeasurementOutput(settings);
        }

        if (GpsTestUtil.isGnssStatusListenerSupported()) {
            checkNavMessageOutput(settings);
        }
    }","    protected void onResume() {
        super.onResume();

        <Chunk_For_Modification>

        addStatusListener();

        addOrientationSensorListener();

        addNmeaListener();

        if (!mLocationManager.isProviderEnabled(LocationManager.GPS_PROVIDER)) {
            promptEnableGps();
        }

        /**
         * Check preferences to see how these componenets should be initialized
         */
        SharedPreferences settings = Application.getPrefs();

        checkKeepScreenOn(settings);

        checkTimeAndDistance(settings);

        checkTrueNorth(settings);

        checkNmeaLog(settings);

        if (GpsTestUtil.isGnssStatusListenerSupported()) {
            checkGnssMeasurementOutput(settings);
        }

        if (GpsTestUtil.isGnssStatusListenerSupported()) {
            checkNavMessageOutput(settings);
        }
    }","    protected void onResume() {
        super.onResume();

        >>> [ INFILL ] <<<

        addStatusListener();

        addOrientationSensorListener();

        addNmeaListener();

        if (!mLocationManager.isProviderEnabled(LocationManager.GPS_PROVIDER)) {
            promptEnableGps();
        }

        /**
         * Check preferences to see how these componenets should be initialized
         */
        SharedPreferences settings = Application.getPrefs();

        checkKeepScreenOn(settings);

        checkTimeAndDistance(settings);

        checkTrueNorth(settings);

        checkNmeaLog(settings);

        if (GpsTestUtil.isGnssStatusListenerSupported()) {
            checkGnssMeasurementOutput(settings);
        }

        if (GpsTestUtil.isGnssStatusListenerSupported()) {
            checkNavMessageOutput(settings);
        }
    }",,,,,,,,,,,,0,6,6,,
bug-1151-onPreferenceChange,bug-1151-onPreferenceChange/GPSTest/src/main/java/com/android/gpstest/Preferences.java,"Summary:

Discussed in https://groups.google.com/d/msg/gpstest_android/wlIi9jBVncQ/BY7rPUx7BgAJ.

When you switch from Light to Dark theme or Dark to Light by checking/unchecking the checkbox in Settings, the theme is immediately applied to the Preferences Activity, and in the process the main GpsTestActivity is finished so the user doesn't return to that Activity after exiting the Preferences Activity and see it with the old theme. However, this is confusing from the user's perspective, as they expect to see the main GpsTestActivity when leaving the Preferences Activity.

We should make this behavior clearer through an informational message, or change the theme to apply to the GpsTestActivity and still allow the user to return to it.

Steps to reproduce:

Go to Settings and check or uncheck the ""Use Dark Theme"" setting, and then press the back button

Expected behavior:

I should see the main GpsTestActivity, or the app should explain why I'm not seeing it

Observed behavior:

The main GpsTestActivity disappears without any info message saying why.

Device and Android version:

N/A","
        chkDarkTheme.setOnPreferenceChangeListener(new Preference.OnPreferenceChangeListener() {
            @Override            
             public boolean onPreferenceChange(Preference preference, Object newValue) {
                // Close and restart Activities (clearing the back stack) to apply new theme
                finish();
                final Intent intent = getIntent();
                intent.setFlags(Intent.FLAG_ACTIVITY_NEW_TASK | Intent.FLAG_ACTIVITY_CLEAR_TASK);
                startActivity(intent);
                return true;
            }
         });","
        chkDarkTheme.setOnPreferenceChangeListener(new Preference.OnPreferenceChangeListener() {
            @Override            
             public boolean onPreferenceChange(Preference preference, Object newValue) {
                // Destroy and recreate Activity
                recreate();
                return true;
            }
         });","
        chkDarkTheme.setOnPreferenceChangeListener(new Preference.OnPreferenceChangeListener() {
            @Override            
             public boolean onPreferenceChange(Preference preference, Object newValue) {
-               // Close and restart Activities (clearing the back stack) to apply new theme
-               finish();
-               final Intent intent = getIntent();
-               intent.setFlags(Intent.FLAG_ACTIVITY_NEW_TASK | Intent.FLAG_ACTIVITY_CLEAR_TASK);
-               startActivity(intent);
+              // Destroy and recreate Activity
+              recreate();
                return true;
            }
        });","
        chkDarkTheme.setOnPreferenceChangeListener(new Preference.OnPreferenceChangeListener() {
            @Override            
             public boolean onPreferenceChange(Preference preference, Object newValue) {
                <Chunk_For_Modification>
                return true;
            }
        });","
        chkDarkTheme.setOnPreferenceChangeListener(new Preference.OnPreferenceChangeListener() {
            @Override            
             public boolean onPreferenceChange(Preference preference, Object newValue) {
                >>> [ INFILL ] <<<
                return true;
            }
        });",,,,,,,,,,,fixed event listener,5,2,7,,
bug-1198-onClick-ViewFilesAdapter,bug-1198-onClick-ViewFilesAdapter/app/src/main/java/swati4star/createpdf/adapter/ViewFilesAdapter.java,"Steps to reproduce

Go to View Files
Click on any pdf ( abc.pdf for example)
Click Add password. Write a password
A new pdf abc_encrypted.pdf is created
Again, click on abc.pdf & select Add password
Type new password & click ok
The previous file abc_encrypted.pdf is overwritten
Expected behavior

Create a new abc_encrypted[some unique number].pdf. Don't overwrite existing file.","            public void onClick(View view) {
                new MaterialDialog.Builder(mContext)
                        .title(R.string.title)
                        .items(R.array.items)
                        .itemsIds(R.array.itemIds)
                        .itemsCallback(new MaterialDialog.ListCallback() {
                            @Override
                            public void onSelection(MaterialDialog dialog, View view, int which, CharSequence text) {

                                switch (which) {
                                    case 0: //Open
                                        openFile(fileName);
                                        break;

                                    case 1: //delete
                                        deleteFile(fileName, filePosition);
                                        break;

                                    case 2: //rename
                                        renameFile(filePosition);
                                        break;

                                    case 3: //Print
                                        doPrint(fileName);
                                        break;

                                    case 4: //Email
                                        shareFile(fileName);
                                        break;
                                }
                            }
                        })
                        .show();
                notifyDataSetChanged();
            }","            public void onClick(View view) {
                new MaterialDialog.Builder(mActivity)
                        .title(R.string.title)
                        .items(R.array.items)
                        .itemsIds(R.array.itemIds)
                        .itemsCallback(new MaterialDialog.ListCallback() {
                            @Override
                            public void onSelection(MaterialDialog dialog, View view, int which, CharSequence text) {

                                switch (which) {
                                    case 0: //Open
                                        mFileUtils.openFile(filePath);
                                        break;

                                    case 1: //delete
                                        deleteFile(filePath, position);
                                        break;

                                    case 2: //rename
                                        renameFile(position);
                                        break;

                                    case 3: //Print
                                        mFileUtils.printFile(mFileList.get(position));
                                        break;

                                    case 4: //Email
                                        mFileUtils.shareFile(mFileList.get(position));
                                        break;

                                    case 5: //Details
                                        mPDFUtils.showDetails(fileName[fileName.length - 1],
                                                filePath, fileSize, lastModDate);
                                        break;
                                    case 6://Password Set
                                        mPDFUtils.setPassword(filePath, ViewFilesAdapter.this, mFileList);
                                        break;
                                    case 7://Password  Remove
                                        mPDFUtils.removePassword(filePath, ViewFilesAdapter.this, mFileList);
                                        break;
                                }
                            }
                        })
                        .show();
                notifyDataSetChanged();
            }","           public void onClick(View view) {
-               new MaterialDialog.Builder(mContext)
+              new MaterialDialog.Builder(mActivity)
                        .title(R.string.title)
                        .items(R.array.items)
                        .itemsIds(R.array.itemIds)
                        .itemsCallback(new MaterialDialog.ListCallback() {
                            @Override
                            public void onSelection(MaterialDialog dialog, View view, int which, CharSequence text) {

                                switch (which) {
                                    case 0: //Open
-                                       openFile(fileName);
+                                      mFileUtils.openFile(filePath);
                                        break;

                                    case 1: //delete
-                                       deleteFile(fileName, filePosition);
+                                      deleteFile(filePath, position);
                                        break;

                                    case 2: //rename
-                                       renameFile(filePosition);
+                                      renameFile(position);
                                        break;

                                    case 3: //Print
-                                       doPrint(fileName);
+                                      mFileUtils.printFile(mFileList.get(position));
                                        break;

                                    case 4: //Email
-                                       shareFile(fileName);
+                                      mFileUtils.shareFile(mFileList.get(position));
+                                      break;

+                                  case 5: //Details
+                                      mPDFUtils.showDetails(fileName[fileName.length - 1],
+                                              filePath, fileSize, lastModDate);
+                                      break;
+                                  case 6://Password Set
+                                      mPDFUtils.setPassword(filePath, ViewFilesAdapter.this);
+                                      break;
+                                  case 7://Password  Remove
+                                      mPDFUtils.removePassword(filePath, ViewFilesAdapter.this, mFileList);
                                        break;
                                }
                            }
                        })
                        .show();
                notifyDataSetChanged();
            }","           public void onClick(View view) {
                         <Chunk_For_Modification>
                        .title(R.string.title)
                        .items(R.array.items)
                        .itemsIds(R.array.itemIds)
                        .itemsCallback(new MaterialDialog.ListCallback() {
                            @Override
                            public void onSelection(MaterialDialog dialog, View view, int which, CharSequence text) {

                                switch (which) {
                                    case 0: //Open
                                        <Chunk_For_Modification>
                                        break;

                                    case 1: //delete
                                        <Chunk_For_Modification>
                                        break;

                                    case 2: //rename
                                        <Chunk_For_Modification>
                                        break;

                                    case 3: //Print
                                        <Chunk_For_Modification>
                                        break;

                                    case 4: //Email
                                         <Chunk_For_Modification>

                                    <Chunk_For_Modification>
                                        break;
                                }
                            }
                        })
                        .show();
                notifyDataSetChanged();
            }","           public void onClick(View view) {
                         >>> [ INFILL ] <<<
                        .title(R.string.title)
                        .items(R.array.items)
                        .itemsIds(R.array.itemIds)
                        .itemsCallback(new MaterialDialog.ListCallback() {
                            @Override
                            public void onSelection(MaterialDialog dialog, View view, int which, CharSequence text) {

                                switch (which) {
                                    case 0: //Open
                                        >>> [ INFILL ] <<<
                                        break;

                                    case 1: //delete
                                        >>> [ INFILL ] <<<
                                        break;

                                    case 2: //rename
                                        >>> [ INFILL ] <<<
                                        break;

                                    case 3: //Print
                                        >>> [ INFILL ] <<<
                                        break;

                                    case 4: //Email
                                         >>> [ INFILL ] <<<

                                    >>> [ INFILL ] <<<
                                        break;
                                }
                            }
                        })
                        .show();
                notifyDataSetChanged();
            }",,,,,,,,,,,,6,16,22,1,1
bug-1202-nextImg,bug-1202-nextImg/app/src/main/java/swati4star/createpdf/activity/ImageEditor.java,"Steps

Select few images. Go to Filter images
Don't add any effect. Select Brush option. Draw something. Select Save current
Now, press right arrow icon. The toast is displayed Save current first
Expected behaviour

Toast shouldn't be displayed, when image is saved","    void nextImg() {
        //Proceed to next if Save Current has been clicked
        if (mClicked == mClickedFilter) {
            next();
            incrementImageCount();
            mClicked = false;
            mClickedFilter = false;
        } else
            Toast.makeText(getApplicationContext(), R.string.save_first, Toast.LENGTH_SHORT).show();
    }","    void nextImg() {
        //Proceed to next if Save Current has been clicked
        if (mClicked) {
            next();
            incrementImageCount();
        } else
            Toast.makeText(getApplicationContext(), R.string.save_first, Toast.LENGTH_SHORT).show();
    }","    void nextImg() {
        //Proceed to next if Save Current has been clicked
-       if (mClicked == mClickedFilter) {
+      if (mClicked) {
            next();
            incrementImageCount();
-           mClicked = false;
-           mClickedFilter = false;
        } else
            Toast.makeText(getApplicationContext(), R.string.save_first, Toast.LENGTH_SHORT).show();
    }","    void nextImg() {
        //Proceed to next if Save Current has been clicked
            <Chunk_For_Modification>
            next();
            incrementImageCount();
            <Chunk_For_Modification>
        } else
            Toast.makeText(getApplicationContext(), R.string.save_first, Toast.LENGTH_SHORT).show();
    }","    void nextImg() {
        //Proceed to next if Save Current has been clicked
            >>> [ INFILL ] <<<
            next();
            incrementImageCount();
            >>> [ INFILL ] <<<
        } else
            Toast.makeText(getApplicationContext(), R.string.save_first, Toast.LENGTH_SHORT).show();
    }",,,,,,,,,,,,3,1,4,4,1
bug-1202-previousImg,bug-1202-previousImg/app/src/main/java/swati4star/createpdf/activity/ImageEditor.java,"Steps

Select few images. Go to Filter images
Don't add any effect. Select Brush option. Draw something. Select Save current
Now, press right arrow icon. The toast is displayed Save current first
Expected behaviour

Toast shouldn't be displayed, when image is saved","    void previousImg() {
        //move to previous if Save Current has been clicked
        if (mClicked == mClickedFilter) {
            previous();
            decrementImageCount();
            mClicked = false;
            mClickedFilter = false;
        } else
            Toast.makeText(getApplicationContext(), R.string.save_first, Toast.LENGTH_SHORT).show();
    }","    void previousImg() {
        //move to previous if Save Current has been clicked
        if (mClicked) {
            previous();
            decrementImageCount();
        } else
            Toast.makeText(getApplicationContext(), R.string.save_first, Toast.LENGTH_SHORT).show();
    }","    void previousImg() {
        //move to previous if Save Current has been clicked
-       if (mClicked == mClickedFilter) {
+      if (mClicked) {
            previous();
            decrementImageCount();
-           mClicked = false;
-           mClickedFilter = false;
        } else
            Toast.makeText(getApplicationContext(), R.string.save_first, Toast.LENGTH_SHORT).show();
    }","    void previousImg() {
        //move to previous if Save Current has been clicked
        <Chunk_For_Modification>
            previous();
            decrementImageCount();
            <Chunk_For_Modification>
        } else
            Toast.makeText(getApplicationContext(), R.string.save_first, Toast.LENGTH_SHORT).show();
    }","    void previousImg() {
        //move to previous if Save Current has been clicked
        >>> [ INFILL ] <<<
            previous();
            decrementImageCount();
            >>> [ INFILL ] <<<
        } else
            Toast.makeText(getApplicationContext(), R.string.save_first, Toast.LENGTH_SHORT).show();
    }",,,,,,,,,,,,3,1,4,,
bug-1202-saveC,bug-1202-saveC/app/src/main/java/swati4star/createpdf/activity/ImageEditor.java,"Steps

Select few images. Go to Filter images
Don't add any effect. Select Brush option. Draw something. Select Save current
Now, press right arrow icon. The toast is displayed Save current first
Expected behaviour

Toast shouldn't be displayed, when image is saved","    void saveC() {
        mClicked = true;
        if (mClickedFilter || mDoodleSelected) {
            saveCurrentImage();
        } else {
            applyFilter(PhotoFilter.NONE);
            saveCurrentImage();
        }
    }","    void saveC() {
        mClicked = true;
        if (mClickedFilter || mDoodleSelected) {
            saveCurrentImage();
            hideBrushEffect();
            mClickedFilter = false;
            mDoodleSelected = false;
        }
    }","    void saveC() {
        mClicked = true;
        if (mClickedFilter || mDoodleSelected) {
            saveCurrentImage();
-       } else {
-           applyFilter(PhotoFilter.NONE);
-           saveCurrentImage();
+          hideBrushEffect();
+          mClickedFilter = false;
+          mDoodleSelected = false;
        }
    }","    void saveC() {
        mClicked = true;
        if (mClickedFilter || mDoodleSelected) {
            saveCurrentImage();
            <Chunk_For_Modification>
        }
    }","    void saveC() {
        mClicked = true;
        if (mClickedFilter || mDoodleSelected) {
            saveCurrentImage();
            >>> [ INFILL ] <<<
        }
    }",,,,,,,,,,,,3,3,6,,
bug-1202-onItemClick,bug-1202-onItemClick/app/src/main/java/swati4star/createpdf/activity/ImageEditor.java,"Steps

Select few images. Go to Filter images
Don't add any effect. Select Brush option. Draw something. Select Save current
Now, press right arrow icon. The toast is displayed Save current first
Expected behaviour

Toast shouldn't be displayed, when image is saved","    public void onItemClick(View view, int position) {
        // Brush effect is in second position
        if (position == 1) {
            mPhotoEditor = new PhotoEditor.Builder(this, mPhotoEditorView)
                    .setPinchTextScalable(true)
                    .build();
            if (doodleSeekBar.getVisibility() == View.GONE && brushColorsView.getVisibility() == View.GONE) {
                mPhotoEditor.setBrushDrawingMode(true);
                doodleSeekBar.setVisibility(View.VISIBLE);
                brushColorsView.setVisibility(View.VISIBLE);
                mDoodleSelected = true;
            } else if (doodleSeekBar.getVisibility() == View.VISIBLE &&
                    brushColorsView.getVisibility() == View.VISIBLE) {
                mPhotoEditor.setBrushDrawingMode(false);
                doodleSeekBar.setVisibility(View.GONE);
                brushColorsView.setVisibility(View.GONE);
            }
        } else {
            PhotoFilter filter = mFilterItems.get(position).getFilter();
            applyFilter(filter);
        }
    }","    public void onItemClick(View view, int position) {
        //setting mClicked true when none filter is selected otherwise false
        mClicked = position == 0;
        // Brush effect is in second position
        if (position == 1) {
            mPhotoEditor = new PhotoEditor.Builder(this, mPhotoEditorView)
                    .setPinchTextScalable(true)
                    .build();
            if (doodleSeekBar.getVisibility() == View.GONE && brushColorsView.getVisibility() == View.GONE) {
                showBrushEffect();
            } else if (doodleSeekBar.getVisibility() == View.VISIBLE &&
                    brushColorsView.getVisibility() == View.VISIBLE) {
                hideBrushEffect();
            }
        } else {
            PhotoFilter filter = mFilterItems.get(position).getFilter();
            applyFilter(filter);
        }
    }","    public void onItemClick(View view, int position) {
+      //setting mClicked true when none filter is selected otherwise false
+      mClicked = position == 0;
        // Brush effect is in second position
        if (position == 1) {
            mPhotoEditor = new PhotoEditor.Builder(this, mPhotoEditorView)
                    .setPinchTextScalable(true)
                    .build();
            if (doodleSeekBar.getVisibility() == View.GONE && brushColorsView.getVisibility() == View.GONE) {
-               mPhotoEditor.setBrushDrawingMode(true);
-               doodleSeekBar.setVisibility(View.VISIBLE);
-               brushColorsView.setVisibility(View.VISIBLE);
-               mDoodleSelected = true;
+              showBrushEffect();
            } else if (doodleSeekBar.getVisibility() == View.VISIBLE &&
                    brushColorsView.getVisibility() == View.VISIBLE) {
-               mPhotoEditor.setBrushDrawingMode(false);
-               doodleSeekBar.setVisibility(View.GONE);
-               brushColorsView.setVisibility(View.GONE);
+              hideBrushEffect();
            }
        } else {
            PhotoFilter filter = mFilterItems.get(position).getFilter();
            applyFilter(filter);
        }
    }","    public void onItemClick(View view, int position) {
        <Chunk_For_Modification>
        // Brush effect is in second position
        if (position == 1) {
            mPhotoEditor = new PhotoEditor.Builder(this, mPhotoEditorView)
                    .setPinchTextScalable(true)
                    .build();
            if (doodleSeekBar.getVisibility() == View.GONE && brushColorsView.getVisibility() == View.GONE) {
                 <Chunk_For_Modification>
            } else if (doodleSeekBar.getVisibility() == View.VISIBLE &&
                    brushColorsView.getVisibility() == View.VISIBLE) {
                 <Chunk_For_Modification>
            }
        } else {
            PhotoFilter filter = mFilterItems.get(position).getFilter();
            applyFilter(filter);
        }
    }","    public void onItemClick(View view, int position) {
        >>> [ INFILL ] <<<
        // Brush effect is in second position
        if (position == 1) {
            mPhotoEditor = new PhotoEditor.Builder(this, mPhotoEditorView)
                    .setPinchTextScalable(true)
                    .build();
            if (doodleSeekBar.getVisibility() == View.GONE && brushColorsView.getVisibility() == View.GONE) {
                 >>> [ INFILL ] <<<
            } else if (doodleSeekBar.getVisibility() == View.VISIBLE &&
                    brushColorsView.getVisibility() == View.VISIBLE) {
                 >>> [ INFILL ] <<<
            }
        } else {
            PhotoFilter filter = mFilterItems.get(position).getFilter();
            applyFilter(filter);
        }
    }",,,,,,,,,,,,7,4,11,,
bug-1205-onBackPressed,bug-1205-onBackPressed/app/src/main/java/swati4star/createpdf/activity/MainActivity.java,"Steps to reproduce

Go to any fragment such as invert pdf ,remove page etc wherever there's is the orange slider in use.Click on the slider to pull up.Click back button.

Expected behaviour

Clicking on back button should pull the slider down while remaining on the same fragment.

Actual behaviour

The back button leads to the Home Fragment.","    public void onBackPressed() {
        DrawerLayout drawer = findViewById(R.id.drawer_layout);
        if (drawer.isDrawerOpen(GravityCompat.START)) {
            drawer.closeDrawer(GravityCompat.START);
        } else {
            Fragment currentFragment = getSupportFragmentManager()
                    .findFragmentById(R.id.content);
            if (currentFragment instanceof HomeFragment) {
                checkDoubleBackPress();
            } else {
                Fragment fragment = new HomeFragment();
                getSupportFragmentManager().beginTransaction().replace(R.id.content, fragment).commit();
                setDefaultMenuSelected(0);
            }
        }
    }","    public void onBackPressed() {
        DrawerLayout drawer = findViewById(R.id.drawer_layout);
        if (drawer.isDrawerOpen(GravityCompat.START)) {
            drawer.closeDrawer(GravityCompat.START);
        } else {
            mCurrentFragment = getSupportFragmentManager()
                    .findFragmentById(R.id.content);
            if (mCurrentFragment instanceof HomeFragment) {
                checkDoubleBackPress();
            } else if (checkFragmentBottomSheetBehavior())
                closeFragmentBottomSheet();
            else {
                Fragment fragment = new HomeFragment();
                getSupportFragmentManager().beginTransaction().replace(R.id.content, fragment).commit();
                setNavigationViewSelection(R.id.nav_home);
            }
        }
    }","    public void onBackPressed() {
        DrawerLayout drawer = findViewById(R.id.drawer_layout);
        if (drawer.isDrawerOpen(GravityCompat.START)) {
            drawer.closeDrawer(GravityCompat.START);
        } else {
-           Fragment currentFragment = getSupportFragmentManager()
+          mCurrentFragment = getSupportFragmentManager()
                    .findFragmentById(R.id.content);
-           if (currentFragment instanceof HomeFragment) {
+          if (mCurrentFragment instanceof HomeFragment) {
                checkDoubleBackPress();
-           } else {
+          } else if (checkFragmentBottomSheetBehavior())
+              closeFragmentBottomSheet();
+          else {
                Fragment fragment = new HomeFragment();
                getSupportFragmentManager().beginTransaction().replace(R.id.content, fragment).commit();
-               setDefaultMenuSelected(0);
+              setNavigationViewSelection(R.id.nav_home);
            }
        }
    }","    public void onBackPressed() {
        DrawerLayout drawer = findViewById(R.id.drawer_layout);
        if (drawer.isDrawerOpen(GravityCompat.START)) {
            drawer.closeDrawer(GravityCompat.START);
        } else {
            <Chunk_For_Modification>
                    .findFragmentById(R.id.content);
            <Chunk_For_Modification>
                checkDoubleBackPress();
            <Chunk_For_Modification>
                Fragment fragment = new HomeFragment();
                getSupportFragmentManager().beginTransaction().replace(R.id.content, fragment).commit();
            <Chunk_For_Modification>
            }
        }
    }","    public void onBackPressed() {
        DrawerLayout drawer = findViewById(R.id.drawer_layout);
        if (drawer.isDrawerOpen(GravityCompat.START)) {
            drawer.closeDrawer(GravityCompat.START);
        } else {
            >>> [ INFILL ] <<<
                    .findFragmentById(R.id.content);
            >>> [ INFILL ] <<<
                checkDoubleBackPress();
            >>> [ INFILL ] <<<
                Fragment fragment = new HomeFragment();
                getSupportFragmentManager().beginTransaction().replace(R.id.content, fragment).commit();
            >>> [ INFILL ] <<<
            }
        }
    }",,,,,,,,,,,,4,6,10,1,1
bug-1207-show,bug-1207-show/app/src/main/java/org/shadowice/flocke/andotp/View/ManualEntryDialog.java,"General information

When entering an invalid value (empty or ""0"") in the ""Advanced Options"" section when manually entering details, the app crashes. This seems to be due to conversion of """" (empty string) to number or a division by 0 (when value is 0). This happens for both, the ""Period"" and ""Digits"" fields.

App version: 0.4.0.1
App source: Google Play
Android Version: 7.1.2
Custom ROM: LineageOs 14.1
(This also happens on my main phone but the logcat on the device above is way less cluttered 😋)

Expected result

What is expected?
The ""Save"" button should be disabled while input fields contain invalid information (and maybe the input field containing a wrong value should have a short description why the value is invalid).

What does happen instead?
App crashes.

Logcat

I've extracted the exceptions + stack trace from the logcat. If you really need the whole logcat, I'm willing to send it to you via mail or so, but I don't want to post it publicly (I've seen my WiFi name in there and I'm curious of what other sensitive information (like GPS coordinates?) might be there as well..).

Empyt value in field ""Period"":

02-17 23:22:36.627 10690 10690 E AndroidRuntime: FATAL EXCEPTION: main
02-17 23:22:36.627 10690 10690 E AndroidRuntime: Process: org.shadowice.flocke.andotp, PID: 10690
02-17 23:22:36.627 10690 10690 E AndroidRuntime: java.lang.NumberFormatException: For input string: """"
02-17 23:22:36.627 10690 10690 E AndroidRuntime:         at java.lang.Integer.parseInt(Integer.java:533)
02-17 23:22:36.627 10690 10690 E AndroidRuntime:         at java.lang.Integer.parseInt(Integer.java:556)
02-17 23:22:36.627 10690 10690 E AndroidRuntime:         at org.shadowice.flocke.andotp.View.ManualEntryDialog$7.onClick(ManualEntryDialog.java:172)
02-17 23:22:36.627 10690 10690 E AndroidRuntime:         at com.android.internal.app.AlertController$ButtonHandler.handleMessage(AlertController.java:166)
02-17 23:22:36.627 10690 10690 E AndroidRuntime:         at android.os.Handler.dispatchMessage(Handler.java:102)
02-17 23:22:36.627 10690 10690 E AndroidRuntime:         at android.os.Looper.loop(Looper.java:154)
02-17 23:22:36.627 10690 10690 E AndroidRuntime:         at android.app.ActivityThread.main(ActivityThread.java:6186)
02-17 23:22:36.627 10690 10690 E AndroidRuntime:         at java.lang.reflect.Method.invoke(Native Method)
02-17 23:22:36.627 10690 10690 E AndroidRuntime:         at com.android.internal.os.ZygoteInit$MethodAndArgsCaller.run(ZygoteInit.java:889)
02-17 23:22:36.627 10690 10690 E AndroidRuntime:         at com.android.internal.os.ZygoteInit.main(ZygoteInit.java:779)
Value ""0"" in field Period:

02-17 23:23:47.004 11016 11016 E AndroidRuntime: FATAL EXCEPTION: main
02-17 23:23:47.004 11016 11016 E AndroidRuntime: Process: org.shadowice.flocke.andotp, PID: 11016
02-17 23:23:47.004 11016 11016 E AndroidRuntime: java.lang.ArithmeticException: divide by zero
02-17 23:23:47.004 11016 11016 E AndroidRuntime:         at org.shadowice.flocke.andotp.Database.Entry.updateOTP(Entry.java:300)
02-17 23:23:47.004 11016 11016 E AndroidRuntime:         at org.shadowice.flocke.andotp.View.ManualEntryDialog$7.onClick(ManualEntryDialog.java:176)
02-17 23:23:47.004 11016 11016 E AndroidRuntime:         at com.android.internal.app.AlertController$ButtonHandler.handleMessage(AlertController.java:166)
02-17 23:23:47.004 11016 11016 E AndroidRuntime:         at android.os.Handler.dispatchMessage(Handler.java:102)
02-17 23:23:47.004 11016 11016 E AndroidRuntime:         at android.os.Looper.loop(Looper.java:154)
02-17 23:23:47.004 11016 11016 E AndroidRuntime:         at android.app.ActivityThread.main(ActivityThread.java:6186)
02-17 23:23:47.004 11016 11016 E AndroidRuntime:         at java.lang.reflect.Method.invoke(Native Method)
02-17 23:23:47.004 11016 11016 E AndroidRuntime:         at com.android.internal.os.ZygoteInit$MethodAndArgsCaller.run(ZygoteInit.java:889)
02-17 23:23:47.004 11016 11016 E AndroidRuntime:         at com.android.internal.os.ZygoteInit.main(ZygoteInit.java:779)
Steps to reproduce

Click the ""+"" button to add a new OTP
Select ""Enter details""
Fill in ""Label"" and ""Secret""
Click ""Advanced Options""
Change the value of ""Period"" or ""Digit"" to be empty or ""0""
Click ""Save""","    public static void show(final MainActivity callingActivity, Settings settings, final EntriesCardAdapter adapter) {
        ViewGroup container = callingActivity.findViewById(R.id.main_content);
        View inputView = callingActivity.getLayoutInflater().inflate(R.layout.dialog_manual_entry, container, false);

        final Spinner typeInput = inputView.findViewById(R.id.manual_type);
        final EditText labelInput = inputView.findViewById(R.id.manual_label);
        final EditText secretInput = inputView.findViewById(R.id.manual_secret);
        final EditText periodInput = inputView.findViewById(R.id.manual_period);
        final EditText digitsInput = inputView.findViewById(R.id.manual_digits);
        final Spinner algorithmInput = inputView.findViewById(R.id.manual_algorithm);
        final Button tagsInput = inputView.findViewById(R.id.manual_tags);

        final ArrayAdapter<TokenCalculator.HashAlgorithm> algorithmAdapter = new ArrayAdapter<>(callingActivity, android.R.layout.simple_expandable_list_item_1, TokenCalculator.HashAlgorithm.values());
        final ArrayAdapter<Entry.OTPType> typeAdapter = new ArrayAdapter<>(callingActivity, android.R.layout.simple_expandable_list_item_1, Entry.PublicTypes.toArray(new Entry.OTPType[Entry.PublicTypes.size()]));
        final ArrayAdapter<Entry.OTPType> fullTypeAdapter = new ArrayAdapter<>(callingActivity, android.R.layout.simple_expandable_list_item_1, Entry.OTPType.values());

        if (settings.getSpecialFeatures())
            typeInput.setAdapter(fullTypeAdapter);
        else
            typeInput.setAdapter(typeAdapter);

        algorithmInput.setAdapter(algorithmAdapter);

        periodInput.setText(String.format(Locale.US, ""%d"", TokenCalculator.TOTP_DEFAULT_PERIOD));
        digitsInput.setText(String.format(Locale.US, ""%d"", TokenCalculator.TOTP_DEFAULT_DIGITS));

        typeInput.setOnItemSelectedListener(new AdapterView.OnItemSelectedListener() {
            @Override
            public void onItemSelected(AdapterView<?> adapterView, View view, int i, long l) {
                Entry.OTPType type = (Entry.OTPType) adapterView.getSelectedItem();

                if (type == Entry.OTPType.STEAM) {
                    digitsInput.setText(String.format(Locale.US, ""%d"", TokenCalculator.STEAM_DEFAULT_DIGITS));
                    periodInput.setText(String.format(Locale.US, ""%d"", TokenCalculator.TOTP_DEFAULT_PERIOD));
                    algorithmInput.setSelection(algorithmAdapter.getPosition(TokenCalculator.HashAlgorithm.SHA1));

                    digitsInput.setEnabled(false);
                    periodInput.setEnabled(false);
                    algorithmInput.setEnabled(false);
                } else {
                    digitsInput.setText(String.format(Locale.US, ""%d"", TokenCalculator.TOTP_DEFAULT_DIGITS));
                    digitsInput.setEnabled(true);
                    periodInput.setEnabled(true);
                    algorithmInput.setEnabled(true);
                }
            }

            @Override
            public void onNothingSelected(AdapterView<?> adapterView) {

            }
        });

        List<String> allTags = adapter.getTags();
        HashMap<String, Boolean> tagsHashMap = new HashMap<>();
        for(String tag: allTags) {
            tagsHashMap.put(tag, false);
        }
        final TagsAdapter tagsAdapter = new TagsAdapter(callingActivity, tagsHashMap);

        final Callable tagsCallable = new Callable() {
            @Override
            public Object call() throws Exception {
                List<String> selectedTags = tagsAdapter.getActiveTags();
                StringBuilder stringBuilder = new StringBuilder();
                for(int j = 0; j < selectedTags.size(); j++) {
                    stringBuilder.append(selectedTags.get(j));
                    if(j < selectedTags.size() - 1) {
                        stringBuilder.append("", "");
                    }
                }
                tagsInput.setText(stringBuilder.toString());
                return null;
            }
        };

        tagsInput.setOnClickListener(new View.OnClickListener() {
            @Override
            public void onClick(View view) {
                TagsDialog.show(callingActivity, tagsAdapter, tagsCallable, tagsCallable);
            }
        });

        final Button expandButton = inputView.findViewById(R.id.dialog_expand_button);
        final ExpandableLinearLayout expandLayout = inputView.findViewById(R.id.dialog_expand_layout);

        expandButton.setOnClickListener(new View.OnClickListener() {
            @Override
            public void onClick(View view) {
                expandLayout.toggle();
            }
        });

        expandLayout.setListener(new ExpandableLayoutListenerAdapter() {
            @Override
            public void onOpened() {
                super.onOpened();
                expandButton.setCompoundDrawablesRelativeWithIntrinsicBounds(0, 0, R.drawable.ic_arrow_up_accent, 0);
            }

            @Override
            public void onClosed() {
                super.onClosed();
                expandButton.setCompoundDrawablesRelativeWithIntrinsicBounds(0, 0, R.drawable.ic_arrow_down_accent, 0);
            }
        });

        AlertDialog.Builder builder = new AlertDialog.Builder(callingActivity);
        builder.setTitle(R.string.dialog_title_manual_entry)
                .setView(inputView)
                .setPositiveButton(R.string.button_save, new DialogInterface.OnClickListener() {
                    @Override
                    public void onClick(DialogInterface dialogInterface, int i) {
                        Entry.OTPType type = (Entry.OTPType) typeInput.getSelectedItem();
                        TokenCalculator.HashAlgorithm algorithm = (TokenCalculator.HashAlgorithm) algorithmInput.getSelectedItem();

                        if (type == Entry.OTPType.TOTP || type == Entry.OTPType.STEAM) {
                            String label = labelInput.getText().toString();
                            String secret = secretInput.getText().toString();
                            int period = Integer.parseInt(periodInput.getText().toString());
                            int digits = Integer.parseInt(digitsInput.getText().toString());

                            Entry e = new Entry(type, secret, period, digits, label, algorithm, tagsAdapter.getActiveTags());
                            e.updateOTP();
                            adapter.addEntry(e);
                            adapter.saveEntries();

                            callingActivity.refreshTags();
                        }
                    }
                })
                .setNegativeButton(android.R.string.cancel, new DialogInterface.OnClickListener() {
                    @Override
                    public void onClick(DialogInterface dialogInterface, int i) {}
                });

        AlertDialog dialog = builder.create();
        dialog.show();

        final Button positiveButton = dialog.getButton(AlertDialog.BUTTON_POSITIVE);
        positiveButton.setEnabled(false);

        TextWatcher watcher = new TextWatcher() {
            @Override
            public void beforeTextChanged(CharSequence charSequence, int i, int i1, int i2) {
            }

            @Override
            public void onTextChanged(CharSequence charSequence, int i, int i1, int i2) {
            }

            @Override
            public void afterTextChanged(Editable editable) {
                if (TextUtils.isEmpty(labelInput.getText()) || TextUtils.isEmpty(secretInput.getText())) {
                    positiveButton.setEnabled(false);
                } else {
                    positiveButton.setEnabled(true);
                }
            }
        };

        labelInput.addTextChangedListener(watcher);
        secretInput.addTextChangedListener(watcher);
    }","    public static void show(final MainActivity callingActivity, Settings settings, final EntriesCardAdapter adapter) {
        ViewGroup container = callingActivity.findViewById(R.id.main_content);
        View inputView = callingActivity.getLayoutInflater().inflate(R.layout.dialog_manual_entry, container, false);

        final Spinner typeInput = inputView.findViewById(R.id.manual_type);
        final EditText labelInput = inputView.findViewById(R.id.manual_label);
        final EditText secretInput = inputView.findViewById(R.id.manual_secret);
        final EditText periodInput = inputView.findViewById(R.id.manual_period);
        final EditText digitsInput = inputView.findViewById(R.id.manual_digits);
        final Spinner algorithmInput = inputView.findViewById(R.id.manual_algorithm);
        final Button tagsInput = inputView.findViewById(R.id.manual_tags);

        final ArrayAdapter<TokenCalculator.HashAlgorithm> algorithmAdapter = new ArrayAdapter<>(callingActivity, android.R.layout.simple_expandable_list_item_1, TokenCalculator.HashAlgorithm.values());
        final ArrayAdapter<Entry.OTPType> typeAdapter = new ArrayAdapter<>(callingActivity, android.R.layout.simple_expandable_list_item_1, Entry.PublicTypes.toArray(new Entry.OTPType[Entry.PublicTypes.size()]));
        final ArrayAdapter<Entry.OTPType> fullTypeAdapter = new ArrayAdapter<>(callingActivity, android.R.layout.simple_expandable_list_item_1, Entry.OTPType.values());

        if (settings.getSpecialFeatures())
            typeInput.setAdapter(fullTypeAdapter);
        else
            typeInput.setAdapter(typeAdapter);

        algorithmInput.setAdapter(algorithmAdapter);

        periodInput.setText(String.format(Locale.US, ""%d"", TokenCalculator.TOTP_DEFAULT_PERIOD));
        digitsInput.setText(String.format(Locale.US, ""%d"", TokenCalculator.TOTP_DEFAULT_DIGITS));

        typeInput.setOnItemSelectedListener(new AdapterView.OnItemSelectedListener() {
            @Override
            public void onItemSelected(AdapterView<?> adapterView, View view, int i, long l) {
                Entry.OTPType type = (Entry.OTPType) adapterView.getSelectedItem();

                if (type == Entry.OTPType.STEAM) {
                    digitsInput.setText(String.format(Locale.US, ""%d"", TokenCalculator.STEAM_DEFAULT_DIGITS));
                    periodInput.setText(String.format(Locale.US, ""%d"", TokenCalculator.TOTP_DEFAULT_PERIOD));
                    algorithmInput.setSelection(algorithmAdapter.getPosition(TokenCalculator.HashAlgorithm.SHA1));

                    digitsInput.setEnabled(false);
                    periodInput.setEnabled(false);
                    algorithmInput.setEnabled(false);
                } else {
                    digitsInput.setText(String.format(Locale.US, ""%d"", TokenCalculator.TOTP_DEFAULT_DIGITS));
                    digitsInput.setEnabled(true);
                    periodInput.setEnabled(true);
                    algorithmInput.setEnabled(true);
                }
            }

            @Override
            public void onNothingSelected(AdapterView<?> adapterView) {

            }
        });

        List<String> allTags = adapter.getTags();
        HashMap<String, Boolean> tagsHashMap = new HashMap<>();
        for(String tag: allTags) {
            tagsHashMap.put(tag, false);
        }
        final TagsAdapter tagsAdapter = new TagsAdapter(callingActivity, tagsHashMap);

        final Callable tagsCallable = new Callable() {
            @Override
            public Object call() throws Exception {
                List<String> selectedTags = tagsAdapter.getActiveTags();
                StringBuilder stringBuilder = new StringBuilder();
                for(int j = 0; j < selectedTags.size(); j++) {
                    stringBuilder.append(selectedTags.get(j));
                    if(j < selectedTags.size() - 1) {
                        stringBuilder.append("", "");
                    }
                }
                tagsInput.setText(stringBuilder.toString());
                return null;
            }
        };

        tagsInput.setOnClickListener(new View.OnClickListener() {
            @Override
            public void onClick(View view) {
                TagsDialog.show(callingActivity, tagsAdapter, tagsCallable, tagsCallable);
            }
        });

        final Button expandButton = inputView.findViewById(R.id.dialog_expand_button);
        final ExpandableLinearLayout expandLayout = inputView.findViewById(R.id.dialog_expand_layout);

        expandButton.setOnClickListener(new View.OnClickListener() {
            @Override
            public void onClick(View view) {
                expandLayout.toggle();
            }
        });

        expandLayout.setListener(new ExpandableLayoutListenerAdapter() {
            @Override
            public void onOpened() {
                super.onOpened();
                expandButton.setCompoundDrawablesRelativeWithIntrinsicBounds(0, 0, R.drawable.ic_arrow_up_accent, 0);
            }

            @Override
            public void onClosed() {
                super.onClosed();
                expandButton.setCompoundDrawablesRelativeWithIntrinsicBounds(0, 0, R.drawable.ic_arrow_down_accent, 0);
            }
        });

        AlertDialog.Builder builder = new AlertDialog.Builder(callingActivity);
        builder.setTitle(R.string.dialog_title_manual_entry)
                .setView(inputView)
                .setPositiveButton(R.string.button_save, new DialogInterface.OnClickListener() {
                    @Override
                    public void onClick(DialogInterface dialogInterface, int i) {
                        Entry.OTPType type = (Entry.OTPType) typeInput.getSelectedItem();
                        TokenCalculator.HashAlgorithm algorithm = (TokenCalculator.HashAlgorithm) algorithmInput.getSelectedItem();

                        if (type == Entry.OTPType.TOTP || type == Entry.OTPType.STEAM) {
                            String label = labelInput.getText().toString();
                            String secret = secretInput.getText().toString();
                            int period = Integer.parseInt(periodInput.getText().toString());
                            int digits = Integer.parseInt(digitsInput.getText().toString());

                            Entry e = new Entry(type, secret, period, digits, label, algorithm, tagsAdapter.getActiveTags());
                            e.updateOTP();
                            adapter.addEntry(e);
                            adapter.saveEntries();

                            callingActivity.refreshTags();
                        }
                    }
                })
                .setNegativeButton(android.R.string.cancel, new DialogInterface.OnClickListener() {
                    @Override
                    public void onClick(DialogInterface dialogInterface, int i) {}
                });

        AlertDialog dialog = builder.create();
        dialog.show();

        final Button positiveButton = dialog.getButton(AlertDialog.BUTTON_POSITIVE);
        positiveButton.setEnabled(false);

        TextWatcher watcher = new TextWatcher() {
            @Override
            public void beforeTextChanged(CharSequence charSequence, int i, int i1, int i2) {
            }

            @Override
            public void onTextChanged(CharSequence charSequence, int i, int i1, int i2) {
            }

            @Override
            public void afterTextChanged(Editable editable) {
                if (TextUtils.isEmpty(labelInput.getText()) || TextUtils.isEmpty(secretInput.getText())
                        || TextUtils.isEmpty(periodInput.getText()) || Integer.parseInt(periodInput.getText().toString()) == 0
                        || TextUtils.isEmpty(digitsInput.getText()) || Integer.parseInt(digitsInput.getText().toString()) == 0) {
                    positiveButton.setEnabled(false);
                } else {
                    positiveButton.setEnabled(true);
                }
            }
        };

        labelInput.addTextChangedListener(watcher);
        secretInput.addTextChangedListener(watcher);
        periodInput.addTextChangedListener(watcher);
        digitsInput.addTextChangedListener(watcher);
    }","    public static void show(final MainActivity callingActivity, Settings settings, final EntriesCardAdapter adapter) {
        ViewGroup container = callingActivity.findViewById(R.id.main_content);
        View inputView = callingActivity.getLayoutInflater().inflate(R.layout.dialog_manual_entry, container, false);

        final Spinner typeInput = inputView.findViewById(R.id.manual_type);
        final EditText labelInput = inputView.findViewById(R.id.manual_label);
        final EditText secretInput = inputView.findViewById(R.id.manual_secret);
        final EditText periodInput = inputView.findViewById(R.id.manual_period);
        final EditText digitsInput = inputView.findViewById(R.id.manual_digits);
        final Spinner algorithmInput = inputView.findViewById(R.id.manual_algorithm);
        final Button tagsInput = inputView.findViewById(R.id.manual_tags);

        final ArrayAdapter<TokenCalculator.HashAlgorithm> algorithmAdapter = new ArrayAdapter<>(callingActivity, android.R.layout.simple_expandable_list_item_1, TokenCalculator.HashAlgorithm.values());
        final ArrayAdapter<Entry.OTPType> typeAdapter = new ArrayAdapter<>(callingActivity, android.R.layout.simple_expandable_list_item_1, Entry.PublicTypes.toArray(new Entry.OTPType[Entry.PublicTypes.size()]));
        final ArrayAdapter<Entry.OTPType> fullTypeAdapter = new ArrayAdapter<>(callingActivity, android.R.layout.simple_expandable_list_item_1, Entry.OTPType.values());

        if (settings.getSpecialFeatures())
            typeInput.setAdapter(fullTypeAdapter);
        else
            typeInput.setAdapter(typeAdapter);

        algorithmInput.setAdapter(algorithmAdapter);

        periodInput.setText(String.format(Locale.US, ""%d"", TokenCalculator.TOTP_DEFAULT_PERIOD));
        digitsInput.setText(String.format(Locale.US, ""%d"", TokenCalculator.TOTP_DEFAULT_DIGITS));

        typeInput.setOnItemSelectedListener(new AdapterView.OnItemSelectedListener() {
            @Override
            public void onItemSelected(AdapterView<?> adapterView, View view, int i, long l) {
                Entry.OTPType type = (Entry.OTPType) adapterView.getSelectedItem();

                if (type == Entry.OTPType.STEAM) {
                    digitsInput.setText(String.format(Locale.US, ""%d"", TokenCalculator.STEAM_DEFAULT_DIGITS));
                    periodInput.setText(String.format(Locale.US, ""%d"", TokenCalculator.TOTP_DEFAULT_PERIOD));
                    algorithmInput.setSelection(algorithmAdapter.getPosition(TokenCalculator.HashAlgorithm.SHA1));

                    digitsInput.setEnabled(false);
                    periodInput.setEnabled(false);
                    algorithmInput.setEnabled(false);
                } else {
                    digitsInput.setText(String.format(Locale.US, ""%d"", TokenCalculator.TOTP_DEFAULT_DIGITS));
                    digitsInput.setEnabled(true);
                    periodInput.setEnabled(true);
                    algorithmInput.setEnabled(true);
                }
            }

            @Override
            public void onNothingSelected(AdapterView<?> adapterView) {

            }
        });

        List<String> allTags = adapter.getTags();
        HashMap<String, Boolean> tagsHashMap = new HashMap<>();
        for(String tag: allTags) {
            tagsHashMap.put(tag, false);
        }
        final TagsAdapter tagsAdapter = new TagsAdapter(callingActivity, tagsHashMap);

        final Callable tagsCallable = new Callable() {
            @Override
            public Object call() throws Exception {
                List<String> selectedTags = tagsAdapter.getActiveTags();
                StringBuilder stringBuilder = new StringBuilder();
                for(int j = 0; j < selectedTags.size(); j++) {
                    stringBuilder.append(selectedTags.get(j));
                    if(j < selectedTags.size() - 1) {
                        stringBuilder.append("", "");
                    }
                }
                tagsInput.setText(stringBuilder.toString());
                return null;
            }
        };

        tagsInput.setOnClickListener(new View.OnClickListener() {
            @Override
            public void onClick(View view) {
                TagsDialog.show(callingActivity, tagsAdapter, tagsCallable, tagsCallable);
            }
        });

        final Button expandButton = inputView.findViewById(R.id.dialog_expand_button);
        final ExpandableLinearLayout expandLayout = inputView.findViewById(R.id.dialog_expand_layout);

        expandButton.setOnClickListener(new View.OnClickListener() {
            @Override
            public void onClick(View view) {
                expandLayout.toggle();
            }
        });

        expandLayout.setListener(new ExpandableLayoutListenerAdapter() {
            @Override
            public void onOpened() {
                super.onOpened();
                expandButton.setCompoundDrawablesRelativeWithIntrinsicBounds(0, 0, R.drawable.ic_arrow_up_accent, 0);
            }

            @Override
            public void onClosed() {
                super.onClosed();
                expandButton.setCompoundDrawablesRelativeWithIntrinsicBounds(0, 0, R.drawable.ic_arrow_down_accent, 0);
            }
        });

        AlertDialog.Builder builder = new AlertDialog.Builder(callingActivity);
        builder.setTitle(R.string.dialog_title_manual_entry)
                .setView(inputView)
                .setPositiveButton(R.string.button_save, new DialogInterface.OnClickListener() {
                    @Override
                    public void onClick(DialogInterface dialogInterface, int i) {
                        Entry.OTPType type = (Entry.OTPType) typeInput.getSelectedItem();
                        TokenCalculator.HashAlgorithm algorithm = (TokenCalculator.HashAlgorithm) algorithmInput.getSelectedItem();

                        if (type == Entry.OTPType.TOTP || type == Entry.OTPType.STEAM) {
                            String label = labelInput.getText().toString();
                            String secret = secretInput.getText().toString();
                            int period = Integer.parseInt(periodInput.getText().toString());
                            int digits = Integer.parseInt(digitsInput.getText().toString());

                            Entry e = new Entry(type, secret, period, digits, label, algorithm, tagsAdapter.getActiveTags());
                            e.updateOTP();
                            adapter.addEntry(e);
                            adapter.saveEntries();

                            callingActivity.refreshTags();
                        }
                    }
                })
                .setNegativeButton(android.R.string.cancel, new DialogInterface.OnClickListener() {
                    @Override
                    public void onClick(DialogInterface dialogInterface, int i) {}
                });

        AlertDialog dialog = builder.create();
        dialog.show();

        final Button positiveButton = dialog.getButton(AlertDialog.BUTTON_POSITIVE);
        positiveButton.setEnabled(false);

        TextWatcher watcher = new TextWatcher() {
            @Override
            public void beforeTextChanged(CharSequence charSequence, int i, int i1, int i2) {
            }

            @Override
            public void onTextChanged(CharSequence charSequence, int i, int i1, int i2) {
            }

            @Override
            public void afterTextChanged(Editable editable) {
-               if (TextUtils.isEmpty(labelInput.getText()) || TextUtils.isEmpty(secretInput.getText())) {
+              if (TextUtils.isEmpty(labelInput.getText()) || TextUtils.isEmpty(secretInput.getText())
+                      || TextUtils.isEmpty(periodInput.getText()) || Integer.parseInt(periodInput.getText().toString()) == 0
+                      || TextUtils.isEmpty(digitsInput.getText()) || Integer.parseInt(digitsInput.getText().toString()) == 0) {
                    positiveButton.setEnabled(false);
                } else {
                    positiveButton.setEnabled(true);
                }
            }
        };

        labelInput.addTextChangedListener(watcher);
        secretInput.addTextChangedListener(watcher);
+      periodInput.addTextChangedListener(watcher);
+      digitsInput.addTextChangedListener(watcher);
    }","    public static void show(final MainActivity callingActivity, Settings settings, final EntriesCardAdapter adapter) {
        ViewGroup container = callingActivity.findViewById(R.id.main_content);
        View inputView = callingActivity.getLayoutInflater().inflate(R.layout.dialog_manual_entry, container, false);

        final Spinner typeInput = inputView.findViewById(R.id.manual_type);
        final EditText labelInput = inputView.findViewById(R.id.manual_label);
        final EditText secretInput = inputView.findViewById(R.id.manual_secret);
        final EditText periodInput = inputView.findViewById(R.id.manual_period);
        final EditText digitsInput = inputView.findViewById(R.id.manual_digits);
        final Spinner algorithmInput = inputView.findViewById(R.id.manual_algorithm);
        final Button tagsInput = inputView.findViewById(R.id.manual_tags);

        final ArrayAdapter<TokenCalculator.HashAlgorithm> algorithmAdapter = new ArrayAdapter<>(callingActivity, android.R.layout.simple_expandable_list_item_1, TokenCalculator.HashAlgorithm.values());
        final ArrayAdapter<Entry.OTPType> typeAdapter = new ArrayAdapter<>(callingActivity, android.R.layout.simple_expandable_list_item_1, Entry.PublicTypes.toArray(new Entry.OTPType[Entry.PublicTypes.size()]));
        final ArrayAdapter<Entry.OTPType> fullTypeAdapter = new ArrayAdapter<>(callingActivity, android.R.layout.simple_expandable_list_item_1, Entry.OTPType.values());

        if (settings.getSpecialFeatures())
            typeInput.setAdapter(fullTypeAdapter);
        else
            typeInput.setAdapter(typeAdapter);

        algorithmInput.setAdapter(algorithmAdapter);

        periodInput.setText(String.format(Locale.US, ""%d"", TokenCalculator.TOTP_DEFAULT_PERIOD));
        digitsInput.setText(String.format(Locale.US, ""%d"", TokenCalculator.TOTP_DEFAULT_DIGITS));

        typeInput.setOnItemSelectedListener(new AdapterView.OnItemSelectedListener() {
            @Override
            public void onItemSelected(AdapterView<?> adapterView, View view, int i, long l) {
                Entry.OTPType type = (Entry.OTPType) adapterView.getSelectedItem();

                if (type == Entry.OTPType.STEAM) {
                    digitsInput.setText(String.format(Locale.US, ""%d"", TokenCalculator.STEAM_DEFAULT_DIGITS));
                    periodInput.setText(String.format(Locale.US, ""%d"", TokenCalculator.TOTP_DEFAULT_PERIOD));
                    algorithmInput.setSelection(algorithmAdapter.getPosition(TokenCalculator.HashAlgorithm.SHA1));

                    digitsInput.setEnabled(false);
                    periodInput.setEnabled(false);
                    algorithmInput.setEnabled(false);
                } else {
                    digitsInput.setText(String.format(Locale.US, ""%d"", TokenCalculator.TOTP_DEFAULT_DIGITS));
                    digitsInput.setEnabled(true);
                    periodInput.setEnabled(true);
                    algorithmInput.setEnabled(true);
                }
            }

            @Override
            public void onNothingSelected(AdapterView<?> adapterView) {

            }
        });

        List<String> allTags = adapter.getTags();
        HashMap<String, Boolean> tagsHashMap = new HashMap<>();
        for(String tag: allTags) {
            tagsHashMap.put(tag, false);
        }
        final TagsAdapter tagsAdapter = new TagsAdapter(callingActivity, tagsHashMap);

        final Callable tagsCallable = new Callable() {
            @Override
            public Object call() throws Exception {
                List<String> selectedTags = tagsAdapter.getActiveTags();
                StringBuilder stringBuilder = new StringBuilder();
                for(int j = 0; j < selectedTags.size(); j++) {
                    stringBuilder.append(selectedTags.get(j));
                    if(j < selectedTags.size() - 1) {
                        stringBuilder.append("", "");
                    }
                }
                tagsInput.setText(stringBuilder.toString());
                return null;
            }
        };

        tagsInput.setOnClickListener(new View.OnClickListener() {
            @Override
            public void onClick(View view) {
                TagsDialog.show(callingActivity, tagsAdapter, tagsCallable, tagsCallable);
            }
        });

        final Button expandButton = inputView.findViewById(R.id.dialog_expand_button);
        final ExpandableLinearLayout expandLayout = inputView.findViewById(R.id.dialog_expand_layout);

        expandButton.setOnClickListener(new View.OnClickListener() {
            @Override
            public void onClick(View view) {
                expandLayout.toggle();
            }
        });

        expandLayout.setListener(new ExpandableLayoutListenerAdapter() {
            @Override
            public void onOpened() {
                super.onOpened();
                expandButton.setCompoundDrawablesRelativeWithIntrinsicBounds(0, 0, R.drawable.ic_arrow_up_accent, 0);
            }

            @Override
            public void onClosed() {
                super.onClosed();
                expandButton.setCompoundDrawablesRelativeWithIntrinsicBounds(0, 0, R.drawable.ic_arrow_down_accent, 0);
            }
        });

        AlertDialog.Builder builder = new AlertDialog.Builder(callingActivity);
        builder.setTitle(R.string.dialog_title_manual_entry)
                .setView(inputView)
                .setPositiveButton(R.string.button_save, new DialogInterface.OnClickListener() {
                    @Override
                    public void onClick(DialogInterface dialogInterface, int i) {
                        Entry.OTPType type = (Entry.OTPType) typeInput.getSelectedItem();
                        TokenCalculator.HashAlgorithm algorithm = (TokenCalculator.HashAlgorithm) algorithmInput.getSelectedItem();

                        if (type == Entry.OTPType.TOTP || type == Entry.OTPType.STEAM) {
                            String label = labelInput.getText().toString();
                            String secret = secretInput.getText().toString();
                            int period = Integer.parseInt(periodInput.getText().toString());
                            int digits = Integer.parseInt(digitsInput.getText().toString());

                            Entry e = new Entry(type, secret, period, digits, label, algorithm, tagsAdapter.getActiveTags());
                            e.updateOTP();
                            adapter.addEntry(e);
                            adapter.saveEntries();

                            callingActivity.refreshTags();
                        }
                    }
                })
                .setNegativeButton(android.R.string.cancel, new DialogInterface.OnClickListener() {
                    @Override
                    public void onClick(DialogInterface dialogInterface, int i) {}
                });

        AlertDialog dialog = builder.create();
        dialog.show();

        final Button positiveButton = dialog.getButton(AlertDialog.BUTTON_POSITIVE);
        positiveButton.setEnabled(false);

        TextWatcher watcher = new TextWatcher() {
            @Override
            public void beforeTextChanged(CharSequence charSequence, int i, int i1, int i2) {
            }

            @Override
            public void onTextChanged(CharSequence charSequence, int i, int i1, int i2) {
            }

            @Override
            public void afterTextChanged(Editable editable) {
                <Chunk_For_Modification>
                    positiveButton.setEnabled(false);
                } else {
                    positiveButton.setEnabled(true);
                }
            }
        };

        labelInput.addTextChangedListener(watcher);
        secretInput.addTextChangedListener(watcher);
        <Chunk_For_Modification>
    }","    public static void show(final MainActivity callingActivity, Settings settings, final EntriesCardAdapter adapter) {
        ViewGroup container = callingActivity.findViewById(R.id.main_content);
        View inputView = callingActivity.getLayoutInflater().inflate(R.layout.dialog_manual_entry, container, false);

        final Spinner typeInput = inputView.findViewById(R.id.manual_type);
        final EditText labelInput = inputView.findViewById(R.id.manual_label);
        final EditText secretInput = inputView.findViewById(R.id.manual_secret);
        final EditText periodInput = inputView.findViewById(R.id.manual_period);
        final EditText digitsInput = inputView.findViewById(R.id.manual_digits);
        final Spinner algorithmInput = inputView.findViewById(R.id.manual_algorithm);
        final Button tagsInput = inputView.findViewById(R.id.manual_tags);

        final ArrayAdapter<TokenCalculator.HashAlgorithm> algorithmAdapter = new ArrayAdapter<>(callingActivity, android.R.layout.simple_expandable_list_item_1, TokenCalculator.HashAlgorithm.values());
        final ArrayAdapter<Entry.OTPType> typeAdapter = new ArrayAdapter<>(callingActivity, android.R.layout.simple_expandable_list_item_1, Entry.PublicTypes.toArray(new Entry.OTPType[Entry.PublicTypes.size()]));
        final ArrayAdapter<Entry.OTPType> fullTypeAdapter = new ArrayAdapter<>(callingActivity, android.R.layout.simple_expandable_list_item_1, Entry.OTPType.values());

        if (settings.getSpecialFeatures())
            typeInput.setAdapter(fullTypeAdapter);
        else
            typeInput.setAdapter(typeAdapter);

        algorithmInput.setAdapter(algorithmAdapter);

        periodInput.setText(String.format(Locale.US, ""%d"", TokenCalculator.TOTP_DEFAULT_PERIOD));
        digitsInput.setText(String.format(Locale.US, ""%d"", TokenCalculator.TOTP_DEFAULT_DIGITS));

        typeInput.setOnItemSelectedListener(new AdapterView.OnItemSelectedListener() {
            @Override
            public void onItemSelected(AdapterView<?> adapterView, View view, int i, long l) {
                Entry.OTPType type = (Entry.OTPType) adapterView.getSelectedItem();

                if (type == Entry.OTPType.STEAM) {
                    digitsInput.setText(String.format(Locale.US, ""%d"", TokenCalculator.STEAM_DEFAULT_DIGITS));
                    periodInput.setText(String.format(Locale.US, ""%d"", TokenCalculator.TOTP_DEFAULT_PERIOD));
                    algorithmInput.setSelection(algorithmAdapter.getPosition(TokenCalculator.HashAlgorithm.SHA1));

                    digitsInput.setEnabled(false);
                    periodInput.setEnabled(false);
                    algorithmInput.setEnabled(false);
                } else {
                    digitsInput.setText(String.format(Locale.US, ""%d"", TokenCalculator.TOTP_DEFAULT_DIGITS));
                    digitsInput.setEnabled(true);
                    periodInput.setEnabled(true);
                    algorithmInput.setEnabled(true);
                }
            }

            @Override
            public void onNothingSelected(AdapterView<?> adapterView) {

            }
        });

        List<String> allTags = adapter.getTags();
        HashMap<String, Boolean> tagsHashMap = new HashMap<>();
        for(String tag: allTags) {
            tagsHashMap.put(tag, false);
        }
        final TagsAdapter tagsAdapter = new TagsAdapter(callingActivity, tagsHashMap);

        final Callable tagsCallable = new Callable() {
            @Override
            public Object call() throws Exception {
                List<String> selectedTags = tagsAdapter.getActiveTags();
                StringBuilder stringBuilder = new StringBuilder();
                for(int j = 0; j < selectedTags.size(); j++) {
                    stringBuilder.append(selectedTags.get(j));
                    if(j < selectedTags.size() - 1) {
                        stringBuilder.append("", "");
                    }
                }
                tagsInput.setText(stringBuilder.toString());
                return null;
            }
        };

        tagsInput.setOnClickListener(new View.OnClickListener() {
            @Override
            public void onClick(View view) {
                TagsDialog.show(callingActivity, tagsAdapter, tagsCallable, tagsCallable);
            }
        });

        final Button expandButton = inputView.findViewById(R.id.dialog_expand_button);
        final ExpandableLinearLayout expandLayout = inputView.findViewById(R.id.dialog_expand_layout);

        expandButton.setOnClickListener(new View.OnClickListener() {
            @Override
            public void onClick(View view) {
                expandLayout.toggle();
            }
        });

        expandLayout.setListener(new ExpandableLayoutListenerAdapter() {
            @Override
            public void onOpened() {
                super.onOpened();
                expandButton.setCompoundDrawablesRelativeWithIntrinsicBounds(0, 0, R.drawable.ic_arrow_up_accent, 0);
            }

            @Override
            public void onClosed() {
                super.onClosed();
                expandButton.setCompoundDrawablesRelativeWithIntrinsicBounds(0, 0, R.drawable.ic_arrow_down_accent, 0);
            }
        });

        AlertDialog.Builder builder = new AlertDialog.Builder(callingActivity);
        builder.setTitle(R.string.dialog_title_manual_entry)
                .setView(inputView)
                .setPositiveButton(R.string.button_save, new DialogInterface.OnClickListener() {
                    @Override
                    public void onClick(DialogInterface dialogInterface, int i) {
                        Entry.OTPType type = (Entry.OTPType) typeInput.getSelectedItem();
                        TokenCalculator.HashAlgorithm algorithm = (TokenCalculator.HashAlgorithm) algorithmInput.getSelectedItem();

                        if (type == Entry.OTPType.TOTP || type == Entry.OTPType.STEAM) {
                            String label = labelInput.getText().toString();
                            String secret = secretInput.getText().toString();
                            int period = Integer.parseInt(periodInput.getText().toString());
                            int digits = Integer.parseInt(digitsInput.getText().toString());

                            Entry e = new Entry(type, secret, period, digits, label, algorithm, tagsAdapter.getActiveTags());
                            e.updateOTP();
                            adapter.addEntry(e);
                            adapter.saveEntries();

                            callingActivity.refreshTags();
                        }
                    }
                })
                .setNegativeButton(android.R.string.cancel, new DialogInterface.OnClickListener() {
                    @Override
                    public void onClick(DialogInterface dialogInterface, int i) {}
                });

        AlertDialog dialog = builder.create();
        dialog.show();

        final Button positiveButton = dialog.getButton(AlertDialog.BUTTON_POSITIVE);
        positiveButton.setEnabled(false);

        TextWatcher watcher = new TextWatcher() {
            @Override
            public void beforeTextChanged(CharSequence charSequence, int i, int i1, int i2) {
            }

            @Override
            public void onTextChanged(CharSequence charSequence, int i, int i1, int i2) {
            }

            @Override
            public void afterTextChanged(Editable editable) {
                >>> [ INFILL ] <<<
                    positiveButton.setEnabled(false);
                } else {
                    positiveButton.setEnabled(true);
                }
            }
        };

        labelInput.addTextChangedListener(watcher);
        secretInput.addTextChangedListener(watcher);
        >>> [ INFILL ] <<<
    }",,,,,,,,,,,,1,5,6,1,1
bug-1213-setupForPasswordInput,bug-1213-setupForPasswordInput/app/src/main/java/org/shadowice/flocke/andotp/Activities/IntroScreenActivity.java,"Added a utility for setting input/confirmation password transformation since it's used in multiple places. Converted all views that have a password confirmation to use this utility, so that show/obscure password toggle state is shared between input and confirm.

Tests performed to verify changes:

Tested inputting password/PIN in initial intro activity (IntroScreenActivity)
Tested changing password/PIN for ""Authentication"" preference in Settings (CredentialsPreference)
Tested inputting password/PIN for encrypted backup/restore (PasswordEntryDialog)
Tested setting password for ""Backup Password"" preference in Settings (PasswordEncryptedPreference)","                private void setupForPasswordInput() {
                    credentialsLayout.setVisibility(View.VISIBLE);

                    passwordLayout.setHint(getString(R.string.settings_hint_password));
                    passwordConfirm.setHint(R.string.settings_hint_password_confirm);

                    passwordInput.setInputType(InputType.TYPE_CLASS_TEXT | InputType.TYPE_TEXT_VARIATION_PASSWORD);
                    passwordConfirm.setInputType(InputType.TYPE_CLASS_TEXT | InputType.TYPE_TEXT_VARIATION_PASSWORD);

                    setPasswordTransformationMethod();

                    minLength = Constants.AUTH_MIN_PASSWORD_LENGTH;
                    lengthWarning = getString(R.string.settings_label_short_password, minLength);
                    noPasswordWarning = getString(R.string.intro_slide3_warn_no_password);
                    confirmPasswordWarning = getString(R.string.intro_slide3_warn_confirm_password);

                    focusOnPasswordInput();
                }","                private void setupForPasswordInput() {
                    credentialsLayout.setVisibility(View.VISIBLE);

                    passwordLayout.setHint(getString(R.string.settings_hint_password));
                    passwordConfirm.setHint(R.string.settings_hint_password_confirm);

                    passwordInput.setInputType(InputType.TYPE_CLASS_TEXT | InputType.TYPE_TEXT_VARIATION_PASSWORD);
                    passwordConfirm.setInputType(InputType.TYPE_CLASS_TEXT | InputType.TYPE_TEXT_VARIATION_PASSWORD);

                    ConfirmedPasswordTransformationHelper.setup(passwordLayout, passwordInput, passwordConfirm);

                    minLength = Constants.AUTH_MIN_PASSWORD_LENGTH;
                    lengthWarning = getString(R.string.settings_label_short_password, minLength);
                    noPasswordWarning = getString(R.string.intro_slide3_warn_no_password);
                    confirmPasswordWarning = getString(R.string.intro_slide3_warn_confirm_password);

                    focusOnPasswordInput();
                }","                private void setupForPasswordInput() {
                    credentialsLayout.setVisibility(View.VISIBLE);

                    passwordLayout.setHint(getString(R.string.settings_hint_password));
                    passwordConfirm.setHint(R.string.settings_hint_password_confirm);

                    passwordInput.setInputType(InputType.TYPE_CLASS_TEXT | InputType.TYPE_TEXT_VARIATION_PASSWORD);
                    passwordConfirm.setInputType(InputType.TYPE_CLASS_TEXT | InputType.TYPE_TEXT_VARIATION_PASSWORD);

-                   setPasswordTransformationMethod();
+                  ConfirmedPasswordTransformationHelper.setup(passwordLayout, passwordInput, passwordConfirm);

                    minLength = Constants.AUTH_MIN_PASSWORD_LENGTH;
                    lengthWarning = getString(R.string.settings_label_short_password, minLength);
                    noPasswordWarning = getString(R.string.intro_slide3_warn_no_password);
                    confirmPasswordWarning = getString(R.string.intro_slide3_warn_confirm_password);

                    focusOnPasswordInput();
                }","                private void setupForPasswordInput() {
                    credentialsLayout.setVisibility(View.VISIBLE);

                    passwordLayout.setHint(getString(R.string.settings_hint_password));
                    passwordConfirm.setHint(R.string.settings_hint_password_confirm);

                    passwordInput.setInputType(InputType.TYPE_CLASS_TEXT | InputType.TYPE_TEXT_VARIATION_PASSWORD);
                    passwordConfirm.setInputType(InputType.TYPE_CLASS_TEXT | InputType.TYPE_TEXT_VARIATION_PASSWORD);

                    <Chunk_For_Modification>

                    minLength = Constants.AUTH_MIN_PASSWORD_LENGTH;
                    lengthWarning = getString(R.string.settings_label_short_password, minLength);
                    noPasswordWarning = getString(R.string.intro_slide3_warn_no_password);
                    confirmPasswordWarning = getString(R.string.intro_slide3_warn_confirm_password);

                    focusOnPasswordInput();
                }","                private void setupForPasswordInput() {
                    credentialsLayout.setVisibility(View.VISIBLE);

                    passwordLayout.setHint(getString(R.string.settings_hint_password));
                    passwordConfirm.setHint(R.string.settings_hint_password_confirm);

                    passwordInput.setInputType(InputType.TYPE_CLASS_TEXT | InputType.TYPE_TEXT_VARIATION_PASSWORD);
                    passwordConfirm.setInputType(InputType.TYPE_CLASS_TEXT | InputType.TYPE_TEXT_VARIATION_PASSWORD);

                    >>> [ INFILL ] <<<

                    minLength = Constants.AUTH_MIN_PASSWORD_LENGTH;
                    lengthWarning = getString(R.string.settings_label_short_password, minLength);
                    noPasswordWarning = getString(R.string.intro_slide3_warn_no_password);
                    confirmPasswordWarning = getString(R.string.intro_slide3_warn_confirm_password);

                    focusOnPasswordInput();
                }",,,,,,,,,,,,1,1,2,5,4
bug-1213-setupForPinInput,bug-1213-setupForPinInput/app/src/main/java/org/shadowice/flocke/andotp/Activities/IntroScreenActivity.java,"Added a utility for setting input/confirmation password transformation since it's used in multiple places. Converted all views that have a password confirmation to use this utility, so that show/obscure password toggle state is shared between input and confirm.

Tests performed to verify changes:

Tested inputting password/PIN in initial intro activity (IntroScreenActivity)
Tested changing password/PIN for ""Authentication"" preference in Settings (CredentialsPreference)
Tested inputting password/PIN for encrypted backup/restore (PasswordEntryDialog)
Tested setting password for ""Backup Password"" preference in Settings (PasswordEncryptedPreference)","                private void setupForPinInput() {
                    credentialsLayout.setVisibility(View.VISIBLE);

                    passwordLayout.setHint(getString(R.string.settings_hint_pin));
                    passwordConfirm.setHint(R.string.settings_hint_pin_confirm);

                    passwordInput.setInputType(InputType.TYPE_CLASS_NUMBER | InputType.TYPE_NUMBER_VARIATION_PASSWORD);
                    passwordConfirm.setInputType(InputType.TYPE_CLASS_NUMBER | InputType.TYPE_NUMBER_VARIATION_PASSWORD);

                    setPasswordTransformationMethod();

                    minLength = Constants.AUTH_MIN_PIN_LENGTH;
                    lengthWarning = getString(R.string.settings_label_short_pin, minLength);
                    noPasswordWarning = getString(R.string.intro_slide3_warn_no_pin);
                    confirmPasswordWarning = getString(R.string.intro_slide3_warn_confirm_pin);

                    focusOnPasswordInput();
                }","                private void setupForPinInput() {
                    credentialsLayout.setVisibility(View.VISIBLE);

                    passwordLayout.setHint(getString(R.string.settings_hint_pin));
                    passwordConfirm.setHint(R.string.settings_hint_pin_confirm);

                    passwordInput.setInputType(InputType.TYPE_CLASS_NUMBER | InputType.TYPE_NUMBER_VARIATION_PASSWORD);
                    passwordConfirm.setInputType(InputType.TYPE_CLASS_NUMBER | InputType.TYPE_NUMBER_VARIATION_PASSWORD);

                    ConfirmedPasswordTransformationHelper.setup(passwordLayout, passwordInput, passwordConfirm);

                    minLength = Constants.AUTH_MIN_PIN_LENGTH;
                    lengthWarning = getString(R.string.settings_label_short_pin, minLength);
                    noPasswordWarning = getString(R.string.intro_slide3_warn_no_pin);
                    confirmPasswordWarning = getString(R.string.intro_slide3_warn_confirm_pin);

                    focusOnPasswordInput();
                }","                private void setupForPinInput() {
                    credentialsLayout.setVisibility(View.VISIBLE);

                    passwordLayout.setHint(getString(R.string.settings_hint_pin));
                    passwordConfirm.setHint(R.string.settings_hint_pin_confirm);

                    passwordInput.setInputType(InputType.TYPE_CLASS_NUMBER | InputType.TYPE_NUMBER_VARIATION_PASSWORD);
                    passwordConfirm.setInputType(InputType.TYPE_CLASS_NUMBER | InputType.TYPE_NUMBER_VARIATION_PASSWORD);

-                   setPasswordTransformationMethod();
+                  ConfirmedPasswordTransformationHelper.setup(passwordLayout, passwordInput, passwordConfirm);

                    minLength = Constants.AUTH_MIN_PIN_LENGTH;
                    lengthWarning = getString(R.string.settings_label_short_pin, minLength);
                    noPasswordWarning = getString(R.string.intro_slide3_warn_no_pin);
                    confirmPasswordWarning = getString(R.string.intro_slide3_warn_confirm_pin);

                    focusOnPasswordInput();
                }","                private void setupForPinInput() {
                    credentialsLayout.setVisibility(View.VISIBLE);

                    passwordLayout.setHint(getString(R.string.settings_hint_pin));
                    passwordConfirm.setHint(R.string.settings_hint_pin_confirm);

                    passwordInput.setInputType(InputType.TYPE_CLASS_NUMBER | InputType.TYPE_NUMBER_VARIATION_PASSWORD);
                    passwordConfirm.setInputType(InputType.TYPE_CLASS_NUMBER | InputType.TYPE_NUMBER_VARIATION_PASSWORD);

                    <Chunk_For_Modification>

                    minLength = Constants.AUTH_MIN_PIN_LENGTH;
                    lengthWarning = getString(R.string.settings_label_short_pin, minLength);
                    noPasswordWarning = getString(R.string.intro_slide3_warn_no_pin);
                    confirmPasswordWarning = getString(R.string.intro_slide3_warn_confirm_pin);

                    focusOnPasswordInput();
                }","                private void setupForPinInput() {
                    credentialsLayout.setVisibility(View.VISIBLE);

                    passwordLayout.setHint(getString(R.string.settings_hint_pin));
                    passwordConfirm.setHint(R.string.settings_hint_pin_confirm);

                    passwordInput.setInputType(InputType.TYPE_CLASS_NUMBER | InputType.TYPE_NUMBER_VARIATION_PASSWORD);
                    passwordConfirm.setInputType(InputType.TYPE_CLASS_NUMBER | InputType.TYPE_NUMBER_VARIATION_PASSWORD);

                    >>> [ INFILL ] <<<

                    minLength = Constants.AUTH_MIN_PIN_LENGTH;
                    lengthWarning = getString(R.string.settings_label_short_pin, minLength);
                    noPasswordWarning = getString(R.string.intro_slide3_warn_no_pin);
                    confirmPasswordWarning = getString(R.string.intro_slide3_warn_confirm_pin);

                    focusOnPasswordInput();
                }",,,,,,,,,,,,1,1,2,,
bug-1213-PasswordEntryDialog,bug-1213-PasswordEntryDialog/app/src/main/java/org/shadowice/flocke/andotp/Dialogs/PasswordEntryDialog.java,"Added a utility for setting input/confirmation password transformation since it's used in multiple places. Converted all views that have a password confirmation to use this utility, so that show/obscure password toggle state is shared between input and confirm.

Tests performed to verify changes:

Tested inputting password/PIN in initial intro activity (IntroScreenActivity)
Tested changing password/PIN for ""Authentication"" preference in Settings (CredentialsPreference)
Tested inputting password/PIN for encrypted backup/restore (PasswordEntryDialog)
Tested setting password for ""Backup Password"" preference in Settings (PasswordEncryptedPreference)","    public PasswordEntryDialog(Context context, Mode newMode, boolean blockAccessibility, boolean blockAutofill, PasswordEnteredCallback newCallback) {
        super(context, Tools.getThemeResource(context, R.attr.dialogTheme));

        setTitle(R.string.dialog_title_enter_password);
        setContentView(R.layout.dialog_password_entry);

        TextInputLayout passwordLayout = findViewById(R.id.passwordInputLayout);
        passwordInput = findViewById(R.id.passwordInput);
        passwordConfirm = findViewById(R.id.passwordConfirm);

        if (blockAccessibility) {
            passwordLayout.setImportantForAccessibility(View.IMPORTANT_FOR_ACCESSIBILITY_NO_HIDE_DESCENDANTS);
            passwordConfirm.setImportantForAccessibility(View.IMPORTANT_FOR_ACCESSIBILITY_NO);
        }

        if (Build.VERSION.SDK_INT >= Build.VERSION_CODES.O && blockAutofill) {
            passwordLayout.setImportantForAutofill(View.IMPORTANT_FOR_AUTOFILL_NO_EXCLUDE_DESCENDANTS);
            passwordConfirm.setImportantForAutofill(View.IMPORTANT_FOR_AUTOFILL_NO);
        }

        okButton = findViewById(R.id.buttonOk);
        Button cancelButton = findViewById(R.id.buttonCancel);

        okButton.setOnClickListener(this);
        cancelButton.setOnClickListener(this);

        this.callback = newCallback;

        this.dialogMode = newMode;

        if (this.dialogMode == Mode.UPDATE) {
            passwordConfirm.setVisibility(View.VISIBLE);
            passwordInput.addTextChangedListener(this);
            passwordConfirm.addTextChangedListener(this);
        } else if (this.dialogMode == Mode.ENTER) {
            passwordConfirm.setVisibility(View.GONE);
        }
    }","    public PasswordEntryDialog(Context context, Mode newMode, boolean blockAccessibility, boolean blockAutofill, PasswordEnteredCallback newCallback) {
        super(context, Tools.getThemeResource(context, R.attr.dialogTheme));

        setTitle(R.string.dialog_title_enter_password);
        setContentView(R.layout.dialog_password_entry);

        TextInputLayout passwordLayout = findViewById(R.id.passwordInputLayout);
        passwordInput = findViewById(R.id.passwordInput);
        passwordConfirm = findViewById(R.id.passwordConfirm);
        ConfirmedPasswordTransformationHelper.setup(passwordLayout, passwordInput, passwordConfirm);

        if (blockAccessibility) {
            passwordLayout.setImportantForAccessibility(View.IMPORTANT_FOR_ACCESSIBILITY_NO_HIDE_DESCENDANTS);
            passwordConfirm.setImportantForAccessibility(View.IMPORTANT_FOR_ACCESSIBILITY_NO);
        }

        if (Build.VERSION.SDK_INT >= Build.VERSION_CODES.O && blockAutofill) {
            passwordLayout.setImportantForAutofill(View.IMPORTANT_FOR_AUTOFILL_NO_EXCLUDE_DESCENDANTS);
            passwordConfirm.setImportantForAutofill(View.IMPORTANT_FOR_AUTOFILL_NO);
        }

        okButton = findViewById(R.id.buttonOk);
        Button cancelButton = findViewById(R.id.buttonCancel);

        okButton.setOnClickListener(this);
        cancelButton.setOnClickListener(this);

        this.callback = newCallback;

        this.dialogMode = newMode;

        if (this.dialogMode == Mode.UPDATE) {
            passwordConfirm.setVisibility(View.VISIBLE);
            passwordInput.addTextChangedListener(this);
            passwordConfirm.addTextChangedListener(this);
        } else if (this.dialogMode == Mode.ENTER) {
            passwordConfirm.setVisibility(View.GONE);
        }
    }","    public PasswordEntryDialog(Context context, Mode newMode, boolean blockAccessibility, boolean blockAutofill, PasswordEnteredCallback newCallback) {
        super(context, Tools.getThemeResource(context, R.attr.dialogTheme));

        setTitle(R.string.dialog_title_enter_password);
        setContentView(R.layout.dialog_password_entry);

        TextInputLayout passwordLayout = findViewById(R.id.passwordInputLayout);
        passwordInput = findViewById(R.id.passwordInput);
        passwordConfirm = findViewById(R.id.passwordConfirm);
+      ConfirmedPasswordTransformationHelper.setup(passwordLayout, passwordInput, passwordConfirm);

        if (blockAccessibility) {
            passwordLayout.setImportantForAccessibility(View.IMPORTANT_FOR_ACCESSIBILITY_NO_HIDE_DESCENDANTS);
            passwordConfirm.setImportantForAccessibility(View.IMPORTANT_FOR_ACCESSIBILITY_NO);
        }

        if (Build.VERSION.SDK_INT >= Build.VERSION_CODES.O && blockAutofill) {
            passwordLayout.setImportantForAutofill(View.IMPORTANT_FOR_AUTOFILL_NO_EXCLUDE_DESCENDANTS);
            passwordConfirm.setImportantForAutofill(View.IMPORTANT_FOR_AUTOFILL_NO);
        }

        okButton = findViewById(R.id.buttonOk);
        Button cancelButton = findViewById(R.id.buttonCancel);

        okButton.setOnClickListener(this);
        cancelButton.setOnClickListener(this);

        this.callback = newCallback;

        this.dialogMode = newMode;

        if (this.dialogMode == Mode.UPDATE) {
            passwordConfirm.setVisibility(View.VISIBLE);
            passwordInput.addTextChangedListener(this);
            passwordConfirm.addTextChangedListener(this);
        } else if (this.dialogMode == Mode.ENTER) {
            passwordConfirm.setVisibility(View.GONE);
        }
    }","    public PasswordEntryDialog(Context context, Mode newMode, boolean blockAccessibility, boolean blockAutofill, PasswordEnteredCallback newCallback) {
        super(context, Tools.getThemeResource(context, R.attr.dialogTheme));

        setTitle(R.string.dialog_title_enter_password);
        setContentView(R.layout.dialog_password_entry);

        TextInputLayout passwordLayout = findViewById(R.id.passwordInputLayout);
        passwordInput = findViewById(R.id.passwordInput);
        passwordConfirm = findViewById(R.id.passwordConfirm);
        <Chunk_For_Modification>

        if (blockAccessibility) {
            passwordLayout.setImportantForAccessibility(View.IMPORTANT_FOR_ACCESSIBILITY_NO_HIDE_DESCENDANTS);
            passwordConfirm.setImportantForAccessibility(View.IMPORTANT_FOR_ACCESSIBILITY_NO);
        }

        if (Build.VERSION.SDK_INT >= Build.VERSION_CODES.O && blockAutofill) {
            passwordLayout.setImportantForAutofill(View.IMPORTANT_FOR_AUTOFILL_NO_EXCLUDE_DESCENDANTS);
            passwordConfirm.setImportantForAutofill(View.IMPORTANT_FOR_AUTOFILL_NO);
        }

        okButton = findViewById(R.id.buttonOk);
        Button cancelButton = findViewById(R.id.buttonCancel);

        okButton.setOnClickListener(this);
        cancelButton.setOnClickListener(this);

        this.callback = newCallback;

        this.dialogMode = newMode;

        if (this.dialogMode == Mode.UPDATE) {
            passwordConfirm.setVisibility(View.VISIBLE);
            passwordInput.addTextChangedListener(this);
            passwordConfirm.addTextChangedListener(this);
        } else if (this.dialogMode == Mode.ENTER) {
            passwordConfirm.setVisibility(View.GONE);
        }
    }","    public PasswordEntryDialog(Context context, Mode newMode, boolean blockAccessibility, boolean blockAutofill, PasswordEnteredCallback newCallback) {
        super(context, Tools.getThemeResource(context, R.attr.dialogTheme));

        setTitle(R.string.dialog_title_enter_password);
        setContentView(R.layout.dialog_password_entry);

        TextInputLayout passwordLayout = findViewById(R.id.passwordInputLayout);
        passwordInput = findViewById(R.id.passwordInput);
        passwordConfirm = findViewById(R.id.passwordConfirm);
        >>> [ INFILL ] <<<

        if (blockAccessibility) {
            passwordLayout.setImportantForAccessibility(View.IMPORTANT_FOR_ACCESSIBILITY_NO_HIDE_DESCENDANTS);
            passwordConfirm.setImportantForAccessibility(View.IMPORTANT_FOR_ACCESSIBILITY_NO);
        }

        if (Build.VERSION.SDK_INT >= Build.VERSION_CODES.O && blockAutofill) {
            passwordLayout.setImportantForAutofill(View.IMPORTANT_FOR_AUTOFILL_NO_EXCLUDE_DESCENDANTS);
            passwordConfirm.setImportantForAutofill(View.IMPORTANT_FOR_AUTOFILL_NO);
        }

        okButton = findViewById(R.id.buttonOk);
        Button cancelButton = findViewById(R.id.buttonCancel);

        okButton.setOnClickListener(this);
        cancelButton.setOnClickListener(this);

        this.callback = newCallback;

        this.dialogMode = newMode;

        if (this.dialogMode == Mode.UPDATE) {
            passwordConfirm.setVisibility(View.VISIBLE);
            passwordInput.addTextChangedListener(this);
            passwordConfirm.addTextChangedListener(this);
        } else if (this.dialogMode == Mode.ENTER) {
            passwordConfirm.setVisibility(View.GONE);
        }
    }",,,,,,,,,,,,0,1,1,,
bug-1213-updateLayout,bug-1213-updateLayout/app/src/main/java/org/shadowice/flocke/andotp/Preferences/CredentialsPreference.java,"Added a utility for setting input/confirmation password transformation since it's used in multiple places. Converted all views that have a password confirmation to use this utility, so that show/obscure password toggle state is shared between input and confirm.

Tests performed to verify changes:

Tested inputting password/PIN in initial intro activity (IntroScreenActivity)
Tested changing password/PIN for ""Authentication"" preference in Settings (CredentialsPreference)
Tested inputting password/PIN for encrypted backup/restore (PasswordEntryDialog)
Tested setting password for ""Backup Password"" preference in Settings (PasswordEncryptedPreference)","    private void updateLayout() {
        if (value == AuthMethod.NONE) {
            credentialsLayout.setVisibility(View.GONE);

            if (getDialog() != null)
                UIHelper.hideKeyboard(getContext(), getDialog().getCurrentFocus());

            btnSave.setEnabled(true);
        } else if (value == AuthMethod.PASSWORD) {
            credentialsLayout.setVisibility(View.VISIBLE);

            passwordLayout.setHint(getContext().getString(R.string.settings_hint_password));
            passwordConfirm.setHint(R.string.settings_hint_password_confirm);

            passwordInput.setInputType(InputType.TYPE_CLASS_TEXT | InputType.TYPE_TEXT_VARIATION_PASSWORD);
            passwordConfirm.setInputType(InputType.TYPE_CLASS_TEXT | InputType.TYPE_TEXT_VARIATION_PASSWORD);

            passwordInput.setTransformationMethod(new PasswordTransformationMethod());
            passwordConfirm.setTransformationMethod(new PasswordTransformationMethod());

            minLength = Constants.AUTH_MIN_PASSWORD_LENGTH;
            toShortWarning.setText(getContext().getString(R.string.settings_label_short_password, minLength));

            passwordInput.requestFocus();
            UIHelper.showKeyboard(getContext(), passwordInput);

            btnSave.setEnabled(false);
        } else if (value == AuthMethod.PIN) {
            credentialsLayout.setVisibility(View.VISIBLE);

            passwordLayout.setHint(getContext().getString(R.string.settings_hint_pin));
            passwordConfirm.setHint(R.string.settings_hint_pin_confirm);

            passwordInput.setInputType(InputType.TYPE_CLASS_NUMBER | InputType.TYPE_NUMBER_VARIATION_PASSWORD);
            passwordConfirm.setInputType(InputType.TYPE_CLASS_NUMBER | InputType.TYPE_NUMBER_VARIATION_PASSWORD);

            passwordInput.setTransformationMethod(new PasswordTransformationMethod());
            passwordConfirm.setTransformationMethod(new PasswordTransformationMethod());

            minLength = Constants.AUTH_MIN_PIN_LENGTH;
            toShortWarning.setText(getContext().getString(R.string.settings_label_short_pin, minLength));

            passwordInput.requestFocus();
            UIHelper.showKeyboard(getContext(), passwordInput);

            btnSave.setEnabled(false);
        } else if (value == AuthMethod.DEVICE) {
            credentialsLayout.setVisibility(View.GONE);

            if (getDialog() != null)
                UIHelper.hideKeyboard(getContext(), getDialog().getCurrentFocus());

            btnSave.setEnabled(true);
        }
    }","    private void updateLayout() {
        if (value == AuthMethod.NONE) {
            credentialsLayout.setVisibility(View.GONE);

            if (getDialog() != null)
                UIHelper.hideKeyboard(getContext(), getDialog().getCurrentFocus());

            btnSave.setEnabled(true);
        } else if (value == AuthMethod.PASSWORD) {
            credentialsLayout.setVisibility(View.VISIBLE);

            passwordLayout.setHint(getContext().getString(R.string.settings_hint_password));
            passwordConfirm.setHint(R.string.settings_hint_password_confirm);

            ConfirmedPasswordTransformationHelper.setup(passwordLayout, passwordInput, passwordConfirm);

            passwordInput.setTransformationMethod(new PasswordTransformationMethod());
            passwordConfirm.setTransformationMethod(new PasswordTransformationMethod());

            minLength = Constants.AUTH_MIN_PASSWORD_LENGTH;
            toShortWarning.setText(getContext().getString(R.string.settings_label_short_password, minLength));

            passwordInput.requestFocus();
            UIHelper.showKeyboard(getContext(), passwordInput);

            btnSave.setEnabled(false);
        } else if (value == AuthMethod.PIN) {
            credentialsLayout.setVisibility(View.VISIBLE);

            passwordLayout.setHint(getContext().getString(R.string.settings_hint_pin));
            passwordConfirm.setHint(R.string.settings_hint_pin_confirm);

            passwordInput.setInputType(InputType.TYPE_CLASS_NUMBER | InputType.TYPE_NUMBER_VARIATION_PASSWORD);
            passwordConfirm.setInputType(InputType.TYPE_CLASS_NUMBER | InputType.TYPE_NUMBER_VARIATION_PASSWORD);

            ConfirmedPasswordTransformationHelper.setup(passwordLayout, passwordInput, passwordConfirm);

            minLength = Constants.AUTH_MIN_PIN_LENGTH;
            toShortWarning.setText(getContext().getString(R.string.settings_label_short_pin, minLength));

            passwordInput.requestFocus();
            UIHelper.showKeyboard(getContext(), passwordInput);

            btnSave.setEnabled(false);
        } else if (value == AuthMethod.DEVICE) {
            credentialsLayout.setVisibility(View.GONE);

            if (getDialog() != null)
                UIHelper.hideKeyboard(getContext(), getDialog().getCurrentFocus());

            btnSave.setEnabled(true);
        }
    }","    private void updateLayout() {
        if (value == AuthMethod.NONE) {
            credentialsLayout.setVisibility(View.GONE);

            if (getDialog() != null)
                UIHelper.hideKeyboard(getContext(), getDialog().getCurrentFocus());

            btnSave.setEnabled(true);
        } else if (value == AuthMethod.PASSWORD) {
            credentialsLayout.setVisibility(View.VISIBLE);

            passwordLayout.setHint(getContext().getString(R.string.settings_hint_password));
            passwordConfirm.setHint(R.string.settings_hint_password_confirm);

-           passwordInput.setInputType(InputType.TYPE_CLASS_TEXT | InputType.TYPE_TEXT_VARIATION_PASSWORD);
-           passwordConfirm.setInputType(InputType.TYPE_CLASS_TEXT | InputType.TYPE_TEXT_VARIATION_PASSWORD);
+          ConfirmedPasswordTransformationHelper.setup(passwordLayout, passwordInput, passwordConfirm);

            passwordInput.setTransformationMethod(new PasswordTransformationMethod());
            passwordConfirm.setTransformationMethod(new PasswordTransformationMethod());

            minLength = Constants.AUTH_MIN_PASSWORD_LENGTH;
            toShortWarning.setText(getContext().getString(R.string.settings_label_short_password, minLength));

            passwordInput.requestFocus();
            UIHelper.showKeyboard(getContext(), passwordInput);

            btnSave.setEnabled(false);
        } else if (value == AuthMethod.PIN) {
            credentialsLayout.setVisibility(View.VISIBLE);

            passwordLayout.setHint(getContext().getString(R.string.settings_hint_pin));
            passwordConfirm.setHint(R.string.settings_hint_pin_confirm);

            passwordInput.setInputType(InputType.TYPE_CLASS_NUMBER | InputType.TYPE_NUMBER_VARIATION_PASSWORD);
            passwordConfirm.setInputType(InputType.TYPE_CLASS_NUMBER | InputType.TYPE_NUMBER_VARIATION_PASSWORD);

-           passwordInput.setTransformationMethod(new PasswordTransformationMethod());
-           passwordConfirm.setTransformationMethod(new PasswordTransformationMethod());
+          ConfirmedPasswordTransformationHelper.setup(passwordLayout, passwordInput, passwordConfirm);

            minLength = Constants.AUTH_MIN_PIN_LENGTH;
            toShortWarning.setText(getContext().getString(R.string.settings_label_short_pin, minLength));

            passwordInput.requestFocus();
            UIHelper.showKeyboard(getContext(), passwordInput);

            btnSave.setEnabled(false);
        } else if (value == AuthMethod.DEVICE) {
            credentialsLayout.setVisibility(View.GONE);

            if (getDialog() != null)
                UIHelper.hideKeyboard(getContext(), getDialog().getCurrentFocus());

            btnSave.setEnabled(true);
        }
    }","    private void updateLayout() {
        if (value == AuthMethod.NONE) {
            credentialsLayout.setVisibility(View.GONE);

            if (getDialog() != null)
                UIHelper.hideKeyboard(getContext(), getDialog().getCurrentFocus());

            btnSave.setEnabled(true);
        } else if (value == AuthMethod.PASSWORD) {
            credentialsLayout.setVisibility(View.VISIBLE);

            passwordLayout.setHint(getContext().getString(R.string.settings_hint_password));
            passwordConfirm.setHint(R.string.settings_hint_password_confirm);

            <Chunk_For_Modification>

            passwordInput.setTransformationMethod(new PasswordTransformationMethod());
            passwordConfirm.setTransformationMethod(new PasswordTransformationMethod());

            minLength = Constants.AUTH_MIN_PASSWORD_LENGTH;
            toShortWarning.setText(getContext().getString(R.string.settings_label_short_password, minLength));

            passwordInput.requestFocus();
            UIHelper.showKeyboard(getContext(), passwordInput);

            btnSave.setEnabled(false);
        } else if (value == AuthMethod.PIN) {
            credentialsLayout.setVisibility(View.VISIBLE);

            passwordLayout.setHint(getContext().getString(R.string.settings_hint_pin));
            passwordConfirm.setHint(R.string.settings_hint_pin_confirm);

            passwordInput.setInputType(InputType.TYPE_CLASS_NUMBER | InputType.TYPE_NUMBER_VARIATION_PASSWORD);
            passwordConfirm.setInputType(InputType.TYPE_CLASS_NUMBER | InputType.TYPE_NUMBER_VARIATION_PASSWORD);

            <Chunk_For_Modification>

            minLength = Constants.AUTH_MIN_PIN_LENGTH;
            toShortWarning.setText(getContext().getString(R.string.settings_label_short_pin, minLength));

            passwordInput.requestFocus();
            UIHelper.showKeyboard(getContext(), passwordInput);

            btnSave.setEnabled(false);
        } else if (value == AuthMethod.DEVICE) {
            credentialsLayout.setVisibility(View.GONE);

            if (getDialog() != null)
                UIHelper.hideKeyboard(getContext(), getDialog().getCurrentFocus());

            btnSave.setEnabled(true);
        }
    }","    private void updateLayout() {
        if (value == AuthMethod.NONE) {
            credentialsLayout.setVisibility(View.GONE);

            if (getDialog() != null)
                UIHelper.hideKeyboard(getContext(), getDialog().getCurrentFocus());

            btnSave.setEnabled(true);
        } else if (value == AuthMethod.PASSWORD) {
            credentialsLayout.setVisibility(View.VISIBLE);

            passwordLayout.setHint(getContext().getString(R.string.settings_hint_password));
            passwordConfirm.setHint(R.string.settings_hint_password_confirm);

            >>> [ INFILL ] <<<

            passwordInput.setTransformationMethod(new PasswordTransformationMethod());
            passwordConfirm.setTransformationMethod(new PasswordTransformationMethod());

            minLength = Constants.AUTH_MIN_PASSWORD_LENGTH;
            toShortWarning.setText(getContext().getString(R.string.settings_label_short_password, minLength));

            passwordInput.requestFocus();
            UIHelper.showKeyboard(getContext(), passwordInput);

            btnSave.setEnabled(false);
        } else if (value == AuthMethod.PIN) {
            credentialsLayout.setVisibility(View.VISIBLE);

            passwordLayout.setHint(getContext().getString(R.string.settings_hint_pin));
            passwordConfirm.setHint(R.string.settings_hint_pin_confirm);

            passwordInput.setInputType(InputType.TYPE_CLASS_NUMBER | InputType.TYPE_NUMBER_VARIATION_PASSWORD);
            passwordConfirm.setInputType(InputType.TYPE_CLASS_NUMBER | InputType.TYPE_NUMBER_VARIATION_PASSWORD);

            >>> [ INFILL ] <<<

            minLength = Constants.AUTH_MIN_PIN_LENGTH;
            toShortWarning.setText(getContext().getString(R.string.settings_label_short_pin, minLength));

            passwordInput.requestFocus();
            UIHelper.showKeyboard(getContext(), passwordInput);

            btnSave.setEnabled(false);
        } else if (value == AuthMethod.DEVICE) {
            credentialsLayout.setVisibility(View.GONE);

            if (getDialog() != null)
                UIHelper.hideKeyboard(getContext(), getDialog().getCurrentFocus());

            btnSave.setEnabled(true);
        }
    }",,,,,,,,,,,,4,2,6,,
bug-1213-onBindDialogView,bug-1213-onBindDialogView/app/src/main/java/org/shadowice/flocke/andotp/Preferences/PasswordEncryptedPreference.java,"Added a utility for setting input/confirmation password transformation since it's used in multiple places. Converted all views that have a password confirmation to use this utility, so that show/obscure password toggle state is shared between input and confirm.

Tests performed to verify changes:

Tested inputting password/PIN in initial intro activity (IntroScreenActivity)
Tested changing password/PIN for ""Authentication"" preference in Settings (CredentialsPreference)
Tested inputting password/PIN for encrypted backup/restore (PasswordEntryDialog)
Tested setting password for ""Backup Password"" preference in Settings (PasswordEncryptedPreference)","    protected void onBindDialogView(View view) {
        Settings settings = new Settings(getContext());

        TextInputLayout passwordLayout = view.findViewById(R.id.passwordLayout);
        passwordInput = view.findViewById(R.id.passwordEdit);
        passwordConfirm = view.findViewById(R.id.passwordConfirm);

        if (settings.getBlockAccessibility()) {
            passwordLayout.setImportantForAccessibility(View.IMPORTANT_FOR_ACCESSIBILITY_NO_HIDE_DESCENDANTS);
            passwordConfirm.setImportantForAccessibility(View.IMPORTANT_FOR_ACCESSIBILITY_NO);
        }

        if (Build.VERSION.SDK_INT >= Build.VERSION_CODES.O && settings.getBlockAutofill()) {
            passwordLayout.setImportantForAutofill(View.IMPORTANT_FOR_AUTOFILL_NO_EXCLUDE_DESCENDANTS);
            passwordConfirm.setImportantForAutofill(View.IMPORTANT_FOR_AUTOFILL_NO);
        }

        Button btnCancel = view.findViewById(R.id.btnCancel);
        btnSave = view.findViewById(R.id.btnSave);
        btnSave.setEnabled(false);

        btnCancel.setOnClickListener(this);
        btnSave.setOnClickListener(this);

        if (! value.isEmpty()) {
            passwordInput.setText(value);
        }

        if (mode == Mode.PASSWORD) {
            passwordLayout.setHint(getContext().getString(R.string.settings_hint_password));
            passwordConfirm.setHint(R.string.settings_hint_password_confirm);

            passwordInput.setInputType(InputType.TYPE_CLASS_TEXT | InputType.TYPE_TEXT_VARIATION_PASSWORD);
            passwordConfirm.setInputType(InputType.TYPE_CLASS_TEXT | InputType.TYPE_TEXT_VARIATION_PASSWORD);
        } else if (mode == Mode.PIN) {
            passwordLayout.setHint(getContext().getString(R.string.settings_hint_pin));
            passwordConfirm.setHint(R.string.settings_hint_pin_confirm);

            passwordInput.setInputType(InputType.TYPE_CLASS_NUMBER | InputType.TYPE_NUMBER_VARIATION_PASSWORD);
            passwordConfirm.setInputType(InputType.TYPE_CLASS_NUMBER | InputType.TYPE_NUMBER_VARIATION_PASSWORD);
        }

        passwordInput.setTransformationMethod(new PasswordTransformationMethod());
        passwordConfirm.setTransformationMethod(new PasswordTransformationMethod());

        passwordConfirm.addTextChangedListener(this);
        passwordInput.addTextChangedListener(this);

        super.onBindDialogView(view);
    }","    protected void onBindDialogView(View view) {
        Settings settings = new Settings(getContext());

        TextInputLayout passwordLayout = view.findViewById(R.id.passwordLayout);
        passwordInput = view.findViewById(R.id.passwordEdit);
        passwordConfirm = view.findViewById(R.id.passwordConfirm);

        if (settings.getBlockAccessibility()) {
            passwordLayout.setImportantForAccessibility(View.IMPORTANT_FOR_ACCESSIBILITY_NO_HIDE_DESCENDANTS);
            passwordConfirm.setImportantForAccessibility(View.IMPORTANT_FOR_ACCESSIBILITY_NO);
        }

        if (Build.VERSION.SDK_INT >= Build.VERSION_CODES.O && settings.getBlockAutofill()) {
            passwordLayout.setImportantForAutofill(View.IMPORTANT_FOR_AUTOFILL_NO_EXCLUDE_DESCENDANTS);
            passwordConfirm.setImportantForAutofill(View.IMPORTANT_FOR_AUTOFILL_NO);
        }

        Button btnCancel = view.findViewById(R.id.btnCancel);
        btnSave = view.findViewById(R.id.btnSave);
        btnSave.setEnabled(false);

        btnCancel.setOnClickListener(this);
        btnSave.setOnClickListener(this);

        if (! value.isEmpty()) {
            passwordInput.setText(value);
        }

        if (mode == Mode.PASSWORD) {
            passwordLayout.setHint(getContext().getString(R.string.settings_hint_password));
            passwordConfirm.setHint(R.string.settings_hint_password_confirm);

            passwordInput.setInputType(InputType.TYPE_CLASS_TEXT | InputType.TYPE_TEXT_VARIATION_PASSWORD);
            passwordConfirm.setInputType(InputType.TYPE_CLASS_TEXT | InputType.TYPE_TEXT_VARIATION_PASSWORD);
        } else if (mode == Mode.PIN) {
            passwordLayout.setHint(getContext().getString(R.string.settings_hint_pin));
            passwordConfirm.setHint(R.string.settings_hint_pin_confirm);

            passwordInput.setInputType(InputType.TYPE_CLASS_NUMBER | InputType.TYPE_NUMBER_VARIATION_PASSWORD);
            passwordConfirm.setInputType(InputType.TYPE_CLASS_NUMBER | InputType.TYPE_NUMBER_VARIATION_PASSWORD);
        }

        ConfirmedPasswordTransformationHelper.setup(passwordLayout, passwordInput, passwordConfirm);

        passwordConfirm.addTextChangedListener(this);
        passwordInput.addTextChangedListener(this);

        super.onBindDialogView(view);
    }","    protected void onBindDialogView(View view) {
        Settings settings = new Settings(getContext());

        TextInputLayout passwordLayout = view.findViewById(R.id.passwordLayout);
        passwordInput = view.findViewById(R.id.passwordEdit);
        passwordConfirm = view.findViewById(R.id.passwordConfirm);

        if (settings.getBlockAccessibility()) {
            passwordLayout.setImportantForAccessibility(View.IMPORTANT_FOR_ACCESSIBILITY_NO_HIDE_DESCENDANTS);
            passwordConfirm.setImportantForAccessibility(View.IMPORTANT_FOR_ACCESSIBILITY_NO);
        }

        if (Build.VERSION.SDK_INT >= Build.VERSION_CODES.O && settings.getBlockAutofill()) {
            passwordLayout.setImportantForAutofill(View.IMPORTANT_FOR_AUTOFILL_NO_EXCLUDE_DESCENDANTS);
            passwordConfirm.setImportantForAutofill(View.IMPORTANT_FOR_AUTOFILL_NO);
        }

        Button btnCancel = view.findViewById(R.id.btnCancel);
        btnSave = view.findViewById(R.id.btnSave);
        btnSave.setEnabled(false);

        btnCancel.setOnClickListener(this);
        btnSave.setOnClickListener(this);

        if (! value.isEmpty()) {
            passwordInput.setText(value);
        }

        if (mode == Mode.PASSWORD) {
            passwordLayout.setHint(getContext().getString(R.string.settings_hint_password));
            passwordConfirm.setHint(R.string.settings_hint_password_confirm);

            passwordInput.setInputType(InputType.TYPE_CLASS_TEXT | InputType.TYPE_TEXT_VARIATION_PASSWORD);
            passwordConfirm.setInputType(InputType.TYPE_CLASS_TEXT | InputType.TYPE_TEXT_VARIATION_PASSWORD);
        } else if (mode == Mode.PIN) {
            passwordLayout.setHint(getContext().getString(R.string.settings_hint_pin));
            passwordConfirm.setHint(R.string.settings_hint_pin_confirm);

            passwordInput.setInputType(InputType.TYPE_CLASS_NUMBER | InputType.TYPE_NUMBER_VARIATION_PASSWORD);
            passwordConfirm.setInputType(InputType.TYPE_CLASS_NUMBER | InputType.TYPE_NUMBER_VARIATION_PASSWORD);
        }

-       passwordInput.setTransformationMethod(new PasswordTransformationMethod());
-       passwordConfirm.setTransformationMethod(new PasswordTransformationMethod());
+      ConfirmedPasswordTransformationHelper.setup(passwordLayout, passwordInput, passwordConfirm);

        passwordConfirm.addTextChangedListener(this);
        passwordInput.addTextChangedListener(this);

        super.onBindDialogView(view);
    }","    protected void onBindDialogView(View view) {
        Settings settings = new Settings(getContext());

        TextInputLayout passwordLayout = view.findViewById(R.id.passwordLayout);
        passwordInput = view.findViewById(R.id.passwordEdit);
        passwordConfirm = view.findViewById(R.id.passwordConfirm);

        if (settings.getBlockAccessibility()) {
            passwordLayout.setImportantForAccessibility(View.IMPORTANT_FOR_ACCESSIBILITY_NO_HIDE_DESCENDANTS);
            passwordConfirm.setImportantForAccessibility(View.IMPORTANT_FOR_ACCESSIBILITY_NO);
        }

        if (Build.VERSION.SDK_INT >= Build.VERSION_CODES.O && settings.getBlockAutofill()) {
            passwordLayout.setImportantForAutofill(View.IMPORTANT_FOR_AUTOFILL_NO_EXCLUDE_DESCENDANTS);
            passwordConfirm.setImportantForAutofill(View.IMPORTANT_FOR_AUTOFILL_NO);
        }

        Button btnCancel = view.findViewById(R.id.btnCancel);
        btnSave = view.findViewById(R.id.btnSave);
        btnSave.setEnabled(false);

        btnCancel.setOnClickListener(this);
        btnSave.setOnClickListener(this);

        if (! value.isEmpty()) {
            passwordInput.setText(value);
        }

        if (mode == Mode.PASSWORD) {
            passwordLayout.setHint(getContext().getString(R.string.settings_hint_password));
            passwordConfirm.setHint(R.string.settings_hint_password_confirm);

            passwordInput.setInputType(InputType.TYPE_CLASS_TEXT | InputType.TYPE_TEXT_VARIATION_PASSWORD);
            passwordConfirm.setInputType(InputType.TYPE_CLASS_TEXT | InputType.TYPE_TEXT_VARIATION_PASSWORD);
        } else if (mode == Mode.PIN) {
            passwordLayout.setHint(getContext().getString(R.string.settings_hint_pin));
            passwordConfirm.setHint(R.string.settings_hint_pin_confirm);

            passwordInput.setInputType(InputType.TYPE_CLASS_NUMBER | InputType.TYPE_NUMBER_VARIATION_PASSWORD);
            passwordConfirm.setInputType(InputType.TYPE_CLASS_NUMBER | InputType.TYPE_NUMBER_VARIATION_PASSWORD);
        }
        

        <Chunk_For_Modification>

        passwordConfirm.addTextChangedListener(this);
        passwordInput.addTextChangedListener(this);

        super.onBindDialogView(view);
    }","    protected void onBindDialogView(View view) {
        Settings settings = new Settings(getContext());

        TextInputLayout passwordLayout = view.findViewById(R.id.passwordLayout);
        passwordInput = view.findViewById(R.id.passwordEdit);
        passwordConfirm = view.findViewById(R.id.passwordConfirm);

        if (settings.getBlockAccessibility()) {
            passwordLayout.setImportantForAccessibility(View.IMPORTANT_FOR_ACCESSIBILITY_NO_HIDE_DESCENDANTS);
            passwordConfirm.setImportantForAccessibility(View.IMPORTANT_FOR_ACCESSIBILITY_NO);
        }

        if (Build.VERSION.SDK_INT >= Build.VERSION_CODES.O && settings.getBlockAutofill()) {
            passwordLayout.setImportantForAutofill(View.IMPORTANT_FOR_AUTOFILL_NO_EXCLUDE_DESCENDANTS);
            passwordConfirm.setImportantForAutofill(View.IMPORTANT_FOR_AUTOFILL_NO);
        }

        Button btnCancel = view.findViewById(R.id.btnCancel);
        btnSave = view.findViewById(R.id.btnSave);
        btnSave.setEnabled(false);

        btnCancel.setOnClickListener(this);
        btnSave.setOnClickListener(this);

        if (! value.isEmpty()) {
            passwordInput.setText(value);
        }

        if (mode == Mode.PASSWORD) {
            passwordLayout.setHint(getContext().getString(R.string.settings_hint_password));
            passwordConfirm.setHint(R.string.settings_hint_password_confirm);

            passwordInput.setInputType(InputType.TYPE_CLASS_TEXT | InputType.TYPE_TEXT_VARIATION_PASSWORD);
            passwordConfirm.setInputType(InputType.TYPE_CLASS_TEXT | InputType.TYPE_TEXT_VARIATION_PASSWORD);
        } else if (mode == Mode.PIN) {
            passwordLayout.setHint(getContext().getString(R.string.settings_hint_pin));
            passwordConfirm.setHint(R.string.settings_hint_pin_confirm);

            passwordInput.setInputType(InputType.TYPE_CLASS_NUMBER | InputType.TYPE_NUMBER_VARIATION_PASSWORD);
            passwordConfirm.setInputType(InputType.TYPE_CLASS_NUMBER | InputType.TYPE_NUMBER_VARIATION_PASSWORD);
        }
        

        >>> [ INFILL ] <<<

        passwordConfirm.addTextChangedListener(this);
        passwordInput.addTextChangedListener(this);

        super.onBindDialogView(view);
    }",,,,,,,,,,,,2,1,3,,
bug-1214-onCreateView,bug-1214-onCreateView/app/src/main/java/org/shadowice/flocke/andotp/Activities/IntroScreenActivity.java,"General information

App version: master
App source: GitHub
Android Version: API 29
Custom ROM: None (emulator)
Steps to reproduce

Open a fresh installation of the app.
Choose Password/PIN as encryption method.
Enter something into the ""Enter new password"" and ""Confirm password"" fields.
Tap the visibility icon to show password/PIN.
Expected result

What is expected?
When the visibility icon is tapped to show the password/PIN, the confirm field should also show the password/PIN.

Example from Gmail:


What does happen instead?
The confirm password field doesn't show password/PIN.

Logcat

UI issue so no logs, but I've attached a screenshot:","        public View onCreateView(@NonNull LayoutInflater inflater, ViewGroup container,
                                 Bundle savedInstanceState) {
            final View root = inflater.inflate(R.layout.component_intro_authentication, container, false);

            desc = root.findViewById(R.id.introAuthDesc);
            selection = root.findViewById(R.id.introAuthSelection);
            authWarnings = root.findViewById(R.id.introAuthWarnings);
            credentialsLayout = root.findViewById(R.id.introCredentialsLayout);
            passwordLayout = root.findViewById(R.id.introPasswordLayout);
            passwordInput = root.findViewById(R.id.introPasswordEdit);
            passwordConfirm = root.findViewById(R.id.introPasswordConfirm);

            generateSelectionMapping();

            final String[] authEntries = getResources().getStringArray(R.array.settings_entries_auth);
            ArrayAdapter<String> spinnerArrayAdapter = new ArrayAdapter<String>(getIntroActivity(), android.R.layout.simple_spinner_item, authEntries) {
                @Override
                public boolean isEnabled(int position){
                        return encryptionType != Constants.EncryptionType.PASSWORD ||
                                position == selectionMapping.indexOfValue(Constants.AuthMethod.PASSWORD) ||
                                position == selectionMapping.indexOfValue(Constants.AuthMethod.PIN);
                }

                @Override
                public View getDropDownView(int position, View convertView, @NonNull ViewGroup parent) {
                    View view = super.getDropDownView(position, convertView, parent);
                    TextView tv = (TextView) view;

                    tv.setEnabled(encryptionType != Constants.EncryptionType.PASSWORD ||
                            position == selectionMapping.indexOfValue(Constants.AuthMethod.PASSWORD) ||
                            position == selectionMapping.indexOfValue(Constants.AuthMethod.PIN));

                    return view;
                }
            };

            spinnerArrayAdapter.setDropDownViewResource(android.R.layout.simple_spinner_dropdown_item);
            selection.setAdapter(spinnerArrayAdapter);

            selection.setOnItemSelectedListener(new AdapterView.OnItemSelectedListener() {
                @Override
                public void onItemSelected(AdapterView<?> adapterView, View view, int i, long l) {
                    Constants.AuthMethod authMethod = selectionMapping.get(i);

                    if (authMethod == Constants.AuthMethod.PASSWORD) {
                        credentialsLayout.setVisibility(View.VISIBLE);

                        passwordLayout.setHint(getString(R.string.settings_hint_password));
                        passwordConfirm.setHint(R.string.settings_hint_password_confirm);

                        passwordInput.setInputType(InputType.TYPE_CLASS_TEXT | InputType.TYPE_TEXT_VARIATION_PASSWORD);
                        passwordConfirm.setInputType(InputType.TYPE_CLASS_TEXT | InputType.TYPE_TEXT_VARIATION_PASSWORD);

                        passwordInput.setTransformationMethod(new PasswordTransformationMethod());
                        passwordConfirm.setTransformationMethod(new PasswordTransformationMethod());

                        minLength = Constants.AUTH_MIN_PASSWORD_LENGTH;
                        lengthWarning = getString(R.string.settings_label_short_password, minLength);
                        noPasswordWarning = getString(R.string.intro_slide3_warn_no_password);
                        confirmPasswordWarning = getString(R.string.intro_slide3_warn_confirm_password);

                        if (getIntroActivity().getCurrentSlidePosition() == slidePos) {
                            passwordInput.requestFocus();
                            UIHelper.showKeyboard(getContext(), passwordInput);
                        }
                    } else if (authMethod == Constants.AuthMethod.PIN) {
                        credentialsLayout.setVisibility(View.VISIBLE);

                        passwordLayout.setHint(getString(R.string.settings_hint_pin));
                        passwordConfirm.setHint(R.string.settings_hint_pin_confirm);

                        passwordInput.setInputType(InputType.TYPE_CLASS_NUMBER | InputType.TYPE_NUMBER_VARIATION_PASSWORD);
                        passwordConfirm.setInputType(InputType.TYPE_CLASS_NUMBER | InputType.TYPE_NUMBER_VARIATION_PASSWORD);

                        passwordInput.setTransformationMethod(new PasswordTransformationMethod());
                        passwordConfirm.setTransformationMethod(new PasswordTransformationMethod());

                        minLength = Constants.AUTH_MIN_PIN_LENGTH;
                        lengthWarning = getString(R.string.settings_label_short_pin, minLength);
                        noPasswordWarning = getString(R.string.intro_slide3_warn_no_pin);
                        confirmPasswordWarning = getString(R.string.intro_slide3_warn_confirm_pin);

                        if (getIntroActivity().getCurrentSlidePosition() == slidePos) {
                            passwordInput.requestFocus();
                            UIHelper.showKeyboard(getContext(), passwordInput);
                        }

                    } else {
                        credentialsLayout.setVisibility(View.INVISIBLE);

                        UIHelper.hideKeyboard(getIntroActivity(), root);
                    }

                    passwordInput.setText(null);
                    passwordConfirm.setText(null);

                    authWarnings.setVisibility(View.GONE);

                    updateNavigation();



                }

                @Override
                public void onNothingSelected(AdapterView<?> adapterView) {
                }
            });

            TextWatcher textWatcher = new TextWatcher() {
                @Override
                public void onTextChanged(CharSequence charSequence, int i, int i1, int i2) {
                    updateNavigation();
                }

                @Override
                public void beforeTextChanged(CharSequence charSequence, int i, int i1, int i2) {
                }

                @Override
                public void afterTextChanged(Editable editable) {
                }
            };

            passwordInput.addTextChangedListener(textWatcher);
            passwordConfirm.addTextChangedListener(textWatcher);

            selection.setSelection(selectionMapping.indexOfValue(Constants.AuthMethod.PASSWORD));

            return root;
        }","        public View onCreateView(@NonNull LayoutInflater inflater, ViewGroup container,
                                 Bundle savedInstanceState) {
            final View root = inflater.inflate(R.layout.component_intro_authentication, container, false);

            desc = root.findViewById(R.id.introAuthDesc);
            selection = root.findViewById(R.id.introAuthSelection);
            authWarnings = root.findViewById(R.id.introAuthWarnings);
            credentialsLayout = root.findViewById(R.id.introCredentialsLayout);
            passwordLayout = root.findViewById(R.id.introPasswordLayout);
            passwordInput = root.findViewById(R.id.introPasswordEdit);
            passwordConfirm = root.findViewById(R.id.introPasswordConfirm);

            generateSelectionMapping();

            final String[] authEntries = getResources().getStringArray(R.array.settings_entries_auth);
            ArrayAdapter<String> spinnerArrayAdapter = new ArrayAdapter<String>(getIntroActivity(), android.R.layout.simple_spinner_item, authEntries) {
                @Override
                public boolean isEnabled(int position){
                        return encryptionType != Constants.EncryptionType.PASSWORD ||
                                position == selectionMapping.indexOfValue(Constants.AuthMethod.PASSWORD) ||
                                position == selectionMapping.indexOfValue(Constants.AuthMethod.PIN);
                }

                @Override
                public View getDropDownView(int position, View convertView, @NonNull ViewGroup parent) {
                    View view = super.getDropDownView(position, convertView, parent);
                    TextView tv = (TextView) view;

                    tv.setEnabled(encryptionType != Constants.EncryptionType.PASSWORD ||
                            position == selectionMapping.indexOfValue(Constants.AuthMethod.PASSWORD) ||
                            position == selectionMapping.indexOfValue(Constants.AuthMethod.PIN));

                    return view;
                }
            };

            spinnerArrayAdapter.setDropDownViewResource(android.R.layout.simple_spinner_dropdown_item);
            selection.setAdapter(spinnerArrayAdapter);

            selection.setOnItemSelectedListener(new AdapterView.OnItemSelectedListener() {
                @Override
                public void onItemSelected(AdapterView<?> adapterView, View view, int i, long l) {
                    Constants.AuthMethod authMethod = selectionMapping.get(i);

                    if (authMethod == Constants.AuthMethod.PASSWORD) {
                        setupForPasswordInput();
                    } else if (authMethod == Constants.AuthMethod.PIN) {
                        setupForPinInput();
                    } else {
                        credentialsLayout.setVisibility(View.INVISIBLE);
                        UIHelper.hideKeyboard(getIntroActivity(), root);
                    }

                    passwordInput.setText(null);
                    passwordConfirm.setText(null);

                    authWarnings.setVisibility(View.GONE);

                    updateNavigation();
                }

                private void setupForPasswordInput() {
                    credentialsLayout.setVisibility(View.VISIBLE);


                    passwordLayout.setHint(getString(R.string.settings_hint_password));
                    passwordConfirm.setHint(R.string.settings_hint_password_confirm);

                    passwordInput.setInputType(InputType.TYPE_CLASS_TEXT | InputType.TYPE_TEXT_VARIATION_PASSWORD);
                    passwordConfirm.setInputType(InputType.TYPE_CLASS_TEXT | InputType.TYPE_TEXT_VARIATION_PASSWORD);

                    setPasswordTransformationMethod();

                    minLength = Constants.AUTH_MIN_PASSWORD_LENGTH;
                    lengthWarning = getString(R.string.settings_label_short_password, minLength);
                    noPasswordWarning = getString(R.string.intro_slide3_warn_no_password);
                    confirmPasswordWarning = getString(R.string.intro_slide3_warn_confirm_password);

                    focusOnPasswordInput();
                }

                private void setPasswordTransformationMethod() {
                    passwordLayout.setEndIconOnClickListener(new View.OnClickListener() {
                        @Override
                        public void onClick(View v) {
                            boolean wasShowingPassword = passwordInput.getTransformationMethod() instanceof PasswordTransformationMethod;
                            // Dispatch password visibility change to both password and confirm inputs
                            dispatchPasswordVisibilityChange(passwordInput, wasShowingPassword);
                            dispatchPasswordVisibilityChange(passwordConfirm, wasShowingPassword);
                            passwordLayout.refreshDrawableState();
                        }
                    });
                    passwordInput.setTransformationMethod(PasswordTransformationMethod.getInstance());
                    passwordConfirm.setTransformationMethod(PasswordTransformationMethod.getInstance());
                }

                private void dispatchPasswordVisibilityChange(EditText editText, boolean wasShowingPassword) {
                    final int selection = editText.getSelectionEnd();
                    if (wasShowingPassword) {
                        editText.setTransformationMethod(null);
                    } else {
                        editText.setTransformationMethod(PasswordTransformationMethod.getInstance());
                    }
                    if (selection >= 0) {
                        editText.setSelection(selection);
                    }
                }

                private void focusOnPasswordInput() {
                    if (getIntroActivity().getCurrentSlidePosition() == slidePos) {
                        passwordInput.requestFocus();
                        UIHelper.showKeyboard(getContext(), passwordInput);
                    }
                }

                private void setupForPinInput() {
                    credentialsLayout.setVisibility(View.VISIBLE);

                    passwordLayout.setHint(getString(R.string.settings_hint_pin));
                    passwordConfirm.setHint(R.string.settings_hint_pin_confirm);

                    passwordInput.setInputType(InputType.TYPE_CLASS_NUMBER | InputType.TYPE_NUMBER_VARIATION_PASSWORD);
                    passwordConfirm.setInputType(InputType.TYPE_CLASS_NUMBER | InputType.TYPE_NUMBER_VARIATION_PASSWORD);

                    setPasswordTransformationMethod();

                    minLength = Constants.AUTH_MIN_PIN_LENGTH;
                    lengthWarning = getString(R.string.settings_label_short_pin, minLength);
                    noPasswordWarning = getString(R.string.intro_slide3_warn_no_pin);
                    confirmPasswordWarning = getString(R.string.intro_slide3_warn_confirm_pin);

                    focusOnPasswordInput();
                }

                @Override
                public void onNothingSelected(AdapterView<?> adapterView) {
                }
            });

            TextWatcher textWatcher = new TextWatcher() {
                @Override
                public void onTextChanged(CharSequence charSequence, int i, int i1, int i2) {
                    updateNavigation();
                }

                @Override
                public void beforeTextChanged(CharSequence charSequence, int i, int i1, int i2) {
                }

                @Override
                public void afterTextChanged(Editable editable) {
                }
            };

            passwordInput.addTextChangedListener(textWatcher);
            passwordConfirm.addTextChangedListener(textWatcher);

            selection.setSelection(selectionMapping.indexOfValue(Constants.AuthMethod.PASSWORD));

            return root;
        }","        public View onCreateView(@NonNull LayoutInflater inflater, ViewGroup container,
                                 Bundle savedInstanceState) {
            final View root = inflater.inflate(R.layout.component_intro_authentication, container, false);

            desc = root.findViewById(R.id.introAuthDesc);
            selection = root.findViewById(R.id.introAuthSelection);
            authWarnings = root.findViewById(R.id.introAuthWarnings);
            credentialsLayout = root.findViewById(R.id.introCredentialsLayout);
            passwordLayout = root.findViewById(R.id.introPasswordLayout);
            passwordInput = root.findViewById(R.id.introPasswordEdit);
            passwordConfirm = root.findViewById(R.id.introPasswordConfirm);

            generateSelectionMapping();

            final String[] authEntries = getResources().getStringArray(R.array.settings_entries_auth);
            ArrayAdapter<String> spinnerArrayAdapter = new ArrayAdapter<String>(getIntroActivity(), android.R.layout.simple_spinner_item, authEntries) {
                @Override
                public boolean isEnabled(int position){
                        return encryptionType != Constants.EncryptionType.PASSWORD ||
                                position == selectionMapping.indexOfValue(Constants.AuthMethod.PASSWORD) ||
                                position == selectionMapping.indexOfValue(Constants.AuthMethod.PIN);
                }

                @Override
                public View getDropDownView(int position, View convertView, @NonNull ViewGroup parent) {
                    View view = super.getDropDownView(position, convertView, parent);
                    TextView tv = (TextView) view;

                    tv.setEnabled(encryptionType != Constants.EncryptionType.PASSWORD ||
                            position == selectionMapping.indexOfValue(Constants.AuthMethod.PASSWORD) ||
                            position == selectionMapping.indexOfValue(Constants.AuthMethod.PIN));

                    return view;
                }
            };

            spinnerArrayAdapter.setDropDownViewResource(android.R.layout.simple_spinner_dropdown_item);
            selection.setAdapter(spinnerArrayAdapter);

            selection.setOnItemSelectedListener(new AdapterView.OnItemSelectedListener() {
                @Override
                public void onItemSelected(AdapterView<?> adapterView, View view, int i, long l) {
                    Constants.AuthMethod authMethod = selectionMapping.get(i);

                    if (authMethod == Constants.AuthMethod.PASSWORD) {
-                       credentialsLayout.setVisibility(View.VISIBLE);
+                      setupForPasswordInput();
+                  } else if (authMethod == Constants.AuthMethod.PIN) {
+                      setupForPinInput();
+                  } else {
+                      credentialsLayout.setVisibility(View.INVISIBLE);
+                      UIHelper.hideKeyboard(getIntroActivity(), root);
+                  }

-                       passwordLayout.setHint(getString(R.string.settings_hint_password));
-                       passwordConfirm.setHint(R.string.settings_hint_password_confirm);
+                  passwordInput.setText(null);
+                  passwordConfirm.setText(null);

-                       passwordInput.setInputType(InputType.TYPE_CLASS_TEXT | InputType.TYPE_TEXT_VARIATION_PASSWORD);
-                       passwordConfirm.setInputType(InputType.TYPE_CLASS_TEXT | InputType.TYPE_TEXT_VARIATION_PASSWORD);
+                  authWarnings.setVisibility(View.GONE);

-                       passwordInput.setTransformationMethod(new PasswordTransformationMethod());
-                       passwordConfirm.setTransformationMethod(new PasswordTransformationMethod());
+                  updateNavigation();
+              }

-                       minLength = Constants.AUTH_MIN_PASSWORD_LENGTH;
-                       lengthWarning = getString(R.string.settings_label_short_password, minLength);
-                       noPasswordWarning = getString(R.string.intro_slide3_warn_no_password);
-                       confirmPasswordWarning = getString(R.string.intro_slide3_warn_confirm_password);
+              private void setupForPasswordInput() {
+                  credentialsLayout.setVisibility(View.VISIBLE);

-                       if (getIntroActivity().getCurrentSlidePosition() == slidePos) {
-                           passwordInput.requestFocus();
-                           UIHelper.showKeyboard(getContext(), passwordInput);
-                       }
-                   } else if (authMethod == Constants.AuthMethod.PIN) {
-                       credentialsLayout.setVisibility(View.VISIBLE);
+                  passwordLayout.setHint(getString(R.string.settings_hint_password));
+                  passwordConfirm.setHint(R.string.settings_hint_password_confirm);

-                       passwordLayout.setHint(getString(R.string.settings_hint_pin));
-                       passwordConfirm.setHint(R.string.settings_hint_pin_confirm);
+                  passwordInput.setInputType(InputType.TYPE_CLASS_TEXT | InputType.TYPE_TEXT_VARIATION_PASSWORD);
+                  passwordConfirm.setInputType(InputType.TYPE_CLASS_TEXT | InputType.TYPE_TEXT_VARIATION_PASSWORD);

-                       passwordInput.setInputType(InputType.TYPE_CLASS_NUMBER | InputType.TYPE_NUMBER_VARIATION_PASSWORD);
-                       passwordConfirm.setInputType(InputType.TYPE_CLASS_NUMBER | InputType.TYPE_NUMBER_VARIATION_PASSWORD);
+                  setPasswordTransformationMethod();

-                       passwordInput.setTransformationMethod(new PasswordTransformationMethod());
-                       passwordConfirm.setTransformationMethod(new PasswordTransformationMethod());
+                  minLength = Constants.AUTH_MIN_PASSWORD_LENGTH;
+                  lengthWarning = getString(R.string.settings_label_short_password, minLength);
+                  noPasswordWarning = getString(R.string.intro_slide3_warn_no_password);
+                  confirmPasswordWarning = getString(R.string.intro_slide3_warn_confirm_password);

-                       minLength = Constants.AUTH_MIN_PIN_LENGTH;
-                       lengthWarning = getString(R.string.settings_label_short_pin, minLength);
-                       noPasswordWarning = getString(R.string.intro_slide3_warn_no_pin);
-                       confirmPasswordWarning = getString(R.string.intro_slide3_warn_confirm_pin);
+                  focusOnPasswordInput();
+              }

-                       if (getIntroActivity().getCurrentSlidePosition() == slidePos) {
-                           passwordInput.requestFocus();
-                           UIHelper.showKeyboard(getContext(), passwordInput);
+              private void setPasswordTransformationMethod() {
+                  passwordLayout.setEndIconOnClickListener(new View.OnClickListener() {
+                      @Override
+                      public void onClick(View v) {
+                          boolean wasShowingPassword = passwordInput.getTransformationMethod() instanceof PasswordTransformationMethod;
+                          // Dispatch password visibility change to both password and confirm inputs
+                          dispatchPasswordVisibilityChange(passwordInput, wasShowingPassword);
+                          dispatchPasswordVisibilityChange(passwordConfirm, wasShowingPassword);
+                          passwordLayout.refreshDrawableState();
                        }
+                  });
+                  passwordInput.setTransformationMethod(PasswordTransformationMethod.getInstance());
+                  passwordConfirm.setTransformationMethod(PasswordTransformationMethod.getInstance());
+              }

+              private void dispatchPasswordVisibilityChange(EditText editText, boolean wasShowingPassword) {
+                  final int selection = editText.getSelectionEnd();
+                  if (wasShowingPassword) {
+                      editText.setTransformationMethod(null);
                    } else {
-                       credentialsLayout.setVisibility(View.INVISIBLE);
+                      editText.setTransformationMethod(PasswordTransformationMethod.getInstance());
+                  }
+                  if (selection >= 0) {
+                      editText.setSelection(selection);
+                  }
+              }

-                       UIHelper.hideKeyboard(getIntroActivity(), root);
+              private void focusOnPasswordInput() {
+                  if (getIntroActivity().getCurrentSlidePosition() == slidePos) {
+                      passwordInput.requestFocus();
+                      UIHelper.showKeyboard(getContext(), passwordInput);
                    }
+              }

-                   passwordInput.setText(null);
-                   passwordConfirm.setText(null);
+              private void setupForPinInput() {
+                  credentialsLayout.setVisibility(View.VISIBLE);

-                   authWarnings.setVisibility(View.GONE);
+                  passwordLayout.setHint(getString(R.string.settings_hint_pin));
+                  passwordConfirm.setHint(R.string.settings_hint_pin_confirm);

-                   updateNavigation();
+                  passwordInput.setInputType(InputType.TYPE_CLASS_NUMBER | InputType.TYPE_NUMBER_VARIATION_PASSWORD);
+                  passwordConfirm.setInputType(InputType.TYPE_CLASS_NUMBER | InputType.TYPE_NUMBER_VARIATION_PASSWORD);

+                  setPasswordTransformationMethod();

+                  minLength = Constants.AUTH_MIN_PIN_LENGTH;
+                  lengthWarning = getString(R.string.settings_label_short_pin, minLength);
+                  noPasswordWarning = getString(R.string.intro_slide3_warn_no_pin);
+                  confirmPasswordWarning = getString(R.string.intro_slide3_warn_confirm_pin);

+                  focusOnPasswordInput();
                }

                @Override
                public void onNothingSelected(AdapterView<?> adapterView) {
                }
            });

            TextWatcher textWatcher = new TextWatcher() {
                @Override
                public void onTextChanged(CharSequence charSequence, int i, int i1, int i2) {
                    updateNavigation();
                }

                @Override
                public void beforeTextChanged(CharSequence charSequence, int i, int i1, int i2) {
                }

                @Override
                public void afterTextChanged(Editable editable) {
                }
            };

            passwordInput.addTextChangedListener(textWatcher);
            passwordConfirm.addTextChangedListener(textWatcher);

            selection.setSelection(selectionMapping.indexOfValue(Constants.AuthMethod.PASSWORD));

            return root;
        }","        public View onCreateView(@NonNull LayoutInflater inflater, ViewGroup container,
                                 Bundle savedInstanceState) {
            final View root = inflater.inflate(R.layout.component_intro_authentication, container, false);

            desc = root.findViewById(R.id.introAuthDesc);
            selection = root.findViewById(R.id.introAuthSelection);
            authWarnings = root.findViewById(R.id.introAuthWarnings);
            credentialsLayout = root.findViewById(R.id.introCredentialsLayout);
            passwordLayout = root.findViewById(R.id.introPasswordLayout);
            passwordInput = root.findViewById(R.id.introPasswordEdit);
            passwordConfirm = root.findViewById(R.id.introPasswordConfirm);

            generateSelectionMapping();

            final String[] authEntries = getResources().getStringArray(R.array.settings_entries_auth);
            ArrayAdapter<String> spinnerArrayAdapter = new ArrayAdapter<String>(getIntroActivity(), android.R.layout.simple_spinner_item, authEntries) {
                @Override
                public boolean isEnabled(int position){
                        return encryptionType != Constants.EncryptionType.PASSWORD ||
                                position == selectionMapping.indexOfValue(Constants.AuthMethod.PASSWORD) ||
                                position == selectionMapping.indexOfValue(Constants.AuthMethod.PIN);
                }

                @Override
                public View getDropDownView(int position, View convertView, @NonNull ViewGroup parent) {
                    View view = super.getDropDownView(position, convertView, parent);
                    TextView tv = (TextView) view;

                    tv.setEnabled(encryptionType != Constants.EncryptionType.PASSWORD ||
                            position == selectionMapping.indexOfValue(Constants.AuthMethod.PASSWORD) ||
                            position == selectionMapping.indexOfValue(Constants.AuthMethod.PIN));

                    return view;
                }
            };

            spinnerArrayAdapter.setDropDownViewResource(android.R.layout.simple_spinner_dropdown_item);
            selection.setAdapter(spinnerArrayAdapter);

            selection.setOnItemSelectedListener(new AdapterView.OnItemSelectedListener() {
                @Override
                public void onItemSelected(AdapterView<?> adapterView, View view, int i, long l) {
                    Constants.AuthMethod authMethod = selectionMapping.get(i);

                    if (authMethod == Constants.AuthMethod.PASSWORD) {


        <Chunk_For_Modification>

                        }

        <Chunk_For_Modification>

                    } else {

        <Chunk_For_Modification>

                    }

        <Chunk_For_Modification>

                }

                @Override
                public void onNothingSelected(AdapterView<?> adapterView) {
                }
            });

            TextWatcher textWatcher = new TextWatcher() {
                @Override
                public void onTextChanged(CharSequence charSequence, int i, int i1, int i2) {
                    updateNavigation();
                }

                @Override
                public void beforeTextChanged(CharSequence charSequence, int i, int i1, int i2) {
                }

                @Override
                public void afterTextChanged(Editable editable) {
                }
            };

            passwordInput.addTextChangedListener(textWatcher);
            passwordConfirm.addTextChangedListener(textWatcher);

            selection.setSelection(selectionMapping.indexOfValue(Constants.AuthMethod.PASSWORD));

            return root;
        }","        public View onCreateView(@NonNull LayoutInflater inflater, ViewGroup container,
                                 Bundle savedInstanceState) {
            final View root = inflater.inflate(R.layout.component_intro_authentication, container, false);

            desc = root.findViewById(R.id.introAuthDesc);
            selection = root.findViewById(R.id.introAuthSelection);
            authWarnings = root.findViewById(R.id.introAuthWarnings);
            credentialsLayout = root.findViewById(R.id.introCredentialsLayout);
            passwordLayout = root.findViewById(R.id.introPasswordLayout);
            passwordInput = root.findViewById(R.id.introPasswordEdit);
            passwordConfirm = root.findViewById(R.id.introPasswordConfirm);

            generateSelectionMapping();

            final String[] authEntries = getResources().getStringArray(R.array.settings_entries_auth);
            ArrayAdapter<String> spinnerArrayAdapter = new ArrayAdapter<String>(getIntroActivity(), android.R.layout.simple_spinner_item, authEntries) {
                @Override
                public boolean isEnabled(int position){
                        return encryptionType != Constants.EncryptionType.PASSWORD ||
                                position == selectionMapping.indexOfValue(Constants.AuthMethod.PASSWORD) ||
                                position == selectionMapping.indexOfValue(Constants.AuthMethod.PIN);
                }

                @Override
                public View getDropDownView(int position, View convertView, @NonNull ViewGroup parent) {
                    View view = super.getDropDownView(position, convertView, parent);
                    TextView tv = (TextView) view;

                    tv.setEnabled(encryptionType != Constants.EncryptionType.PASSWORD ||
                            position == selectionMapping.indexOfValue(Constants.AuthMethod.PASSWORD) ||
                            position == selectionMapping.indexOfValue(Constants.AuthMethod.PIN));

                    return view;
                }
            };

            spinnerArrayAdapter.setDropDownViewResource(android.R.layout.simple_spinner_dropdown_item);
            selection.setAdapter(spinnerArrayAdapter);

            selection.setOnItemSelectedListener(new AdapterView.OnItemSelectedListener() {
                @Override
                public void onItemSelected(AdapterView<?> adapterView, View view, int i, long l) {
                    Constants.AuthMethod authMethod = selectionMapping.get(i);

                    if (authMethod == Constants.AuthMethod.PASSWORD) {


        >>> [ INFILL ] <<<

                        }

        >>> [ INFILL ] <<<

                    } else {

        >>> [ INFILL ] <<<

                    }

        >>> [ INFILL ] <<<

                }

                @Override
                public void onNothingSelected(AdapterView<?> adapterView) {
                }
            });

            TextWatcher textWatcher = new TextWatcher() {
                @Override
                public void onTextChanged(CharSequence charSequence, int i, int i1, int i2) {
                    updateNavigation();
                }

                @Override
                public void beforeTextChanged(CharSequence charSequence, int i, int i1, int i2) {
                }

                @Override
                public void afterTextChanged(Editable editable) {
                }
            };

            passwordInput.addTextChangedListener(textWatcher);
            passwordConfirm.addTextChangedListener(textWatcher);

            selection.setSelection(selectionMapping.indexOfValue(Constants.AuthMethod.PASSWORD));

            return root;
        }",,,,,,,,,,,,36,56,92,1,1
bug-1215-afterTextChanged,bug-1215-afterTextChanged/app/src/main/java/org/shadowice/flocke/andotp/Dialogs/ManualEntryDialog.java,"General information

App version: 0.70 and 0.7.1.1-dev
App source: F-Droid and GitHub master
Android Version: 10 (Samsung S9 and x86 emulator)
Steps to reproduce

TOTP Crash

Open app to the main list of 2FA codes.
Tap the add FAB and select ""Enter details"".
Select TOTP for the Type field.
Enter something into the Label and Secret fields.
Open the Advanced Options overflow, and enter a number larger than Integer.MAX_VALUE into either the Period or Digits fields.
HOTP Crash

Open app to the main list of 2FA codes.
Tap the add FAB and select ""Enter details"".
Select HOTP for the Type field.
Enter something into the Label and Secret fields.
Enter a number larger than Long.MAX_VALUE into the Counter field.
Tap the Save button.
Expected result

What is expected?
In the manual details entry dialog, entering a number in the Period or Digits fields larger than Integer.MAX_VALUE or entering a number in the Counter field larger than Long.MAX_VALUE should disable the Save button.

What does happen instead?
The application crashes. This would probably never occur during normal usage, but it's an easy fix so I'll put a PR up.

Logcat

TOTP Period/Digits crash:

2020-05-29 09:04:34.505 7852-7852/org.shadowice.flocke.andotp.dev E/AndroidRuntime: FATAL EXCEPTION: main
    Process: org.shadowice.flocke.andotp.dev, PID: 7852
    java.lang.NumberFormatException: For input string: ""3000000000""
        at java.lang.Integer.parseInt(Integer.java:618)
        at java.lang.Integer.parseInt(Integer.java:650)
        at org.shadowice.flocke.andotp.Dialogs.ManualEntryDialog$8.afterTextChanged(ManualEntryDialog.java:293)
        at android.widget.TextView.sendAfterTextChanged(TextView.java:10551)
        at android.widget.TextView$ChangeWatcher.afterTextChanged(TextView.java:13388)
        at android.text.SpannableStringBuilder.sendAfterTextChanged(SpannableStringBuilder.java:1277)
        at android.text.SpannableStringBuilder.replace(SpannableStringBuilder.java:577)
        at android.text.SpannableStringBuilder.replace(SpannableStringBuilder.java:507)
        at android.text.SpannableStringBuilder.replace(SpannableStringBuilder.java:37)
        at android.text.method.NumberKeyListener.onKeyDown(NumberKeyListener.java:131)
HOTP Counter crash:

2020-05-29 09:10:59.885 8118-8118/org.shadowice.flocke.andotp.dev E/AndroidRuntime: FATAL EXCEPTION: main
    Process: org.shadowice.flocke.andotp.dev, PID: 8118
    java.lang.NumberFormatException: For input string: ""1000000000000000000000""
        at java.lang.Long.parseLong(Long.java:597)
        at java.lang.Long.parseLong(Long.java:636)
        at org.shadowice.flocke.andotp.Dialogs.ManualEntryDialog$7.onClick(ManualEntryDialog.java:245)
        at android.view.View.performClick(View.java:7125)","            public void afterTextChanged(Editable editable) {
                if ((TextUtils.isEmpty(labelInput.getText()) && TextUtils.isEmpty(issuerInput.getText())) ||
                        (TextUtils.isEmpty(secretInput.getText()) && isNewEntry) ||
                        TextUtils.isEmpty(digitsInput.getText()) ||
                        Integer.parseInt(digitsInput.getText().toString()) == 0) {
                    positiveButton.setEnabled(false);
                } else {
                    Entry.OTPType type = (Entry.OTPType) typeInput.getSelectedItem();
                    if (type == Entry.OTPType.HOTP) {
                        if (TextUtils.isEmpty(counterInput.getText())) {
                            positiveButton.setEnabled(false);
                        } else {
                            positiveButton.setEnabled(true);
                        }
                    } else if (type == Entry.OTPType.TOTP || type == Entry.OTPType.STEAM) {
                        if (TextUtils.isEmpty(periodInput.getText()) || Integer.parseInt(periodInput.getText().toString()) == 0) {
                            positiveButton.setEnabled(false);
                        } else {
                            positiveButton.setEnabled(true);
                        }
                    } else {
                        positiveButton.setEnabled(true);
                    }
                }
            }","            public void afterTextChanged(Editable editable) {
                if ((TextUtils.isEmpty(labelInput.getText()) && TextUtils.isEmpty(issuerInput.getText())) ||
                        (TextUtils.isEmpty(secretInput.getText()) && isNewEntry) ||
                        !isNonZeroIntegerInput(digitsInput)) {
                    positiveButton.setEnabled(false);
                } else {
                    Entry.OTPType type = (Entry.OTPType) typeInput.getSelectedItem();
                    if (type == Entry.OTPType.HOTP) {
                        positiveButton.setEnabled(isZeroOrPositiveLongInput(counterInput));
                    } else if (type == Entry.OTPType.TOTP || type == Entry.OTPType.STEAM) {

                        positiveButton.setEnabled(isNonZeroIntegerInput(periodInput));
                    } else {
                        positiveButton.setEnabled(true);
                    }
                }
            }","            public void afterTextChanged(Editable editable) {
                if ((TextUtils.isEmpty(labelInput.getText()) && TextUtils.isEmpty(issuerInput.getText())) ||
                        (TextUtils.isEmpty(secretInput.getText()) && isNewEntry) ||
-                       TextUtils.isEmpty(digitsInput.getText()) ||
-                       Integer.parseInt(digitsInput.getText().toString()) == 0) {
+                      !isNonZeroIntegerInput(digitsInput)) {
                    positiveButton.setEnabled(false);
                } else {
                    Entry.OTPType type = (Entry.OTPType) typeInput.getSelectedItem();
                    if (type == Entry.OTPType.HOTP) {
-                       if (TextUtils.isEmpty(counterInput.getText())) {
-                           positiveButton.setEnabled(false);
-                       } else {
-                           positiveButton.setEnabled(true);
-                       }
+                      positiveButton.setEnabled(isZeroOrPositiveLongInput(counterInput));
                    } else if (type == Entry.OTPType.TOTP || type == Entry.OTPType.STEAM) {
-                       if (TextUtils.isEmpty(periodInput.getText()) || Integer.parseInt(periodInput.getText().toString()) == 0) {
-                           positiveButton.setEnabled(false);
-                       } else {
-                           positiveButton.setEnabled(true);
-                       }
+                      positiveButton.setEnabled(isNonZeroIntegerInput(periodInput));
                    } else {
                        positiveButton.setEnabled(true);
                    }
                }
            }","            public void afterTextChanged(Editable editable) {
                if ((TextUtils.isEmpty(labelInput.getText()) && TextUtils.isEmpty(issuerInput.getText())) ||
                        (TextUtils.isEmpty(secretInput.getText()) && isNewEntry) ||

                    <Chunk_For_Modification>
                    positiveButton.setEnabled(false);
                } else {
                    Entry.OTPType type = (Entry.OTPType) typeInput.getSelectedItem();
                    if (type == Entry.OTPType.HOTP) {

                        <Chunk_For_Modification>
                    } else if (type == Entry.OTPType.TOTP || type == Entry.OTPType.STEAM) {

                        <Chunk_For_Modification>
                    } else {
                        positiveButton.setEnabled(true);
                    }
                }
            }","            public void afterTextChanged(Editable editable) {
                if ((TextUtils.isEmpty(labelInput.getText()) && TextUtils.isEmpty(issuerInput.getText())) ||
                        (TextUtils.isEmpty(secretInput.getText()) && isNewEntry) ||

                    >>> [ INFILL ] <<<
                    positiveButton.setEnabled(false);
                } else {
                    Entry.OTPType type = (Entry.OTPType) typeInput.getSelectedItem();
                    if (type == Entry.OTPType.HOTP) {

                        >>> [ INFILL ] <<<
                    } else if (type == Entry.OTPType.TOTP || type == Entry.OTPType.STEAM) {

                        >>> [ INFILL ] <<<
                    } else {
                        positiveButton.setEnabled(true);
                    }
                }
            }",,,,,,,,,,,,12,3,15,1,1
bug-1441-verifyUserInput,bug-1441-verifyUserInput/android/app/src/main/java/com/cohenadair/anglerslog/locations/ManageFishingSpotFragment.java,"Problem

If the ""sync"" icon isn't clicked after manually entering coordinates, the fishing spot's coordinates aren't updated accordingly.

Reproduction steps

Create a new, or edit an existing location
Add fishing spot
Manually enter coordinates (do not click the sync button)
Save
In the edit location screen the coordinates are not correct
Solution

The add fishing spot screen should get and validate its coordinates from the TextView widgets, not the middle of the map. If the coordinates are invalid, the user should see a dialog (this may already be implemented).","    public boolean verifyUserInput() {
        FishingSpot fishingSpot = getNewFishingSpot();
        fishingSpot.setName(mNameView.getInputText());

        if (mMap != null) {
            fishingSpot.setLatitude(mMap.getCameraPosition().target.latitude);
            fishingSpot.setLongitude(mMap.getCameraPosition().target.longitude);
        } else {
            // in case Google Play Services isn't available, fishing spots can still be added and updated later
            fishingSpot.setLatitude(0.0);
            fishingSpot.setLongitude(0.0);
        }

        // name
        if (fishingSpot.isNameNull()) {
            AlertUtils.showError(getActivity(), R.string.error_name);
            return false;
        }

        // duplicate name
        if (!isEditing() && mOnVerifyInterface.isDuplicate(fishingSpot)) {
            AlertUtils.showError(getActivity(), R.string.error_fishing_spot_name);
            return false;
        }

        return true;
    }","    public boolean verifyUserInput() {
        FishingSpot fishingSpot = getNewFishingSpot();
        fishingSpot.setName(mNameView.getInputText());

        // coordinates
        try {
            fishingSpot.setLatitude(Double.parseDouble(mLatitudeView.getInputText()));
            fishingSpot.setLongitude(Double.parseDouble(mLongitudeView.getInputText()));
        } catch (NullPointerException e) {
            // only happens if the user erases what's in the EditText
            fishingSpot.setLatitude(0.0);
            fishingSpot.setLongitude(0.0);
        }

        // name
        if (fishingSpot.isNameNull()) {
            AlertUtils.showError(getActivity(), R.string.error_name);
            return false;
        }

        // duplicate name
        if (!isEditing() && mOnVerifyInterface.isDuplicate(fishingSpot)) {
            AlertUtils.showError(getActivity(), R.string.error_fishing_spot_name);
            return false;
        }

        return true;
    }","    public boolean verifyUserInput() {
        FishingSpot fishingSpot = getNewFishingSpot();
        fishingSpot.setName(mNameView.getInputText());

-       if (mMap != null) {
-           fishingSpot.setLatitude(mMap.getCameraPosition().target.latitude);
-           fishingSpot.setLongitude(mMap.getCameraPosition().target.longitude);
-       } else {
-           // in case Google Play Services isn't available, fishing spots can still be added and updated later
+      // coordinates
+      try {
+          fishingSpot.setLatitude(Double.parseDouble(mLatitudeView.getInputText()));
+          fishingSpot.setLongitude(Double.parseDouble(mLongitudeView.getInputText()));
+      } catch (NullPointerException e) {
+          // only happens if the user erases what's in the EditText
            fishingSpot.setLatitude(0.0);
            fishingSpot.setLongitude(0.0);
        }

        // name
        if (fishingSpot.isNameNull()) {
            AlertUtils.showError(getActivity(), R.string.error_name);
            return false;
        }

        // duplicate name
        if (!isEditing() && mOnVerifyInterface.isDuplicate(fishingSpot)) {
            AlertUtils.showError(getActivity(), R.string.error_fishing_spot_name);
            return false;
        }

        return true;
    }","    public boolean verifyUserInput() {
        FishingSpot fishingSpot = getNewFishingSpot();
        fishingSpot.setName(mNameView.getInputText());


        <Chunk_For_Modification>
            fishingSpot.setLatitude(0.0);
            fishingSpot.setLongitude(0.0);
        }

        // name
        if (fishingSpot.isNameNull()) {
            AlertUtils.showError(getActivity(), R.string.error_name);
            return false;
        }

        // duplicate name
        if (!isEditing() && mOnVerifyInterface.isDuplicate(fishingSpot)) {
            AlertUtils.showError(getActivity(), R.string.error_fishing_spot_name);
            return false;
        }

        return true;
    }","    public boolean verifyUserInput() {
        FishingSpot fishingSpot = getNewFishingSpot();
        fishingSpot.setName(mNameView.getInputText());


        >>> [ INFILL ] <<<
            fishingSpot.setLatitude(0.0);
            fishingSpot.setLongitude(0.0);
        }

        // name
        if (fishingSpot.isNameNull()) {
            AlertUtils.showError(getActivity(), R.string.error_name);
            return false;
        }

        // duplicate name
        if (!isEditing() && mOnVerifyInterface.isDuplicate(fishingSpot)) {
            AlertUtils.showError(getActivity(), R.string.error_fishing_spot_name);
            return false;
        }

        return true;
    }",,,,,,,,,,,,5,6,11,1,1
bug-1446-onCreateView,bug-1446-onCreateView/android/app/src/main/java/com/cohenadair/anglerslog/locations/ManageLocationFragment.java,"From @cohenadair on July 6, 2016 15:38

Trying to edit fishing spots adds a new one to the list, and the coordinates of the existing fishing spot are not updated.

Reproduction steps:

Edit a Location
Click a fishing spot to edit
Change the coordinates
Save
There will be two of the same spot showing in the list
Clicking save again will no add the addition spot (this behaviour is correct)
Instabug issue","    public View onCreateView(LayoutInflater inflater, ViewGroup container, Bundle savedInstanceState) {
        View view = inflater.inflate(R.layout.fragment_manage_location, container, false);

        mContainer = (LinearLayout)view.findViewById(R.id.container);

        initNameView(view);
        initAddFishingSpotView(view);
        initSubclassObject();

        if (mFishingSpots == null || !isEditing())
            mFishingSpots = new ArrayList<>();

        if (mFishingSpotViews == null)
            mFishingSpotViews = new ArrayList<>();

        return view;
    }","    public View onCreateView(LayoutInflater inflater, ViewGroup container, Bundle savedInstanceState) {
        View view = inflater.inflate(R.layout.fragment_manage_location, container, false);

        mFishingSpotContainer = (LinearLayout)view.findViewById(R.id.container);

        initNameView(view);
        initAddFishingSpotView(view);
        initSubclassObject();

        if (mFishingSpots == null || !isEditing())
            mFishingSpots = new ArrayList<>();

        if (mFishingSpotViews == null)
            mFishingSpotViews = new ArrayList<>();

        return view;
    }","    public View onCreateView(LayoutInflater inflater, ViewGroup container, Bundle savedInstanceState) {
        View view = inflater.inflate(R.layout.fragment_manage_location, container, false);

-       mContainer = (LinearLayout)view.findViewById(R.id.container);
+      mFishingSpotContainer = (LinearLayout)view.findViewById(R.id.container);

        initNameView(view);
        initAddFishingSpotView(view);
        initSubclassObject();

        if (mFishingSpots == null || !isEditing())
            mFishingSpots = new ArrayList<>();

        if (mFishingSpotViews == null)
            mFishingSpotViews = new ArrayList<>();

        return view;
    }","    public View onCreateView(LayoutInflater inflater, ViewGroup container, Bundle savedInstanceState) {
        View view = inflater.inflate(R.layout.fragment_manage_location, container, false);

        <Chunk_For_Modification>

        initNameView(view);
        initAddFishingSpotView(view);
        initSubclassObject();

        if (mFishingSpots == null || !isEditing())
            mFishingSpots = new ArrayList<>();

        if (mFishingSpotViews == null)
            mFishingSpotViews = new ArrayList<>();

        return view;
    }","    public View onCreateView(LayoutInflater inflater, ViewGroup container, Bundle savedInstanceState) {
        View view = inflater.inflate(R.layout.fragment_manage_location, container, false);

        >>> [ INFILL ] <<<

        initNameView(view);
        initAddFishingSpotView(view);
        initSubclassObject();

        if (mFishingSpots == null || !isEditing())
            mFishingSpots = new ArrayList<>();

        if (mFishingSpotViews == null)
            mFishingSpotViews = new ArrayList<>();

        return view;
    }",,,,,,,,,,,,1,1,2,4,1
bug-1446-updateAllFishingSpots,bug-1446-updateAllFishingSpots/android/app/src/main/java/com/cohenadair/anglerslog/locations/ManageLocationFragment.java,"From @cohenadair on July 6, 2016 15:38

Trying to edit fishing spots adds a new one to the list, and the coordinates of the existing fishing spot are not updated.

Reproduction steps:

Edit a Location
Click a fishing spot to edit
Change the coordinates
Save
There will be two of the same spot showing in the list
Clicking save again will no add the addition spot (this behaviour is correct)
Instabug issue","    private void updateAllFishingSpots() {
        // remove all old views
        for (MoreDetailView fishingSpotView : mFishingSpotViews) {
            ViewGroup parent = ((ViewGroup)fishingSpotView.getParent());
            if (parent != null)
                parent.removeView(fishingSpotView);
        }

        for (UserDefineObject spot : mFishingSpots)
            addFishingSpot((FishingSpot)spot);
    }","    private void updateAllFishingSpots() {
        // remove all old views
        mFishingSpotContainer.removeAllViews();
        mFishingSpotViews.clear();

        for (UserDefineObject spot : mFishingSpots)
            addFishingSpot((FishingSpot)spot);
    }","    private void updateAllFishingSpots() {
        // remove all old views
-       for (MoreDetailView fishingSpotView : mFishingSpotViews) {
-           ViewGroup parent = ((ViewGroup)fishingSpotView.getParent());
-           if (parent != null)
-               parent.removeView(fishingSpotView);
-       }
+      mFishingSpotContainer.removeAllViews();
+      mFishingSpotViews.clear();

        for (UserDefineObject spot : mFishingSpots)
            addFishingSpot((FishingSpot)spot);
    }","    private void updateAllFishingSpots() {
        // remove all old views

        <Chunk_For_Modification>

        for (UserDefineObject spot : mFishingSpots)
            addFishingSpot((FishingSpot)spot);
    }","    private void updateAllFishingSpots() {
        // remove all old views

        >>> [ INFILL ] <<<

        for (UserDefineObject spot : mFishingSpots)
            addFishingSpot((FishingSpot)spot);
    }",,,,,,,,,,,,5,2,7,,
bug-1446-onClick,bug-1446-onClick/android/app/src/main/java/com/cohenadair/anglerslog/locations/ManageLocationFragment.java,"From @cohenadair on July 6, 2016 15:38

Trying to edit fishing spots adds a new one to the list, and the coordinates of the existing fishing spot are not updated.

Reproduction steps:

Edit a Location
Click a fishing spot to edit
Change the coordinates
Save
There will be two of the same spot showing in the list
Clicking save again will no add the addition spot (this behaviour is correct)
Instabug issue","        fishingSpotView.setOnClickDetailButton(new View.OnClickListener() {
            @Override            
             public void onClick(View v) {
                mFishingSpots.remove(spot);
                mContainer.removeView(fishingSpotView);
            }
        });","        fishingSpotView.setOnClickDetailButton(new View.OnClickListener() {
            @Override
            public void onClick(View v) {
                removeFishingSpot(spot, fishingSpotView);
            }
        });","        fishingSpotView.setOnClickDetailButton(new View.OnClickListener() {
            @Override            
             public void onClick(View v) {
-               mFishingSpots.remove(spot);
-               mContainer.removeView(fishingSpotView);
+              removeFishingSpot(spot, fishingSpotView);
            }
        });","        fishingSpotView.setOnClickDetailButton(new View.OnClickListener() {
            @Override            
             public void onClick(View v) {

                <Chunk_For_Modification>
            }
        });","        fishingSpotView.setOnClickDetailButton(new View.OnClickListener() {
            @Override            
             public void onClick(View v) {

                >>> [ INFILL ] <<<
            }
        });",,,,,,,,,,,,2,1,3,,
bug-1446-goToManageFishingSpot,bug-1446-goToManageFishingSpot/android/app/src/main/java/com/cohenadair/anglerslog/locations/ManageLocationFragment.java,"From @cohenadair on July 6, 2016 15:38

Trying to edit fishing spots adds a new one to the list, and the coordinates of the existing fishing spot are not updated.

Reproduction steps:

Edit a Location
Click a fishing spot to edit
Change the coordinates
Save
There will be two of the same spot showing in the list
Clicking save again will no add the addition spot (this behaviour is correct)
Instabug issue","    private void goToManageFishingSpot(UUID editingId) {
        final ManageFishingSpotFragment fragment = new ManageFishingSpotFragment();

        if (editingId != null)
            fragment.setIsEditing(true, editingId);

        // get all possible fishing spots to be used when adding a new spot
        // this is purely for user convenience
        List<UserDefineObject> allPossibleFishingSpots = mFishingSpots;
        mFishingSpots.addAll(getNewLocation().getFishingSpots());
        fragment.setFishingSpots(allPossibleFishingSpots);

        fragment.setOnVerifyInterface(new ManageFishingSpotFragment.OnVerifyInterface() {
            @Override
            public boolean isDuplicate(FishingSpot fishingSpot) {
                for (UserDefineObject obj : mFishingSpots)
                    if (obj.getName().equals(fishingSpot.getName()))
                        return true;

                return false;
            }
        });

        fragment.setManageObjectSpec(new ManageObjectSpec(R.string.error_fishing_spot_add, R.string.success_fishing_spot_add, R.string.error_fishing_spot_edit, R.string.success_fishing_spot_edit, new ManageInterface() {
            @Override
            public boolean onEdit() {
                for (int i = 0; i < mFishingSpots.size(); i++)
                    // update the fishing spot if this is the one we're editing
                    if (mFishingSpots.get(i).getId().equals(fragment.getNewFishingSpot().getId())) {
                        mFishingSpots.set(i, new FishingSpot(fragment.getNewFishingSpot(), true));
                        updateViews();
                        return true;
                    }

                return false;
            }

            @Override
            public boolean onAdd() {
                mFishingSpots.add(fragment.getNewFishingSpot());
                addFishingSpot(fragment.getNewFishingSpot());
                return true;
            }
        }));

        fragment.setInitializeInterface(new InitializeInterface() {
            @Override
            public UserDefineObject onGetOldObject() {
                return getFishingSpot(fragment.getEditingId());
            }

            @Override
            public UserDefineObject onGetNewEditObject(UserDefineObject oldObject) {
                return new FishingSpot((FishingSpot) oldObject, true);
            }

            @Override
            public UserDefineObject onGetNewBlankObject() {
                return new FishingSpot();
            }
        });

        ManageFragment manageFragment = new ManageFragment();
        manageFragment.setTitle(R.string.empty);
        manageFragment.setContentFragment(fragment);
        manageFragment.show(getChildFragmentManager(), null);
    }","    private void goToManageFishingSpot(UUID editingId) {
        final ManageFishingSpotFragment fragment = new ManageFishingSpotFragment();

        if (editingId != null)
            fragment.setIsEditing(true, editingId);

        // get all possible fishing spots to be used when adding a new spot
        // this is purely for user convenience
        Set<UserDefineObject> allPossibleFishingSpots = new HashSet<>(mFishingSpots);
        allPossibleFishingSpots.addAll(getNewLocation().getFishingSpots());
        fragment.setFishingSpots(new ArrayList<>(allPossibleFishingSpots));

        fragment.setOnVerifyInterface(new ManageFishingSpotFragment.OnVerifyInterface() {
            @Override
            public boolean isDuplicate(FishingSpot fishingSpot) {
                for (UserDefineObject obj : mFishingSpots)
                    if (obj.getName().equals(fishingSpot.getName()))
                        return true;

                return false;
            }
        });

        fragment.setManageObjectSpec(new ManageObjectSpec(R.string.error_fishing_spot_add, R.string.success_fishing_spot_add, R.string.error_fishing_spot_edit, R.string.success_fishing_spot_edit, new ManageInterface() {
            @Override
            public boolean onEdit() {
                for (int i = 0; i < mFishingSpots.size(); i++)
                    // update the fishing spot if this is the one we're editing
                    if (mFishingSpots.get(i).getId().equals(fragment.getNewFishingSpot().getId())) {
                        mFishingSpots.set(i, new FishingSpot(fragment.getNewFishingSpot(), true));
                        updateViews();
                        return true;
                    }

                return false;
            }

            @Override
            public boolean onAdd() {
                mFishingSpots.add(fragment.getNewFishingSpot());
                addFishingSpot(fragment.getNewFishingSpot());
                return true;
            }
        }));

        fragment.setInitializeInterface(new InitializeInterface() {
            @Override
            public UserDefineObject onGetOldObject() {
                return getFishingSpot(fragment.getEditingId());
            }

            @Override
            public UserDefineObject onGetNewEditObject(UserDefineObject oldObject) {
                return new FishingSpot((FishingSpot) oldObject, true);
            }

            @Override
            public UserDefineObject onGetNewBlankObject() {
                return new FishingSpot();
            }
        });

        ManageFragment manageFragment = new ManageFragment();
        manageFragment.setTitle(R.string.empty);
        manageFragment.setContentFragment(fragment);
        manageFragment.show(getChildFragmentManager(), null);
    }","    private void goToManageFishingSpot(UUID editingId) {
        final ManageFishingSpotFragment fragment = new ManageFishingSpotFragment();

        if (editingId != null)
            fragment.setIsEditing(true, editingId);

        // get all possible fishing spots to be used when adding a new spot
        // this is purely for user convenience
-       List<UserDefineObject> allPossibleFishingSpots = mFishingSpots;
-       mFishingSpots.addAll(getNewLocation().getFishingSpots());
-       fragment.setFishingSpots(allPossibleFishingSpots);
+      Set<UserDefineObject> allPossibleFishingSpots = new HashSet<>(mFishingSpots);
+      allPossibleFishingSpots.addAll(getNewLocation().getFishingSpots());
+      fragment.setFishingSpots(new ArrayList<>(allPossibleFishingSpots));

        fragment.setOnVerifyInterface(new ManageFishingSpotFragment.OnVerifyInterface() {
            @Override
            public boolean isDuplicate(FishingSpot fishingSpot) {
                for (UserDefineObject obj : mFishingSpots)
                    if (obj.getName().equals(fishingSpot.getName()))
                        return true;

                return false;
            }
        });

        fragment.setManageObjectSpec(new ManageObjectSpec(R.string.error_fishing_spot_add, R.string.success_fishing_spot_add, R.string.error_fishing_spot_edit, R.string.success_fishing_spot_edit, new ManageInterface() {
            @Override
            public boolean onEdit() {
                for (int i = 0; i < mFishingSpots.size(); i++)
                    // update the fishing spot if this is the one we're editing
                    if (mFishingSpots.get(i).getId().equals(fragment.getNewFishingSpot().getId())) {
                        mFishingSpots.set(i, new FishingSpot(fragment.getNewFishingSpot(), true));
                        updateViews();
                        return true;
                    }

                return false;
            }

            @Override
            public boolean onAdd() {
                mFishingSpots.add(fragment.getNewFishingSpot());
                addFishingSpot(fragment.getNewFishingSpot());
                return true;
            }
        }));

        fragment.setInitializeInterface(new InitializeInterface() {
            @Override
            public UserDefineObject onGetOldObject() {
                return getFishingSpot(fragment.getEditingId());
            }

            @Override
            public UserDefineObject onGetNewEditObject(UserDefineObject oldObject) {
                return new FishingSpot((FishingSpot) oldObject, true);
            }

            @Override
            public UserDefineObject onGetNewBlankObject() {
                return new FishingSpot();
            }
        });

        ManageFragment manageFragment = new ManageFragment();
        manageFragment.setTitle(R.string.empty);
        manageFragment.setContentFragment(fragment);
        manageFragment.show(getChildFragmentManager(), null);
    }","    private void goToManageFishingSpot(UUID editingId) {
        final ManageFishingSpotFragment fragment = new ManageFishingSpotFragment();

        if (editingId != null)
            fragment.setIsEditing(true, editingId);

        // get all possible fishing spots to be used when adding a new spot
        // this is purely for user convenience

        <Chunk_For_Modification>

        fragment.setOnVerifyInterface(new ManageFishingSpotFragment.OnVerifyInterface() {
            @Override
            public boolean isDuplicate(FishingSpot fishingSpot) {
                for (UserDefineObject obj : mFishingSpots)
                    if (obj.getName().equals(fishingSpot.getName()))
                        return true;

                return false;
            }
        });

        fragment.setManageObjectSpec(new ManageObjectSpec(R.string.error_fishing_spot_add, R.string.success_fishing_spot_add, R.string.error_fishing_spot_edit, R.string.success_fishing_spot_edit, new ManageInterface() {
            @Override
            public boolean onEdit() {
                for (int i = 0; i < mFishingSpots.size(); i++)
                    // update the fishing spot if this is the one we're editing
                    if (mFishingSpots.get(i).getId().equals(fragment.getNewFishingSpot().getId())) {
                        mFishingSpots.set(i, new FishingSpot(fragment.getNewFishingSpot(), true));
                        updateViews();
                        return true;
                    }

                return false;
            }

            @Override
            public boolean onAdd() {
                mFishingSpots.add(fragment.getNewFishingSpot());
                addFishingSpot(fragment.getNewFishingSpot());
                return true;
            }
        }));

        fragment.setInitializeInterface(new InitializeInterface() {
            @Override
            public UserDefineObject onGetOldObject() {
                return getFishingSpot(fragment.getEditingId());
            }

            @Override
            public UserDefineObject onGetNewEditObject(UserDefineObject oldObject) {
                return new FishingSpot((FishingSpot) oldObject, true);
            }

            @Override
            public UserDefineObject onGetNewBlankObject() {
                return new FishingSpot();
            }
        });

        ManageFragment manageFragment = new ManageFragment();
        manageFragment.setTitle(R.string.empty);
        manageFragment.setContentFragment(fragment);
        manageFragment.show(getChildFragmentManager(), null);
    }","    private void goToManageFishingSpot(UUID editingId) {
        final ManageFishingSpotFragment fragment = new ManageFishingSpotFragment();

        if (editingId != null)
            fragment.setIsEditing(true, editingId);

        // get all possible fishing spots to be used when adding a new spot
        // this is purely for user convenience

        >>> [ INFILL ] <<<

        fragment.setOnVerifyInterface(new ManageFishingSpotFragment.OnVerifyInterface() {
            @Override
            public boolean isDuplicate(FishingSpot fishingSpot) {
                for (UserDefineObject obj : mFishingSpots)
                    if (obj.getName().equals(fishingSpot.getName()))
                        return true;

                return false;
            }
        });

        fragment.setManageObjectSpec(new ManageObjectSpec(R.string.error_fishing_spot_add, R.string.success_fishing_spot_add, R.string.error_fishing_spot_edit, R.string.success_fishing_spot_edit, new ManageInterface() {
            @Override
            public boolean onEdit() {
                for (int i = 0; i < mFishingSpots.size(); i++)
                    // update the fishing spot if this is the one we're editing
                    if (mFishingSpots.get(i).getId().equals(fragment.getNewFishingSpot().getId())) {
                        mFishingSpots.set(i, new FishingSpot(fragment.getNewFishingSpot(), true));
                        updateViews();
                        return true;
                    }

                return false;
            }

            @Override
            public boolean onAdd() {
                mFishingSpots.add(fragment.getNewFishingSpot());
                addFishingSpot(fragment.getNewFishingSpot());
                return true;
            }
        }));

        fragment.setInitializeInterface(new InitializeInterface() {
            @Override
            public UserDefineObject onGetOldObject() {
                return getFishingSpot(fragment.getEditingId());
            }

            @Override
            public UserDefineObject onGetNewEditObject(UserDefineObject oldObject) {
                return new FishingSpot((FishingSpot) oldObject, true);
            }

            @Override
            public UserDefineObject onGetNewBlankObject() {
                return new FishingSpot();
            }
        });

        ManageFragment manageFragment = new ManageFragment();
        manageFragment.setTitle(R.string.empty);
        manageFragment.setContentFragment(fragment);
        manageFragment.show(getChildFragmentManager(), null);
    }",,,,,,,,,,,,3,3,6,,