slug,class_path,comment,buggy_code,solution,diff,located_code,infill_code,buggy_line,fixed_line,prefix,suffix,comments,buggy_line_numbers,buggy_method_start_line,buggy_method_end_line,Categories,Number of Files,Code Edits -,Code Edits +
harmonic-real-114-onItemClick,harmonic-real-114-onItemClick/app/src/main/java/com/simon/harmonichackernews/CommentsFragment.java,"Long-tapping URL (to open comment menu) also opens the URL

1. Long tap (tap and hold) on an URL
2. The menu/dialog opens - but also, the link is opened.

It should not open the URL in this case.

Further notes:

In this case I wanted to copy the url because of an issue with the amazon app (doesn't let me see the product...), but I guess this is not supported, which would be the topic for a different issue.","    public void onItemClick(Comment comment, int pos, View view) {
        final Context ctx = getContext();

        Pair[] items;

        if (Utils.timeInSecondsMoreThanTwoWeeksAgo(comment.time)) {
            items = new Pair[]{
                    new Pair<>(""View user ("" + comment.by + "")"", R.drawable.ic_action_user),
                    new Pair<>(""Share comment link"", R.drawable.ic_action_share),
                    new Pair<>(""Copy text"", R.drawable.ic_action_copy),
                    new Pair<>(""Select text"", R.drawable.ic_action_select),
                    new Pair<>(""Vote up"", R.drawable.ic_action_thumbs_up),
                    new Pair<>(""Unvote"", R.drawable.ic_action_thumbs),
                    new Pair<>(""Vote down"", R.drawable.ic_action_thumb_down),
            };
        } else {
            items = new Pair[]{
                    new Pair<>(""View user ("" + comment.by + "")"", R.drawable.ic_action_user),
                    new Pair<>(""Share comment link"", R.drawable.ic_action_share),
                    new Pair<>(""Copy text"", R.drawable.ic_action_copy),
                    new Pair<>(""Select text"", R.drawable.ic_action_select),
                    new Pair<>(""Vote up"", R.drawable.ic_action_thumbs_up),
                    new Pair<>(""Unvote"", R.drawable.ic_action_thumbs),
                    new Pair<>(""Vote down"", R.drawable.ic_action_thumb_down),
                    new Pair<>(""Reply"", R.drawable.ic_action_reply)
            };
        }


        ListAdapter adapter = new ArrayAdapter<Pair<String, Integer>>(ctx,
                R.layout.comment_dialog_item,
                R.id.comment_dialog_text,
                items){
            public View getView(int position, View convertView, ViewGroup parent) {
                TextView view = (TextView) super.getView(position, convertView, parent);

                view.setCompoundDrawablesWithIntrinsicBounds((Integer) items[position].second, 0, 0, 0);
                view.setText((CharSequence) items[position].first);

                return view;
            }
        };

        MaterialAlertDialogBuilder builder = new MaterialAlertDialogBuilder(ctx);
        builder.setAdapter(adapter, new DialogInterface.OnClickListener() {
            @Override
            public void onClick(DialogInterface dialog, int which) {
                switch (which) {
                    case 0: //view user
                        UserDialogFragment.showUserDialog(requireActivity().getSupportFragmentManager(), comment.by);

                        break;
                    case 1: //share comment
                        ctx.startActivity(ShareUtils.getShareIntent(comment.id));

                        break;
                    case 2: // copy text
                        ClipboardManager clipboard = (ClipboardManager) ctx.getSystemService(Context.CLIPBOARD_SERVICE);
                        ClipData clip = ClipData.newPlainText(""Hacker News comment"", Html.fromHtml(comment.text));
                        clipboard.setPrimaryClip(clip);

                        if (Build.VERSION.SDK_INT < Build.VERSION_CODES.TIRAMISU) {
                            Toast.makeText(ctx, ""Text copied to clipboard"", Toast.LENGTH_SHORT).show();
                        }

                        break;
                    case 3: //select text
                        DialogUtils.showTextSelectionDialog(ctx, comment.text);

                        break;
                    case 4: //upvote
                        UserActions.upvote(ctx, comment.id, getParentFragmentManager());
                        break;

                    case 5: //unvote
                        UserActions.unvote(ctx, comment.id, getParentFragmentManager());
                        break;

                    case 6: //downvote
                        UserActions.downvote(ctx, comment.id, getParentFragmentManager());
                        break;

                    case 7: //reply
                        if (!AccountUtils.hasAccountDetails(ctx)) {
                            AccountUtils.showLoginPrompt(getParentFragmentManager());
                            return;
                        }

                        Intent replyIntent = new Intent(ctx, ComposeActivity.class);
                        replyIntent.putExtra(ComposeActivity.EXTRA_ID, comment.id);
                        replyIntent.putExtra(ComposeActivity.EXTRA_PARENT_TEXT, comment.text);
                        replyIntent.putExtra(ComposeActivity.EXTRA_USER, comment.by);
                        replyIntent.putExtra(ComposeActivity.EXTRA_TYPE, ComposeActivity.TYPE_COMMENT_REPLY);
                        ctx.startActivity(replyIntent);

                }
            }
        });

        AlertDialog dialog = builder.create();
        dialog.show();
    }","    public void onItemClick(Comment comment, int pos, View view) {
        final Context ctx = getContext();

        Pair[] items;

        if (Utils.timeInSecondsMoreThanTwoWeeksAgo(comment.time)) {
            items = new Pair[]{
                    new Pair<>(""View user ("" + comment.by + "")"", R.drawable.ic_action_user),
                    new Pair<>(""Share comment link"", R.drawable.ic_action_share),
                    new Pair<>(""Copy text"", R.drawable.ic_action_copy),
                    new Pair<>(""Select text"", R.drawable.ic_action_select),
                    new Pair<>(""Vote up"", R.drawable.ic_action_thumbs_up),
                    new Pair<>(""Unvote"", R.drawable.ic_action_thumbs),
                    new Pair<>(""Vote down"", R.drawable.ic_action_thumb_down),
            };
        } else {
            items = new Pair[]{
                    new Pair<>(""View user ("" + comment.by + "")"", R.drawable.ic_action_user),
                    new Pair<>(""Share comment link"", R.drawable.ic_action_share),
                    new Pair<>(""Copy text"", R.drawable.ic_action_copy),
                    new Pair<>(""Select text"", R.drawable.ic_action_select),
                    new Pair<>(""Vote up"", R.drawable.ic_action_thumbs_up),
                    new Pair<>(""Unvote"", R.drawable.ic_action_thumbs),
                    new Pair<>(""Vote down"", R.drawable.ic_action_thumb_down),
                    new Pair<>(""Reply"", R.drawable.ic_action_reply)
            };
        }

        ListAdapter adapter = new ArrayAdapter<Pair<String, Integer>>(ctx,
                R.layout.comment_dialog_item,
                R.id.comment_dialog_text,
                items){
            public View getView(int position, View convertView, ViewGroup parent) {
                TextView view = (TextView) super.getView(position, convertView, parent);

                view.setCompoundDrawablesWithIntrinsicBounds((Integer) items[position].second, 0, 0, 0);
                view.setText((CharSequence) items[position].first);

                return view;
            }
        };

        MaterialAlertDialogBuilder builder = new MaterialAlertDialogBuilder(ctx);
        builder.setAdapter(adapter, new DialogInterface.OnClickListener() {
            @Override
            public void onClick(DialogInterface dialog, int which) {
                switch (which) {
                    case 0: //view user
                        UserDialogFragment.showUserDialog(requireActivity().getSupportFragmentManager(), comment.by);

                        break;
                    case 1: //share comment
                        ctx.startActivity(ShareUtils.getShareIntent(comment.id));

                        break;
                    case 2: // copy text
                        ClipboardManager clipboard = (ClipboardManager) ctx.getSystemService(Context.CLIPBOARD_SERVICE);
                        ClipData clip = ClipData.newPlainText(""Hacker News comment"", Html.fromHtml(comment.text));
                        clipboard.setPrimaryClip(clip);

                        if (Build.VERSION.SDK_INT < Build.VERSION_CODES.TIRAMISU) {
                            Toast.makeText(ctx, ""Text copied to clipboard"", Toast.LENGTH_SHORT).show();
                        }

                        break;
                    case 3: //select text
                        DialogUtils.showTextSelectionDialog(ctx, comment.text);

                        break;
                    case 4: //upvote
                        UserActions.upvote(ctx, comment.id, getParentFragmentManager());
                        break;

                    case 5: //unvote
                        UserActions.unvote(ctx, comment.id, getParentFragmentManager());
                        break;

                    case 6: //downvote
                        UserActions.downvote(ctx, comment.id, getParentFragmentManager());
                        break;

                    case 7: //reply
                        if (!AccountUtils.hasAccountDetails(ctx)) {
                            AccountUtils.showLoginPrompt(getParentFragmentManager());
                            return;
                        }

                        Intent replyIntent = new Intent(ctx, ComposeActivity.class);
                        replyIntent.putExtra(ComposeActivity.EXTRA_ID, comment.id);
                        replyIntent.putExtra(ComposeActivity.EXTRA_PARENT_TEXT, comment.text);
                        replyIntent.putExtra(ComposeActivity.EXTRA_USER, comment.by);
                        replyIntent.putExtra(ComposeActivity.EXTRA_TYPE, ComposeActivity.TYPE_COMMENT_REPLY);
                        ctx.startActivity(replyIntent);

                }
            }
        });

        CommentsRecyclerViewAdapter commentAdapter = this.adapter;
        builder.setOnDismissListener(new DialogInterface.OnDismissListener() {
            @Override
            public void onDismiss(DialogInterface dialog) {
                commentAdapter.disableCommentATagClick = false;
            }
        });

        
        commentAdapter.disableCommentATagClick = true;
        AlertDialog dialog = builder.create();
        dialog.show();
    }","public void onItemClick(Comment comment, int pos, View view) {        
        final Context ctx = getContext();

        Pair[] items;

        if (Utils.timeInSecondsMoreThanTwoWeeksAgo(comment.time)) {
            items = new Pair[]{
                    new Pair<>(""View user ("" + comment.by + "")"", R.drawable.ic_action_user),
                    new Pair<>(""Share comment link"", R.drawable.ic_action_share),
                    new Pair<>(""Copy text"", R.drawable.ic_action_copy),
                    new Pair<>(""Select text"", R.drawable.ic_action_select),
                    new Pair<>(""Vote up"", R.drawable.ic_action_thumbs_up),
                    new Pair<>(""Unvote"", R.drawable.ic_action_thumbs),
                    new Pair<>(""Vote down"", R.drawable.ic_action_thumb_down),
            };
        } else {
            items = new Pair[]{
                    new Pair<>(""View user ("" + comment.by + "")"", R.drawable.ic_action_user),
                    new Pair<>(""Share comment link"", R.drawable.ic_action_share),
                    new Pair<>(""Copy text"", R.drawable.ic_action_copy),
                    new Pair<>(""Select text"", R.drawable.ic_action_select),
                    new Pair<>(""Vote up"", R.drawable.ic_action_thumbs_up),
                    new Pair<>(""Unvote"", R.drawable.ic_action_thumbs),
                    new Pair<>(""Vote down"", R.drawable.ic_action_thumb_down),
                    new Pair<>(""Reply"", R.drawable.ic_action_reply)
            };
        }

        ListAdapter adapter = new ArrayAdapter<Pair<String, Integer>>(ctx,
                R.layout.comment_dialog_item,
                R.id.comment_dialog_text,
                items){
            public View getView(int position, View convertView, ViewGroup parent) {
                TextView view = (TextView) super.getView(position, convertView, parent);

                view.setCompoundDrawablesWithIntrinsicBounds((Integer) items[position].second, 0, 0, 0);
                view.setText((CharSequence) items[position].first);

                return view;
            }
        };

        MaterialAlertDialogBuilder builder = new MaterialAlertDialogBuilder(ctx);
        builder.setAdapter(adapter, new DialogInterface.OnClickListener() {
            @Override
            public void onClick(DialogInterface dialog, int which) {
                switch (which) {
                    case 0: //view user
                        UserDialogFragment.showUserDialog(requireActivity().getSupportFragmentManager(), comment.by);

                        break;
                    case 1: //share comment
                        ctx.startActivity(ShareUtils.getShareIntent(comment.id));

                        break;
                    case 2: // copy text
                        ClipboardManager clipboard = (ClipboardManager) ctx.getSystemService(Context.CLIPBOARD_SERVICE);
                        ClipData clip = ClipData.newPlainText(""Hacker News comment"", Html.fromHtml(comment.text));
                        clipboard.setPrimaryClip(clip);

                        if (Build.VERSION.SDK_INT < Build.VERSION_CODES.TIRAMISU) {
                            Toast.makeText(ctx, ""Text copied to clipboard"", Toast.LENGTH_SHORT).show();
                        }

                        break;
                    case 3: //select text
                        DialogUtils.showTextSelectionDialog(ctx, comment.text);

                        break;
                    case 4: //upvote
                        UserActions.upvote(ctx, comment.id, getParentFragmentManager());
                        break;

                    case 5: //unvote
                        UserActions.unvote(ctx, comment.id, getParentFragmentManager());
                        break;

                    case 6: //downvote
                        UserActions.downvote(ctx, comment.id, getParentFragmentManager());
                        break;

                    case 7: //reply
                        if (!AccountUtils.hasAccountDetails(ctx)) {
                            AccountUtils.showLoginPrompt(getParentFragmentManager());
                            return;
                        }

                        Intent replyIntent = new Intent(ctx, ComposeActivity.class);
                        replyIntent.putExtra(ComposeActivity.EXTRA_ID, comment.id);
                        replyIntent.putExtra(ComposeActivity.EXTRA_PARENT_TEXT, comment.text);
                        replyIntent.putExtra(ComposeActivity.EXTRA_USER, comment.by);
                        replyIntent.putExtra(ComposeActivity.EXTRA_TYPE, ComposeActivity.TYPE_COMMENT_REPLY);
                        ctx.startActivity(replyIntent);

                }
            }
        });

+      CommentsRecyclerViewAdapter commentAdapter = this.adapter;
+      builder.setOnDismissListener(new DialogInterface.OnDismissListener() {
+          @Override
+          public void onDismiss(DialogInterface dialog) {
+              commentAdapter.disableCommentATagClick = false;
+          }
+      });

        
+      commentAdapter.disableCommentATagClick = true;
        AlertDialog dialog = builder.create();
        dialog.show();
    }","public void onItemClick(Comment comment, int pos, View view) {
        final Context ctx = getContext();

        Pair[] items;

        if (Utils.timeInSecondsMoreThanTwoWeeksAgo(comment.time)) {
            items = new Pair[]{
                    new Pair<>(""View user ("" + comment.by + "")"", R.drawable.ic_action_user),
                    new Pair<>(""Share comment link"", R.drawable.ic_action_share),
                    new Pair<>(""Copy text"", R.drawable.ic_action_copy),
                    new Pair<>(""Select text"", R.drawable.ic_action_select),
                    new Pair<>(""Vote up"", R.drawable.ic_action_thumbs_up),
                    new Pair<>(""Unvote"", R.drawable.ic_action_thumbs),
                    new Pair<>(""Vote down"", R.drawable.ic_action_thumb_down),
            };
        } else {
            items = new Pair[]{
                    new Pair<>(""View user ("" + comment.by + "")"", R.drawable.ic_action_user),
                    new Pair<>(""Share comment link"", R.drawable.ic_action_share),
                    new Pair<>(""Copy text"", R.drawable.ic_action_copy),
                    new Pair<>(""Select text"", R.drawable.ic_action_select),
                    new Pair<>(""Vote up"", R.drawable.ic_action_thumbs_up),
                    new Pair<>(""Unvote"", R.drawable.ic_action_thumbs),
                    new Pair<>(""Vote down"", R.drawable.ic_action_thumb_down),
                    new Pair<>(""Reply"", R.drawable.ic_action_reply)
            };
        }

        ListAdapter adapter = new ArrayAdapter<Pair<String, Integer>>(ctx,
                R.layout.comment_dialog_item,
                R.id.comment_dialog_text,
                items){
            public View getView(int position, View convertView, ViewGroup parent) {
                TextView view = (TextView) super.getView(position, convertView, parent);

                view.setCompoundDrawablesWithIntrinsicBounds((Integer) items[position].second, 0, 0, 0);
                view.setText((CharSequence) items[position].first);

                return view;
            }
        };

        MaterialAlertDialogBuilder builder = new MaterialAlertDialogBuilder(ctx);
        builder.setAdapter(adapter, new DialogInterface.OnClickListener() {
            @Override
            public void onClick(DialogInterface dialog, int which) {
                switch (which) {
                    case 0: //view user
                        UserDialogFragment.showUserDialog(requireActivity().getSupportFragmentManager(), comment.by);

                        break;
                    case 1: //share comment
                        ctx.startActivity(ShareUtils.getShareIntent(comment.id));

                        break;
                    case 2: // copy text
                        ClipboardManager clipboard = (ClipboardManager) ctx.getSystemService(Context.CLIPBOARD_SERVICE);
                        ClipData clip = ClipData.newPlainText(""Hacker News comment"", Html.fromHtml(comment.text));
                        clipboard.setPrimaryClip(clip);

                        if (Build.VERSION.SDK_INT < Build.VERSION_CODES.TIRAMISU) {
                            Toast.makeText(ctx, ""Text copied to clipboard"", Toast.LENGTH_SHORT).show();
                        }

                        break;
                    case 3: //select text
                        DialogUtils.showTextSelectionDialog(ctx, comment.text);

                        break;
                    case 4: //upvote
                        UserActions.upvote(ctx, comment.id, getParentFragmentManager());
                        break;

                    case 5: //unvote
                        UserActions.unvote(ctx, comment.id, getParentFragmentManager());
                        break;

                    case 6: //downvote
                        UserActions.downvote(ctx, comment.id, getParentFragmentManager());
                        break;

                    case 7: //reply
                        if (!AccountUtils.hasAccountDetails(ctx)) {
                            AccountUtils.showLoginPrompt(getParentFragmentManager());
                            return;
                        }

                        Intent replyIntent = new Intent(ctx, ComposeActivity.class);
                        replyIntent.putExtra(ComposeActivity.EXTRA_ID, comment.id);
                        replyIntent.putExtra(ComposeActivity.EXTRA_PARENT_TEXT, comment.text);
                        replyIntent.putExtra(ComposeActivity.EXTRA_USER, comment.by);
                        replyIntent.putExtra(ComposeActivity.EXTRA_TYPE, ComposeActivity.TYPE_COMMENT_REPLY);
                        ctx.startActivity(replyIntent);

                }
            }
        });

        <Chunk_For_Modification>
        
        AlertDialog dialog = builder.create();
        dialog.show();
    }","public void onItemClick(Comment comment, int pos, View view) {
        final Context ctx = getContext();

        Pair[] items;

        if (Utils.timeInSecondsMoreThanTwoWeeksAgo(comment.time)) {
            items = new Pair[]{
                    new Pair<>(""View user ("" + comment.by + "")"", R.drawable.ic_action_user),
                    new Pair<>(""Share comment link"", R.drawable.ic_action_share),
                    new Pair<>(""Copy text"", R.drawable.ic_action_copy),
                    new Pair<>(""Select text"", R.drawable.ic_action_select),
                    new Pair<>(""Vote up"", R.drawable.ic_action_thumbs_up),
                    new Pair<>(""Unvote"", R.drawable.ic_action_thumbs),
                    new Pair<>(""Vote down"", R.drawable.ic_action_thumb_down),
            };
        } else {
            items = new Pair[]{
                    new Pair<>(""View user ("" + comment.by + "")"", R.drawable.ic_action_user),
                    new Pair<>(""Share comment link"", R.drawable.ic_action_share),
                    new Pair<>(""Copy text"", R.drawable.ic_action_copy),
                    new Pair<>(""Select text"", R.drawable.ic_action_select),
                    new Pair<>(""Vote up"", R.drawable.ic_action_thumbs_up),
                    new Pair<>(""Unvote"", R.drawable.ic_action_thumbs),
                    new Pair<>(""Vote down"", R.drawable.ic_action_thumb_down),
                    new Pair<>(""Reply"", R.drawable.ic_action_reply)
            };
        }

        ListAdapter adapter = new ArrayAdapter<Pair<String, Integer>>(ctx,
                R.layout.comment_dialog_item,
                R.id.comment_dialog_text,
                items){
            public View getView(int position, View convertView, ViewGroup parent) {
                TextView view = (TextView) super.getView(position, convertView, parent);

                view.setCompoundDrawablesWithIntrinsicBounds((Integer) items[position].second, 0, 0, 0);
                view.setText((CharSequence) items[position].first);

                return view;
            }
        };

        MaterialAlertDialogBuilder builder = new MaterialAlertDialogBuilder(ctx);
        builder.setAdapter(adapter, new DialogInterface.OnClickListener() {
            @Override
            public void onClick(DialogInterface dialog, int which) {
                switch (which) {
                    case 0: //view user
                        UserDialogFragment.showUserDialog(requireActivity().getSupportFragmentManager(), comment.by);

                        break;
                    case 1: //share comment
                        ctx.startActivity(ShareUtils.getShareIntent(comment.id));

                        break;
                    case 2: // copy text
                        ClipboardManager clipboard = (ClipboardManager) ctx.getSystemService(Context.CLIPBOARD_SERVICE);
                        ClipData clip = ClipData.newPlainText(""Hacker News comment"", Html.fromHtml(comment.text));
                        clipboard.setPrimaryClip(clip);

                        if (Build.VERSION.SDK_INT < Build.VERSION_CODES.TIRAMISU) {
                            Toast.makeText(ctx, ""Text copied to clipboard"", Toast.LENGTH_SHORT).show();
                        }

                        break;
                    case 3: //select text
                        DialogUtils.showTextSelectionDialog(ctx, comment.text);

                        break;
                    case 4: //upvote
                        UserActions.upvote(ctx, comment.id, getParentFragmentManager());
                        break;

                    case 5: //unvote
                        UserActions.unvote(ctx, comment.id, getParentFragmentManager());
                        break;

                    case 6: //downvote
                        UserActions.downvote(ctx, comment.id, getParentFragmentManager());
                        break;

                    case 7: //reply
                        if (!AccountUtils.hasAccountDetails(ctx)) {
                            AccountUtils.showLoginPrompt(getParentFragmentManager());
                            return;
                        }

                        Intent replyIntent = new Intent(ctx, ComposeActivity.class);
                        replyIntent.putExtra(ComposeActivity.EXTRA_ID, comment.id);
                        replyIntent.putExtra(ComposeActivity.EXTRA_PARENT_TEXT, comment.text);
                        replyIntent.putExtra(ComposeActivity.EXTRA_USER, comment.by);
                        replyIntent.putExtra(ComposeActivity.EXTRA_TYPE, ComposeActivity.TYPE_COMMENT_REPLY);
                        ctx.startActivity(replyIntent);

                }
            }
        });

         >>> [ INFILL ] <<<
        
        AlertDialog dialog = builder.create();
        dialog.show();
    }",,"        CommentsRecyclerViewAdapter commentAdapter = this.adapter;
        builder.setOnDismissListener(new DialogInterface.OnDismissListener() {
            @Override
            public void onDismiss(DialogInterface dialog) {
                commentAdapter.disableCommentATagClick = false;
            }
        });

        
        commentAdapter.disableCommentATagClick = true;","public void onItemClick(Comment comment, int pos, View view) {
        final Context ctx = getContext();

        Pair[] items;

        if (Utils.timeInSecondsMoreThanTwoWeeksAgo(comment.time)) {
            items = new Pair[]{
                    new Pair<>(""View user ("" + comment.by + "")"", R.drawable.ic_action_user),
                    new Pair<>(""Share comment link"", R.drawable.ic_action_share),
                    new Pair<>(""Copy text"", R.drawable.ic_action_copy),
                    new Pair<>(""Select text"", R.drawable.ic_action_select),
                    new Pair<>(""Vote up"", R.drawable.ic_action_thumbs_up),
                    new Pair<>(""Unvote"", R.drawable.ic_action_thumbs),
                    new Pair<>(""Vote down"", R.drawable.ic_action_thumb_down),
            };
        } else {
            items = new Pair[]{
                    new Pair<>(""View user ("" + comment.by + "")"", R.drawable.ic_action_user),
                    new Pair<>(""Share comment link"", R.drawable.ic_action_share),
                    new Pair<>(""Copy text"", R.drawable.ic_action_copy),
                    new Pair<>(""Select text"", R.drawable.ic_action_select),
                    new Pair<>(""Vote up"", R.drawable.ic_action_thumbs_up),
                    new Pair<>(""Unvote"", R.drawable.ic_action_thumbs),
                    new Pair<>(""Vote down"", R.drawable.ic_action_thumb_down),
                    new Pair<>(""Reply"", R.drawable.ic_action_reply)
            };
        }

        ListAdapter adapter = new ArrayAdapter<Pair<String, Integer>>(ctx,
                R.layout.comment_dialog_item,
                R.id.comment_dialog_text,
                items){
            public View getView(int position, View convertView, ViewGroup parent) {
                TextView view = (TextView) super.getView(position, convertView, parent);

                view.setCompoundDrawablesWithIntrinsicBounds((Integer) items[position].second, 0, 0, 0);
                view.setText((CharSequence) items[position].first);

                return view;
            }
        };

        MaterialAlertDialogBuilder builder = new MaterialAlertDialogBuilder(ctx);
        builder.setAdapter(adapter, new DialogInterface.OnClickListener() {
            @Override
            public void onClick(DialogInterface dialog, int which) {
                switch (which) {
                    case 0: //view user
                        UserDialogFragment.showUserDialog(requireActivity().getSupportFragmentManager(), comment.by);

                        break;
                    case 1: //share comment
                        ctx.startActivity(ShareUtils.getShareIntent(comment.id));

                        break;
                    case 2: // copy text
                        ClipboardManager clipboard = (ClipboardManager) ctx.getSystemService(Context.CLIPBOARD_SERVICE);
                        ClipData clip = ClipData.newPlainText(""Hacker News comment"", Html.fromHtml(comment.text));
                        clipboard.setPrimaryClip(clip);

                        if (Build.VERSION.SDK_INT < Build.VERSION_CODES.TIRAMISU) {
                            Toast.makeText(ctx, ""Text copied to clipboard"", Toast.LENGTH_SHORT).show();
                        }

                        break;
                    case 3: //select text
                        DialogUtils.showTextSelectionDialog(ctx, comment.text);

                        break;
                    case 4: //upvote
                        UserActions.upvote(ctx, comment.id, getParentFragmentManager());
                        break;

                    case 5: //unvote
                        UserActions.unvote(ctx, comment.id, getParentFragmentManager());
                        break;

                    case 6: //downvote
                        UserActions.downvote(ctx, comment.id, getParentFragmentManager());
                        break;

                    case 7: //reply
                        if (!AccountUtils.hasAccountDetails(ctx)) {
                            AccountUtils.showLoginPrompt(getParentFragmentManager());
                            return;
                        }

                        Intent replyIntent = new Intent(ctx, ComposeActivity.class);
                        replyIntent.putExtra(ComposeActivity.EXTRA_ID, comment.id);
                        replyIntent.putExtra(ComposeActivity.EXTRA_PARENT_TEXT, comment.text);
                        replyIntent.putExtra(ComposeActivity.EXTRA_USER, comment.by);
                        replyIntent.putExtra(ComposeActivity.EXTRA_TYPE, ComposeActivity.TYPE_COMMENT_REPLY);
                        ctx.startActivity(replyIntent);

                }
            }
        });","AlertDialog dialog = builder.create();
        dialog.show();
    }",,,,,,2,0,8
harmonic-real-114-onClick,harmonic-real-114-onClick/app/src/main/java/com/simon/harmonichackernews/adapters/CommentsRecyclerViewAdapter.java,"Long-tapping URL (to open comment menu) also opens the URL

1. Long tap (tap and hold) on an URL
2. The menu/dialog opens - but also, the link is opened.

It should not open the URL in this case.

Further notes:

In this case I wanted to copy the url because of an issue with the amazon app (doesn't let me see the product...), but I guess this is not supported, which would be the topic for a different issue.","
            commentBody.setOnClickATagListener(new OnClickATagListener() {
                @Override
                public boolean onClick(View widget, String spannedText, @Nullable String href) {
                    Utils.openLinkMaybeHN(widget.getContext(), href);
                    return true;
                }
            });","            commentBody.setOnClickATagListener(new OnClickATagListener() {
                @Override
                public boolean onClick(View widget, String spannedText, @Nullable String href) {
                    if (disableCommentATagClick) return true ;

                    Utils.openLinkMaybeHN(widget.getContext(), href);
                    return true;
                }
            });","            commentBody.setOnClickATagListener(new OnClickATagListener() {
                @Override
                public boolean onClick(View widget, String spannedText, @Nullable String href) {
+                    if (disableCommentATagClick) return true ;

                    Utils.openLinkMaybeHN(widget.getContext(), href);
                    return true;
                }
            });","            commentBody.setOnClickATagListener(new OnClickATagListener() {
                @Override
                public boolean onClick(View widget, String spannedText, @Nullable String href) {
                    <Chunk_For_Modification>

                    Utils.openLinkMaybeHN(widget.getContext(), href);
                    return true;
                }
            });","            commentBody.setOnClickATagListener(new OnClickATagListener() {
                @Override
                public boolean onClick(View widget, String spannedText, @Nullable String href) {
                     >>> [ INFILL ] <<<

                    Utils.openLinkMaybeHN(widget.getContext(), href);
                    return true;
                }
            });",,,"            commentBody.setOnClickATagListener(new OnClickATagListener() {
                @Override
                public boolean onClick(View widget, String spannedText, @Nullable String href) {","Utils.openLinkMaybeHN(widget.getContext(), href);
                    return true;
                }
            });",removed public boolean disableCommentATagClick = false;,,,,,,0,1
harmonic-real-136-handleOnBackPressed,harmonic-real-136-handleOnBackPressed/app/src/main/java/com/simon/harmonichackernews/ComposeActivity.java,"Dialogs with discard button do not adhere to Material guidelines

The ""Discard comment?"" dialog has the discard button on the left.
According to the Material guidelines, this shouldn't be the case. It is mentioned specifically as a Don't.

It should be checked whether other dialogs have the same issue.","            public void handleOnBackPressed() {
                //This thing should only be enabled when we want to show the dialog, otherwise
                //we just do the default back behavior (which is predictive back)
                AlertDialog dialog = new MaterialAlertDialogBuilder(editText.getContext())
                        .setMessage(type == TYPE_POST ? ""Discard post?"" : ""Discard comment?"")
                        .setNegativeButton(""Discard"", new DialogInterface.OnClickListener() {
                            public void onClick(DialogInterface dialog, int whichButton) {
                                dialog.cancel();
                                finish();
                            }})
                        .setPositiveButton(""Cancel"", null).create();

                dialog.show();
            }","            public void handleOnBackPressed() {
                //This thing should only be enabled when we want to show the dialog, otherwise
                //we just do the default back behavior (which is predictive back)
                AlertDialog dialog = new MaterialAlertDialogBuilder(editText.getContext())
                        .setMessage(type == TYPE_POST ? ""Discard post?"" : ""Discard comment?"")
                        .setPositiveButton(""Discard"", new DialogInterface.OnClickListener() {
                            public void onClick(DialogInterface dialog, int whichButton) {
                                dialog.cancel();
                                finish();
                            }})
                        .setNegativeButton(""Cancel"", null).create();

                dialog.show();
            }","public void handleOnBackPressed() {
                //This thing should only be enabled when we want to show the dialog, otherwise
                //we just do the default back behavior (which is predictive back)
                AlertDialog dialog = new MaterialAlertDialogBuilder(editText.getContext())
                        .setMessage(type == TYPE_POST ? ""Discard post?"" : ""Discard comment?"")
-                       .setNegativeButton(""Discard"", new DialogInterface.OnClickListener() {
+                      .setPositiveButton(""Discard"", new DialogInterface.OnClickListener() {
                            public void onClick(DialogInterface dialog, int whichButton) {
                                dialog.cancel();
                                finish();
                            }})
-                       .setPositiveButton(""Cancel"", null).create();
+                      .setNegativeButton(""Cancel"", null).create();

                dialog.show();
            }","public void handleOnBackPressed() {
                //This thing should only be enabled when we want to show the dialog, otherwise
                //we just do the default back behavior (which is predictive back)
                AlertDialog dialog = new MaterialAlertDialogBuilder(editText.getContext())
                        .setMessage(type == TYPE_POST ? ""Discard post?"" : ""Discard comment?"")
                        <Chunk_For_Modification>
                            public void onClick(DialogInterface dialog, int whichButton) {
                                dialog.cancel();
                                finish();
                            }})
                        <Chunk_For_Modification>

                dialog.show();
            }","public void handleOnBackPressed() {
                //This thing should only be enabled when we want to show the dialog, otherwise
                //we just do the default back behavior (which is predictive back)
                AlertDialog dialog = new MaterialAlertDialogBuilder(editText.getContext())
                        .setMessage(type == TYPE_POST ? ""Discard post?"" : ""Discard comment?"")
                        >>> [ INFILL ] <<<
                            public void onClick(DialogInterface dialog, int whichButton) {
                                dialog.cancel();
                                finish();
                            }})
                        >>> [ INFILL ] <<<

                dialog.show();
            }",,,,,,"[213,1], [218,1]",208,221,,1,2,2
harmonic-real-171-showTextSelection,harmonic-real-171-showTextSelection/app/src/main/java/com/simon/harmonichackernews/utils/DialogUtils.java,"Don't truncate links in select text view

Long links in comments are truncated and end with '...'.
Though in the select text view they are still truncated, this means if you select text it will not include the whole link.","    public static void showTextSelectionDialog(Context ctx, String text) {
        MaterialAlertDialogBuilder selectTextDialogBuilder = new MaterialAlertDialogBuilder(ctx);
        View rootView = LayoutInflater.from(ctx).inflate(R.layout.select_text_dialog, null);
        selectTextDialogBuilder.setView(rootView);

        HtmlTextView htmlTextView = rootView.findViewById(R.id.select_text_htmltextview);
        htmlTextView.setHtml(text);

        htmlTextView.setOnClickATagListener(new OnClickATagListener() {
            @Override
            public boolean onClick(View widget, String spannedText, @Nullable String href) {
                Utils.openLinkMaybeHN(ctx, href);
                return true;
            }
        });

        final AlertDialog selectTextDialog = selectTextDialogBuilder.create();

        selectTextDialog.show();
    }
","    public static void showTextSelectionDialog(Context ctx, String text) {
        MaterialAlertDialogBuilder selectTextDialogBuilder = new MaterialAlertDialogBuilder(ctx);
        View rootView = LayoutInflater.from(ctx).inflate(R.layout.select_text_dialog, null);
        selectTextDialogBuilder.setView(rootView);

        HtmlTextView htmlTextView = rootView.findViewById(R.id.select_text_htmltextview);

        htmlTextView.setHtml(undoShortenedLinks(text));

        htmlTextView.setOnClickATagListener(new OnClickATagListener() {
            @Override
            public boolean onClick(View widget, String spannedText, @Nullable String href) {
                Utils.openLinkMaybeHN(ctx, href);
                return true;
            }
        });

        final AlertDialog selectTextDialog = selectTextDialogBuilder.create();

        selectTextDialog.show();
    }","    public static void showTextSelectionDialog(Context ctx, String text) {
        MaterialAlertDialogBuilder selectTextDialogBuilder = new MaterialAlertDialogBuilder(ctx);
        View rootView = LayoutInflater.from(ctx).inflate(R.layout.select_text_dialog, null);
        selectTextDialogBuilder.setView(rootView);

        HtmlTextView htmlTextView = rootView.findViewById(R.id.select_text_htmltextview);
-       htmlTextView.setHtml(text);

+      htmlTextView.setHtml(undoShortenedLinks(text));

        htmlTextView.setOnClickATagListener(new OnClickATagListener() {
            @Override
            public boolean onClick(View widget, String spannedText, @Nullable String href) {
                Utils.openLinkMaybeHN(ctx, href);
                return true;
            }
        });

        final AlertDialog selectTextDialog = selectTextDialogBuilder.create();

        selectTextDialog.show();
    }","    public static void showTextSelectionDialog(Context ctx, String text) {
        MaterialAlertDialogBuilder selectTextDialogBuilder = new MaterialAlertDialogBuilder(ctx);
        View rootView = LayoutInflater.from(ctx).inflate(R.layout.select_text_dialog, null);
        selectTextDialogBuilder.setView(rootView);

        HtmlTextView htmlTextView = rootView.findViewById(R.id.select_text_htmltextview);
        <Chunk_For_Modification>

        htmlTextView.setOnClickATagListener(new OnClickATagListener() {
            @Override
            public boolean onClick(View widget, String spannedText, @Nullable String href) {
                Utils.openLinkMaybeHN(ctx, href);
                return true;
            }
        });

        final AlertDialog selectTextDialog = selectTextDialogBuilder.create();

        selectTextDialog.show();
    }","    public static void showTextSelectionDialog(Context ctx, String text) {
        MaterialAlertDialogBuilder selectTextDialogBuilder = new MaterialAlertDialogBuilder(ctx);
        View rootView = LayoutInflater.from(ctx).inflate(R.layout.select_text_dialog, null);
        selectTextDialogBuilder.setView(rootView);

        HtmlTextView htmlTextView = rootView.findViewById(R.id.select_text_htmltextview);
        >>> [ INFILL ] <<<

        htmlTextView.setOnClickATagListener(new OnClickATagListener() {
            @Override
            public boolean onClick(View widget, String spannedText, @Nullable String href) {
                Utils.openLinkMaybeHN(ctx, href);
                return true;
            }
        });

        final AlertDialog selectTextDialog = selectTextDialogBuilder.create();

        selectTextDialog.show();
    }",htmlTextView.setHtml(text);,htmlTextView.setHtml(undoShortenedLinks(text));,"    public static void showTextSelectionDialog(Context ctx, String text) {
        MaterialAlertDialogBuilder selectTextDialogBuilder = new MaterialAlertDialogBuilder(ctx);
        View rootView = LayoutInflater.from(ctx).inflate(R.layout.select_text_dialog, null);
        selectTextDialogBuilder.setView(rootView);

        HtmlTextView htmlTextView = rootView.findViewById(R.id.select_text_htmltextview);","        htmlTextView.setOnClickATagListener(new OnClickATagListener() {
            @Override
            public boolean onClick(View widget, String spannedText, @Nullable String href) {
                Utils.openLinkMaybeHN(ctx, href);
                return true;
            }
        });

        final AlertDialog selectTextDialog = selectTextDialogBuilder.create();

        selectTextDialog.show();
    }",one new methods are added,"[24,1]",18,37,,1,1,1
harmonic-real-181-loadStory,harmonic-real-181-loadStory/app/src/main/java/com/simon/harmonichackernews/StoriesFragment.java,"Filters don't work

Filters don't work if the title contains the word ""brain."" It won't filter out this story even when I have ""brain"" set as a filter.

It don't work in top 24 and 48 view.","    private void loadStory(Story story, final int attempt) {
        if (story.loaded || attempt >= 3) {
            return;
        }

        String url = ""https://hacker-news.firebaseio.com/v0/item/"" + story.id + "".json"";

        StringRequest stringRequest = new StringRequest(Request.Method.GET, url,
                response -> {
                    try {
                        int index = stories.indexOf(story);

                        if (!JSONParser.updateStoryWithHNJson(response, story)) {
                            stories.remove(story);
                            adapter.notifyItemRemoved(index);
                            loadedTo = Math.max(0, loadedTo - 1);
                            return;
                        }

                        // lets check if we should remove the post because of filter
                        for (String phrase : filterWords) {
                            if (story.title.toLowerCase().contains(phrase.toLowerCase())) {
                                stories.remove(story);
                                adapter.notifyItemRemoved(index);
                                loadedTo = Math.max(0, loadedTo - 1);
                                return;
                            }
                        }

                        // or domain name
                        for (String phrase : filterDomains) {
                            if (story.url.toLowerCase().contains(phrase.toLowerCase())) {
                                stories.remove(story);
                                adapter.notifyItemRemoved(index);
                                loadedTo = Math.max(0, loadedTo - 1);
                                return;
                            }
                        }

                        // or because it's a job
                        if (hideJobs && adapter.type != SettingsUtils.getJobsIndex(getResources()) && (story.isJob || story.by.equals(""whoishiring""))) {
                            stories.remove(story);
                            adapter.notifyItemRemoved(index);
                            loadedTo = Math.max(0, loadedTo - 1);
                            return;
                        }

                        adapter.notifyItemChanged(index);
                    } catch (JSONException e) {
                        e.printStackTrace();
                        Utils.log(""Failed to load story with id: "" + story.id);
                        adapter.notifyDataSetChanged();
                    }
                }, error -> {
            error.printStackTrace();
            story.loadingFailed = true;
            adapter.notifyItemChanged(stories.indexOf(story));
            loadStory(story, attempt + 1);
        });

        stringRequest.setTag(requestTag);
        queue.add(stringRequest);
    }","    private void loadStory(Story story, final int attempt) {
        if (story.loaded || attempt >= 3) {
            return;
        }

        String url = ""https://hacker-news.firebaseio.com/v0/item/"" + story.id + "".json"";

        StringRequest stringRequest = new StringRequest(Request.Method.GET, url,
                response -> {
                    try {
                        int index = stories.indexOf(story);

                        if (!JSONParser.updateStoryWithHNJson(response, story)) {
                            stories.remove(story);
                            adapter.notifyItemRemoved(index);
                            loadedTo = Math.max(0, loadedTo - 1);
                            return;
                        }

                        // lets check if we should remove the post because of filter
                        for (String phrase : filterWords) {
                            if (story.title.toLowerCase().contains(phrase.toLowerCase())) {
                                stories.remove(story);
                                adapter.notifyItemRemoved(index);
                                loadedTo = Math.max(0, loadedTo - 1);
                                return;
                            }
                        }

                        // or domain name
                        for (String phrase : filterDomains) {
                             try {
                                String domain = Utils.getDomainName(story.url);
                                if (domain.toLowerCase().contains(phrase.toLowerCase())) {

                                    stories.remove(story);
                                    adapter.notifyItemRemoved(index);
                                    loadedTo = Math.max(0, loadedTo - 1);
                                    return;
                                }
                            } catch (Exception e) {
                                //nothing
                            }
                        }

                        // or because it's a job
                        if (hideJobs && adapter.type != SettingsUtils.getJobsIndex(getResources()) && (story.isJob || story.by.equals(""whoishiring""))) {
                            stories.remove(story);
                            adapter.notifyItemRemoved(index);
                            loadedTo = Math.max(0, loadedTo - 1);
                            return;
                        }

                        adapter.notifyItemChanged(index);
                    } catch (JSONException e) {
                        e.printStackTrace();
                        Utils.log(""Failed to load story with id: "" + story.id);
                        adapter.notifyDataSetChanged();
                    }
                }, error -> {
            error.printStackTrace();
            story.loadingFailed = true;
            adapter.notifyItemChanged(stories.indexOf(story));
            loadStory(story, attempt + 1);
        });

        stringRequest.setTag(requestTag);
        queue.add(stringRequest);
    }","    private void loadStory(Story story, final int attempt) {
        if (story.loaded || attempt >= 3) {
            return;
        }

        String url = ""https://hacker-news.firebaseio.com/v0/item/"" + story.id + "".json"";

        StringRequest stringRequest = new StringRequest(Request.Method.GET, url,
                response -> {
                    try {
                        int index = stories.indexOf(story);

                        if (!JSONParser.updateStoryWithHNJson(response, story)) {
                            stories.remove(story);
                            adapter.notifyItemRemoved(index);
                            loadedTo = Math.max(0, loadedTo - 1);
                            return;
                        }

                        // lets check if we should remove the post because of filter
                        for (String phrase : filterWords) {
                            if (story.title.toLowerCase().contains(phrase.toLowerCase())) {
                                stories.remove(story);
                                adapter.notifyItemRemoved(index);
                                loadedTo = Math.max(0, loadedTo - 1);
                                return;
                            }
                        }

                        // or domain name
                        for (String phrase : filterDomains) {
-                           if (story.url.toLowerCase().contains(phrase.toLowerCase())) {
-                               stories.remove(story);
-                               adapter.notifyItemRemoved(index);
-                               loadedTo = Math.max(0, loadedTo - 1);
-                               return;
-                            }
+                           try {
+                              String domain = Utils.getDomainName(story.url);
+                              if (domain.toLowerCase().contains(phrase.toLowerCase())) {

+                                  stories.remove(story);
+                                  adapter.notifyItemRemoved(index);
+                                  loadedTo = Math.max(0, loadedTo - 1);
+                                  return;
+                              }
+                          } catch (Exception e) {
+                                //nothing
+                           }
                        }

                        // or because it's a job
                        if (hideJobs && adapter.type != SettingsUtils.getJobsIndex(getResources()) && (story.isJob || story.by.equals(""whoishiring""))) {
                            stories.remove(story);
                            adapter.notifyItemRemoved(index);
                            loadedTo = Math.max(0, loadedTo - 1);
                            return;
                        }

                        adapter.notifyItemChanged(index);
                    } catch (JSONException e) {
                        e.printStackTrace();
                        Utils.log(""Failed to load story with id: "" + story.id);
                        adapter.notifyDataSetChanged();
                    }
                }, error -> {
            error.printStackTrace();
            story.loadingFailed = true;
            adapter.notifyItemChanged(stories.indexOf(story));
            loadStory(story, attempt + 1);
        });

        stringRequest.setTag(requestTag);
        queue.add(stringRequest);
    }","    private void loadStory(Story story, final int attempt) {
        if (story.loaded || attempt >= 3) {
            return;
        }

        String url = ""https://hacker-news.firebaseio.com/v0/item/"" + story.id + "".json"";

        StringRequest stringRequest = new StringRequest(Request.Method.GET, url,
                response -> {
                    try {
                        int index = stories.indexOf(story);

                        if (!JSONParser.updateStoryWithHNJson(response, story)) {
                            stories.remove(story);
                            adapter.notifyItemRemoved(index);
                            loadedTo = Math.max(0, loadedTo - 1);
                            return;
                        }

                        // lets check if we should remove the post because of filter
                        for (String phrase : filterWords) {
                            if (story.title.toLowerCase().contains(phrase.toLowerCase())) {
                                stories.remove(story);
                                adapter.notifyItemRemoved(index);
                                loadedTo = Math.max(0, loadedTo - 1);
                                return;
                            }
                        }

                        // or domain name
                        for (String phrase : filterDomains) {
                                <Chunk_For_Modification>
                        }

                        // or because it's a job
                        if (hideJobs && adapter.type != SettingsUtils.getJobsIndex(getResources()) && (story.isJob || story.by.equals(""whoishiring""))) {
                            stories.remove(story);
                            adapter.notifyItemRemoved(index);
                            loadedTo = Math.max(0, loadedTo - 1);
                            return;
                        }

                        adapter.notifyItemChanged(index);
                    } catch (JSONException e) {
                        e.printStackTrace();
                        Utils.log(""Failed to load story with id: "" + story.id);
                        adapter.notifyDataSetChanged();
                    }
                }, error -> {
            error.printStackTrace();
            story.loadingFailed = true;
            adapter.notifyItemChanged(stories.indexOf(story));
            loadStory(story, attempt + 1);
        });

        stringRequest.setTag(requestTag);
        queue.add(stringRequest);
    }","    private void loadStory(Story story, final int attempt) {
        if (story.loaded || attempt >= 3) {
            return;
        }

        String url = ""https://hacker-news.firebaseio.com/v0/item/"" + story.id + "".json"";

        StringRequest stringRequest = new StringRequest(Request.Method.GET, url,
                response -> {
                    try {
                        int index = stories.indexOf(story);

                        if (!JSONParser.updateStoryWithHNJson(response, story)) {
                            stories.remove(story);
                            adapter.notifyItemRemoved(index);
                            loadedTo = Math.max(0, loadedTo - 1);
                            return;
                        }

                        // lets check if we should remove the post because of filter
                        for (String phrase : filterWords) {
                            if (story.title.toLowerCase().contains(phrase.toLowerCase())) {
                                stories.remove(story);
                                adapter.notifyItemRemoved(index);
                                loadedTo = Math.max(0, loadedTo - 1);
                                return;
                            }
                        }

                        // or domain name
                        for (String phrase : filterDomains) {
                                >>> [ INFILL ] <<<
                        }

                        // or because it's a job
                        if (hideJobs && adapter.type != SettingsUtils.getJobsIndex(getResources()) && (story.isJob || story.by.equals(""whoishiring""))) {
                            stories.remove(story);
                            adapter.notifyItemRemoved(index);
                            loadedTo = Math.max(0, loadedTo - 1);
                            return;
                        }

                        adapter.notifyItemChanged(index);
                    } catch (JSONException e) {
                        e.printStackTrace();
                        Utils.log(""Failed to load story with id: "" + story.id);
                        adapter.notifyDataSetChanged();
                    }
                }, error -> {
            error.printStackTrace();
            story.loadingFailed = true;
            adapter.notifyItemChanged(stories.indexOf(story));
            loadStory(story, attempt + 1);
        });

        stringRequest.setTag(requestTag);
        queue.add(stringRequest);
    }","                            if (story.title.toLowerCase().contains(phrase.toLowerCase())) {
                                stories.remove(story);
                                adapter.notifyItemRemoved(index);
                                loadedTo = Math.max(0, loadedTo - 1);
                                return;
                            }","                             try {
                                String domain = Utils.getDomainName(story.url);
                                if (domain.toLowerCase().contains(phrase.toLowerCase())) {

                                    stories.remove(story);
                                    adapter.notifyItemRemoved(index);
                                    loadedTo = Math.max(0, loadedTo - 1);
                                    return;
                                }
                            } catch (Exception e) {
                                //nothing
                            }","    private void loadStory(Story story, final int attempt) {
        if (story.loaded || attempt >= 3) {
            return;
        }

        String url = ""https://hacker-news.firebaseio.com/v0/item/"" + story.id + "".json"";

        StringRequest stringRequest = new StringRequest(Request.Method.GET, url,
                response -> {
                    try {
                        int index = stories.indexOf(story);

                        if (!JSONParser.updateStoryWithHNJson(response, story)) {
                            stories.remove(story);
                            adapter.notifyItemRemoved(index);
                            loadedTo = Math.max(0, loadedTo - 1);
                            return;
                        }

                        // lets check if we should remove the post because of filter
                        for (String phrase : filterWords) {
                            if (story.title.toLowerCase().contains(phrase.toLowerCase())) {
                                stories.remove(story);
                                adapter.notifyItemRemoved(index);
                                loadedTo = Math.max(0, loadedTo - 1);
                                return;
                            }
                        }

                        // or domain name
                        for (String phrase : filterDomains) {"," }

                        // or because it's a job
                        if (hideJobs && adapter.type != SettingsUtils.getJobsIndex(getResources()) && (story.isJob || story.by.equals(""whoishiring""))) {
                            stories.remove(story);
                            adapter.notifyItemRemoved(index);
                            loadedTo = Math.max(0, loadedTo - 1);
                            return;
                        }

                        adapter.notifyItemChanged(index);
                    } catch (JSONException e) {
                        e.printStackTrace();
                        Utils.log(""Failed to load story with id: "" + story.id);
                        adapter.notifyDataSetChanged();
                    }
                }, error -> {
            error.printStackTrace();
            story.loadingFailed = true;
            adapter.notifyItemChanged(stories.indexOf(story));
            loadStory(story, attempt + 1);
        });

        stringRequest.setTag(requestTag);
        queue.add(stringRequest);
    }",,"[496,6]",466,527,,1,6,10
harmonic-real-181-loadAlgolia,harmonic-real-181-loadAlgolia/app/src/main/java/com/simon/harmonichackernews/StoriesFragment.java,"Filters don't work

Filters don't work if the title contains the word ""brain."" It won't filter out this story even when I have ""brain"" set as a filter.

It don't work in top 24 and 48 view.","    private void loadAlgolia(String url, boolean markClicked) {
        swipeRefreshLayout.setEnabled(true);
        swipeRefreshLayout.setRefreshing(true);
        StringRequest stringRequest = new StringRequest(Request.Method.GET, url,
                response -> {
                    swipeRefreshLayout.setRefreshing(false);
                    try {
                        int oldSize = stories.size();

                        stories.clear();
                        stories.add(new Story());

                        adapter.notifyItemRangeRemoved(1, oldSize + 1);

                        stories.addAll(JSONParser.algoliaJsonToStories(response));

                        Iterator<Story> iterator = stories.iterator();
                        while (iterator.hasNext()) {
                            Story story = iterator.next();
                            story.clicked = clickedIds.contains(story.id);

                            if (hideClicked && story.clicked) {
                                iterator.remove();
                            }
                        }

                        adapter.loadingFailed = false;
                        adapter.loadingFailedServerError = false;

                        adapter.notifyItemRangeInserted(1, stories.size());
                        adapter.notifyItemChanged(0);

                    } catch (JSONException e) {
                        e.printStackTrace();
                    }

                }, error -> {
            if (error.networkResponse != null && error.networkResponse.statusCode == 404) {
                adapter.loadingFailedServerError = true;
            }

            error.printStackTrace();
            swipeRefreshLayout.setRefreshing(false);
            adapter.loadingFailed = true;
            adapter.notifyItemChanged(0);
        });

        adapter.notifyItemChanged(0);

        stringRequest.setTag(requestTag);
        queue.add(stringRequest);
    }","private void loadAlgolia(String url, boolean markClicked) {
        swipeRefreshLayout.setEnabled(true);
        swipeRefreshLayout.setRefreshing(true);
        StringRequest stringRequest = new StringRequest(Request.Method.GET, url,
                response -> {
                    swipeRefreshLayout.setRefreshing(false);
                    try {
                        int oldSize = stories.size();

                        stories.clear();
                        stories.add(new Story());

                        adapter.notifyItemRangeRemoved(1, oldSize + 1);

                        stories.addAll(JSONParser.algoliaJsonToStories(response));

                        Iterator<Story> iterator = stories.iterator();
                        while (iterator.hasNext()) {
                            Story story = iterator.next();
                            story.clicked = clickedIds.contains(story.id);

                            if (story.title != null) {
                                // lets check if we should remove the post because of filter
                                for (String phrase : filterWords) {
                                    if (story.title.toLowerCase().contains(phrase.toLowerCase())) {
                                        iterator.remove();
                                        break;
                                    }
                                }
                                // or domain name
                                for (String phrase : filterDomains) {
                                    try {
                                        String domain = Utils.getDomainName(story.url);
                                        if (domain.toLowerCase().contains(phrase.toLowerCase())) {
                                            iterator.remove();
                                            break;
                                        }
                                    } catch (Exception e) {
                                        //nothing
                                    }
                                }
                            }

                            if (hideClicked && story.clicked) {
                                iterator.remove();
                            }
                        }

                        adapter.loadingFailed = false;
                        adapter.loadingFailedServerError = false;

                        adapter.notifyItemRangeInserted(1, stories.size());
                        adapter.notifyItemChanged(0);

                    } catch (JSONException e) {
                        e.printStackTrace();
                    }

                }, error -> {
            if (error.networkResponse != null && error.networkResponse.statusCode == 404) {
                adapter.loadingFailedServerError = true;
            }

            error.printStackTrace();
            swipeRefreshLayout.setRefreshing(false);
            adapter.loadingFailed = true;
            adapter.notifyItemChanged(0);
        });

        adapter.notifyItemChanged(0);

        stringRequest.setTag(requestTag);
        queue.add(stringRequest);
    }","    private void loadAlgolia(String url, boolean markClicked) {
        swipeRefreshLayout.setEnabled(true);
        swipeRefreshLayout.setRefreshing(true);
        StringRequest stringRequest = new StringRequest(Request.Method.GET, url,
                response -> {
                    swipeRefreshLayout.setRefreshing(false);
                    try {
                        int oldSize = stories.size();

                        stories.clear();
                        stories.add(new Story());

                        adapter.notifyItemRangeRemoved(1, oldSize + 1);

                        stories.addAll(JSONParser.algoliaJsonToStories(response));

                        Iterator<Story> iterator = stories.iterator();
                        while (iterator.hasNext()) {
                            Story story = iterator.next();
                            story.clicked = clickedIds.contains(story.id);

+                          if (story.title != null) {
+                               // lets check if we should remove the post because of filter
+                              for (String phrase : filterWords) {
+                                  if (story.title.toLowerCase().contains(phrase.toLowerCase())) {
+                                      iterator.remove();
+                                      break;
+                                  }
+                              }
                                // or domain name
+                              for (String phrase : filterDomains) {
+                                  try {
+                                      String domain = Utils.getDomainName(story.url);
+                                      if (domain.toLowerCase().contains(phrase.toLowerCase())) {
+                                          iterator.remove();
+                                          break;
+                                      }
+                                  } catch (Exception e) {
+                                       //nothing
+                                  }
+                              }
+                          }

                            if (hideClicked && story.clicked) {
                                iterator.remove();
                            }
                        }

                        adapter.loadingFailed = false;
                        adapter.loadingFailedServerError = false;

                        adapter.notifyItemRangeInserted(1, stories.size());
                        adapter.notifyItemChanged(0);

                    } catch (JSONException e) {
                        e.printStackTrace();
                    }

                }, error -> {
            if (error.networkResponse != null && error.networkResponse.statusCode == 404) {
                adapter.loadingFailedServerError = true;
            }

            error.printStackTrace();
            swipeRefreshLayout.setRefreshing(false);
            adapter.loadingFailed = true;
            adapter.notifyItemChanged(0);
        });

        adapter.notifyItemChanged(0);

        stringRequest.setTag(requestTag);
        queue.add(stringRequest);
    }","    private void loadAlgolia(String url, boolean markClicked) {
        swipeRefreshLayout.setEnabled(true);
        swipeRefreshLayout.setRefreshing(true);
        StringRequest stringRequest = new StringRequest(Request.Method.GET, url,
                response -> {
                    swipeRefreshLayout.setRefreshing(false);
                    try {
                        int oldSize = stories.size();

                        stories.clear();
                        stories.add(new Story());

                        adapter.notifyItemRangeRemoved(1, oldSize + 1);

                        stories.addAll(JSONParser.algoliaJsonToStories(response));

                        Iterator<Story> iterator = stories.iterator();
                        while (iterator.hasNext()) {
                            Story story = iterator.next();
                            story.clicked = clickedIds.contains(story.id);

                            <Chunk_For_Modification>
                            if (hideClicked && story.clicked) {
                                iterator.remove();
                            }
                        }

                        adapter.loadingFailed = false;
                        adapter.loadingFailedServerError = false;

                        adapter.notifyItemRangeInserted(1, stories.size());
                        adapter.notifyItemChanged(0);

                    } catch (JSONException e) {
                        e.printStackTrace();
                    }

                }, error -> {
            if (error.networkResponse != null && error.networkResponse.statusCode == 404) {
                adapter.loadingFailedServerError = true;
            }

            error.printStackTrace();
            swipeRefreshLayout.setRefreshing(false);
            adapter.loadingFailed = true;
            adapter.notifyItemChanged(0);
        });

        adapter.notifyItemChanged(0);

        stringRequest.setTag(requestTag);
        queue.add(stringRequest);
    }","    private void loadAlgolia(String url, boolean markClicked) {
        swipeRefreshLayout.setEnabled(true);
        swipeRefreshLayout.setRefreshing(true);
        StringRequest stringRequest = new StringRequest(Request.Method.GET, url,
                response -> {
                    swipeRefreshLayout.setRefreshing(false);
                    try {
                        int oldSize = stories.size();

                        stories.clear();
                        stories.add(new Story());

                        adapter.notifyItemRangeRemoved(1, oldSize + 1);

                        stories.addAll(JSONParser.algoliaJsonToStories(response));

                        Iterator<Story> iterator = stories.iterator();
                        while (iterator.hasNext()) {
                            Story story = iterator.next();
                            story.clicked = clickedIds.contains(story.id);

                            >>> [ INFILL ] <<<
                            if (hideClicked && story.clicked) {
                                iterator.remove();
                            }
                        }

                        adapter.loadingFailed = false;
                        adapter.loadingFailedServerError = false;

                        adapter.notifyItemRangeInserted(1, stories.size());
                        adapter.notifyItemChanged(0);

                    } catch (JSONException e) {
                        e.printStackTrace();
                    }

                }, error -> {
            if (error.networkResponse != null && error.networkResponse.statusCode == 404) {
                adapter.loadingFailedServerError = true;
            }

            error.printStackTrace();
            swipeRefreshLayout.setRefreshing(false);
            adapter.loadingFailed = true;
            adapter.notifyItemChanged(0);
        });

        adapter.notifyItemChanged(0);

        stringRequest.setTag(requestTag);
        queue.add(stringRequest);
    }",,"                            if (story.title != null) {
                                // lets check if we should remove the post because of filter
                                for (String phrase : filterWords) {
                                    if (story.title.toLowerCase().contains(phrase.toLowerCase())) {
                                        iterator.remove();
                                        break;
                                    }
                                }
                                // or domain name
                                for (String phrase : filterDomains) {
                                    try {
                                        String domain = Utils.getDomainName(story.url);
                                        if (domain.toLowerCase().contains(phrase.toLowerCase())) {
                                            iterator.remove();
                                            break;
                                        }
                                    } catch (Exception e) {
                                        //nothing
                                    }
                                }
                            }","    private void loadAlgolia(String url, boolean markClicked) {
        swipeRefreshLayout.setEnabled(true);
        swipeRefreshLayout.setRefreshing(true);
        StringRequest stringRequest = new StringRequest(Request.Method.GET, url,
                response -> {
                    swipeRefreshLayout.setRefreshing(false);
                    try {
                        int oldSize = stories.size();

                        stories.clear();
                        stories.add(new Story());

                        adapter.notifyItemRangeRemoved(1, oldSize + 1);

                        stories.addAll(JSONParser.algoliaJsonToStories(response));

                        Iterator<Story> iterator = stories.iterator();
                        while (iterator.hasNext()) {
                            Story story = iterator.next();
                            story.clicked = clickedIds.contains(story.id);"," if (hideClicked && story.clicked) {
                                iterator.remove();
                            }
                        }

                        adapter.loadingFailed = false;
                        adapter.loadingFailedServerError = false;

                        adapter.notifyItemRangeInserted(1, stories.size());
                        adapter.notifyItemChanged(0);

                    } catch (JSONException e) {
                        e.printStackTrace();
                    }

                }, error -> {
            if (error.networkResponse != null && error.networkResponse.statusCode == 404) {
                adapter.loadingFailedServerError = true;
            }

            error.printStackTrace();
            swipeRefreshLayout.setRefreshing(false);
            adapter.loadingFailed = true;
            adapter.notifyItemChanged(0);
        });

        adapter.notifyItemChanged(0);

        stringRequest.setTag(requestTag);
        queue.add(stringRequest);
    }",,,716,767,,,0,18
urlcheck-real-358-onDisplayUrl,urlcheck-real-358-onDisplayUrl/app/src/main/java/com/trianguloy/urlchecker/modules/list/UriPartsModule.java,"URL encoding problem with the Uri Parts module

Steps to reproduce

Use a URL with %25 inside. I used https://example.com?prefill_%25E6%259D%25A5%25E6%25BA%2590=%E5%B8%AE%E5%8A%A9%E4%B8%8E%E5%8F%8D%E9%A6%88&hide=true.
In the Parameters section, remove the hide parameter.
Expected behavior

Expected parameter: prefill_来源 -> 帮助与反馈
Expected URL: https://example.com?prefill_%E6%9D%A5%E6%BA%90=%E5%B8%AE%E5%8A%A9%E4%B8%8E%E5%8F%8D%E9%A6%88
Actual behavior

Before removing the parameter, saw: prefill_æ�¥æº� -> 帮助与反馈
Actual URL: https://example.com?prefill_%C3%A6%C2%9D%C2%A5%C3%A6%C2%BA%C2%90=%E5%B8%AE%E5%8A%A9%E4%B8%8E%EF%BF%BD%C2%8D%E9%A6%88
The URL was broken, just displaying the actual parameter shown above.
URLCheck version

2.15

Android version

Android 13

Android Custom/Specific ROM or Device

MIUI 14.0.10

Other details

I think the module / application didn't handle symbol % (i.e. %25 in URLs) properly. Or does it directly use the parameter from the module?

This case only appears in links with non-ASCII characters and %25s. What a strange issue.

Acknowledgements


I have searched the existing issues and this is a new ticket, NOT a duplicate or related to another open issue.

I have written a short but informative title.

I will fill out all of the requested information in this form.
","public void onDisplayUrl(UrlData urlData) {
        // clear
        box.removeAllViews();

        // parse
        var uri = Uri.parse(urlData.url);
        var urlQuerySanitizer = new UrlQuerySanitizer();
        // the default parseUrl doesn't remove the fragment
        if (uri.getQuery() != null) {
            urlQuerySanitizer.setAllowUnregisteredParamaters(true);
            urlQuerySanitizer.setUnregisteredParameterValueSanitizer(v -> v);
            urlQuerySanitizer.parseQuery(uri.getQuery());
        }

        // domain elements
        if (uri.getAuthority() != null || uri.getScheme() != null) {
            var domain = addGroup(""Domain"", -1, null);
            addPart(""scheme"", uri.getScheme(), domain, null);
            addPart(""user info"", uri.getUserInfo(), domain, null);
            addPart(""host"", uri.getHost(), domain, null);
            addPart(""port"", uri.getPort() != -1 ? String.valueOf(uri.getPort()) : null, domain, null);
        }

        // paths
        var pathSegments = uri.getPathSegments();
        if (pathSegments.size() > 0) {
            var paths = addGroup(""Paths"", pathSegments.size(), uri.buildUpon().path(null));
            for (var i = 0; i < pathSegments.size(); i++) {
                var pathSegment = pathSegments.get(i);

                var builder = uri.buildUpon();
                builder.path(null);
                for (int newI = 0; newI < pathSegments.size(); newI++) {
                    if (newI != i) builder.appendPath(pathSegments.get(newI));
                }
                addPart(""/"", pathSegment, paths, builder);
            }
        }

        // query parameters
        var parameters = urlQuerySanitizer.getParameterList();
        if (parameters.size() > 0) {
            var queries = addGroup(""Parameters"", parameters.size(), uri.buildUpon().query(null));
            for (var i = 0; i < parameters.size(); i++) {
                // generate same url but without this parameter
                var builder = uri.buildUpon();
                builder.query(null);
                for (var j = 0; j < parameters.size(); j++) {
                    if (i != j) builder.appendQueryParameter(parameters.get(j).mParameter, parameters.get(j).mValue);
                }
                // append the parameter
                addPart(parameters.get(i).mParameter, parameters.get(i).mValue, queries, builder);
            }
        }

        // fragment
        if (uri.getFragment() != null) {
            var fragment = addGroup(""Fragment"", -1, uri.buildUpon().fragment(null));
            addPart(""#"", uri.getFragment(), fragment, null);
        }

        setVisibility(box.getChildCount() > 0);
    }","    public void onDisplayUrl(UrlData urlData) {
        // clear
        box.removeAllViews();

        // parse
        var uri = Uri.parse(urlData.url);
        var urlQuerySanitizer = new UrlQuerySanitizer();
        // the default parseUrl doesn't remove the fragment
        if (uri.getQuery() != null) {
            urlQuerySanitizer.setAllowUnregisteredParamaters(true);
            urlQuerySanitizer.setUnregisteredParameterValueSanitizer(v -> v);
            urlQuerySanitizer.parseQuery(uri.getQuery()
                    // this will fix issues with the parser decoding twice
                    .replace(""%"",""%25""));
        }

        // domain elements
        if (uri.getAuthority() != null || uri.getScheme() != null) {
            var domain = addGroup(""Domain"", -1, null);
            addPart(""scheme"", uri.getScheme(), domain, null);
            addPart(""user info"", uri.getUserInfo(), domain, null);
            addPart(""host"", uri.getHost(), domain, null);
            addPart(""port"", uri.getPort() != -1 ? String.valueOf(uri.getPort()) : null, domain, null);
        }

        // paths
        var pathSegments = uri.getPathSegments();
        if (!pathSegments.isEmpty()) {
            var paths = addGroup(""Paths"", pathSegments.size(), uri.buildUpon().path(null));
            for (var i = 0; i < pathSegments.size(); i++) {
                var pathSegment = pathSegments.get(i);

                var builder = uri.buildUpon();
                builder.path(null);
                for (int newI = 0; newI < pathSegments.size(); newI++) {
                    if (newI != i) builder.appendPath(pathSegments.get(newI));
                }
                addPart(""/"", pathSegment, paths, builder);
            }
        }

        // query parameters
        var parameters = urlQuerySanitizer.getParameterList();
        if (!parameters.isEmpty()) {
            var queries = addGroup(""Parameters"", parameters.size(), uri.buildUpon().query(null));
            for (var i = 0; i < parameters.size(); i++) {
                // generate same url but without this parameter
                var builder = uri.buildUpon();
                builder.query(null);
                for (var j = 0; j < parameters.size(); j++) {
                    if (i != j) builder.appendQueryParameter(parameters.get(j).mParameter, parameters.get(j).mValue);
                }
                // append the parameter
                addPart(parameters.get(i).mParameter, parameters.get(i).mValue, queries, builder);
            }
        }

        // fragment
        if (uri.getFragment() != null) {
            var fragment = addGroup(""Fragment"", -1, uri.buildUpon().fragment(null));
            addPart(""#"", uri.getFragment(), fragment, null);
        }

        setVisibility(box.getChildCount() > 0);
    }","    public void onDisplayUrl(UrlData urlData) {
        // clear
        box.removeAllViews();

        // parse
        var uri = Uri.parse(urlData.url);
        var urlQuerySanitizer = new UrlQuerySanitizer();
        // the default parseUrl doesn't remove the fragment
        if (uri.getQuery() != null) {
            urlQuerySanitizer.setAllowUnregisteredParamaters(true);
            urlQuerySanitizer.setUnregisteredParameterValueSanitizer(v -> v);
-           urlQuerySanitizer.parseQuery(uri.getQuery());
+          urlQuerySanitizer.parseQuery(uri.getQuery()
+                   // this will fix issues with the parser decoding twice
+                  .replace(""%"",""%25""));
        }

        // domain elements
        if (uri.getAuthority() != null || uri.getScheme() != null) {
            var domain = addGroup(""Domain"", -1, null);
            addPart(""scheme"", uri.getScheme(), domain, null);
            addPart(""user info"", uri.getUserInfo(), domain, null);
            addPart(""host"", uri.getHost(), domain, null);
            addPart(""port"", uri.getPort() != -1 ? String.valueOf(uri.getPort()) : null, domain, null);
        }

        // paths
        var pathSegments = uri.getPathSegments();
-       if (pathSegments.size() > 0) {
+      if (!pathSegments.isEmpty()) {
            var paths = addGroup(""Paths"", pathSegments.size(), uri.buildUpon().path(null));
            for (var i = 0; i < pathSegments.size(); i++) {
                var pathSegment = pathSegments.get(i);

                var builder = uri.buildUpon();
                builder.path(null);
                for (int newI = 0; newI < pathSegments.size(); newI++) {
                    if (newI != i) builder.appendPath(pathSegments.get(newI));
                }
                addPart(""/"", pathSegment, paths, builder);
            }
        }

        // query parameters
        var parameters = urlQuerySanitizer.getParameterList();
-       if (parameters.size() > 0) {
+      if (!parameters.isEmpty()) {
            var queries = addGroup(""Parameters"", parameters.size(), uri.buildUpon().query(null));
            for (var i = 0; i < parameters.size(); i++) {
                // generate same url but without this parameter
                var builder = uri.buildUpon();
                builder.query(null);
                for (var j = 0; j < parameters.size(); j++) {
                    if (i != j) builder.appendQueryParameter(parameters.get(j).mParameter, parameters.get(j).mValue);
                }
                // append the parameter
                addPart(parameters.get(i).mParameter, parameters.get(i).mValue, queries, builder);
            }
        }

        // fragment
        if (uri.getFragment() != null) {
            var fragment = addGroup(""Fragment"", -1, uri.buildUpon().fragment(null));
            addPart(""#"", uri.getFragment(), fragment, null);
        }

        setVisibility(box.getChildCount() > 0);
    }","    public void onDisplayUrl(UrlData urlData) {
        // clear
        box.removeAllViews();

        // parse
        var uri = Uri.parse(urlData.url);
        var urlQuerySanitizer = new UrlQuerySanitizer();
        // the default parseUrl doesn't remove the fragment
        if (uri.getQuery() != null) {
            urlQuerySanitizer.setAllowUnregisteredParamaters(true);
            urlQuerySanitizer.setUnregisteredParameterValueSanitizer(v -> v);
            <Chunk_For_Modification>
        }

        // domain elements
        if (uri.getAuthority() != null || uri.getScheme() != null) {
            var domain = addGroup(""Domain"", -1, null);
            addPart(""scheme"", uri.getScheme(), domain, null);
            addPart(""user info"", uri.getUserInfo(), domain, null);
            addPart(""host"", uri.getHost(), domain, null);
            addPart(""port"", uri.getPort() != -1 ? String.valueOf(uri.getPort()) : null, domain, null);
        }

        // paths
        var pathSegments = uri.getPathSegments();
        <Chunk_For_Modification>
            var paths = addGroup(""Paths"", pathSegments.size(), uri.buildUpon().path(null));
            for (var i = 0; i < pathSegments.size(); i++) {
                var pathSegment = pathSegments.get(i);

                var builder = uri.buildUpon();
                builder.path(null);
                for (int newI = 0; newI < pathSegments.size(); newI++) {
                    if (newI != i) builder.appendPath(pathSegments.get(newI));
                }
                addPart(""/"", pathSegment, paths, builder);
            }
        }

        // query parameters
        var parameters = urlQuerySanitizer.getParameterList();
        <Chunk_For_Modification>
            var queries = addGroup(""Parameters"", parameters.size(), uri.buildUpon().query(null));
            for (var i = 0; i < parameters.size(); i++) {
                // generate same url but without this parameter
                var builder = uri.buildUpon();
                builder.query(null);
                for (var j = 0; j < parameters.size(); j++) {
                    if (i != j) builder.appendQueryParameter(parameters.get(j).mParameter, parameters.get(j).mValue);
                }
                // append the parameter
                addPart(parameters.get(i).mParameter, parameters.get(i).mValue, queries, builder);
            }
        }

        // fragment
        if (uri.getFragment() != null) {
            var fragment = addGroup(""Fragment"", -1, uri.buildUpon().fragment(null));
            addPart(""#"", uri.getFragment(), fragment, null);
        }

        setVisibility(box.getChildCount() > 0);
    }","    public void onDisplayUrl(UrlData urlData) {
        // clear
        box.removeAllViews();

        // parse
        var uri = Uri.parse(urlData.url);
        var urlQuerySanitizer = new UrlQuerySanitizer();
        // the default parseUrl doesn't remove the fragment
        if (uri.getQuery() != null) {
            urlQuerySanitizer.setAllowUnregisteredParamaters(true);
            urlQuerySanitizer.setUnregisteredParameterValueSanitizer(v -> v);
            >>> [ INFILL ] <<<
        }

        // domain elements
        if (uri.getAuthority() != null || uri.getScheme() != null) {
            var domain = addGroup(""Domain"", -1, null);
            addPart(""scheme"", uri.getScheme(), domain, null);
            addPart(""user info"", uri.getUserInfo(), domain, null);
            addPart(""host"", uri.getHost(), domain, null);
            addPart(""port"", uri.getPort() != -1 ? String.valueOf(uri.getPort()) : null, domain, null);
        }

        // paths
        var pathSegments = uri.getPathSegments();
        >>> [ INFILL ] <<<
            var paths = addGroup(""Paths"", pathSegments.size(), uri.buildUpon().path(null));
            for (var i = 0; i < pathSegments.size(); i++) {
                var pathSegment = pathSegments.get(i);

                var builder = uri.buildUpon();
                builder.path(null);
                for (int newI = 0; newI < pathSegments.size(); newI++) {
                    if (newI != i) builder.appendPath(pathSegments.get(newI));
                }
                addPart(""/"", pathSegment, paths, builder);
            }
        }

        // query parameters
        var parameters = urlQuerySanitizer.getParameterList();
        >>> [ INFILL ] <<<
            var queries = addGroup(""Parameters"", parameters.size(), uri.buildUpon().query(null));
            for (var i = 0; i < parameters.size(); i++) {
                // generate same url but without this parameter
                var builder = uri.buildUpon();
                builder.query(null);
                for (var j = 0; j < parameters.size(); j++) {
                    if (i != j) builder.appendQueryParameter(parameters.get(j).mParameter, parameters.get(j).mValue);
                }
                // append the parameter
                addPart(parameters.get(i).mParameter, parameters.get(i).mValue, queries, builder);
            }
        }

        // fragment
        if (uri.getFragment() != null) {
            var fragment = addGroup(""Fragment"", -1, uri.buildUpon().fragment(null));
            addPart(""#"", uri.getFragment(), fragment, null);
        }

        setVisibility(box.getChildCount() > 0);
    }",,,,,,"[82,1], [96,1], [112,1]",71,133,,1,3,4
urlcheck-real-365-getQueryName,urlcheck-real-365-getQueryName/app/src/main/java/com/trianguloy/urlchecker/modules/list/RemoveQueriesModule.java,"Queries remover crashes on empty query

Steps to reproduce

1. Enable queries remover
2. Open an url with an empty query like https://example.com?=

Other details

Throws an IndexOutOfBounds on method getQueryName.
","        public String getQueryName(int index) {
            return queries.get(index).split(""="")[0];
        }","        public String getQueryName(int index) {
           return splitFix(queries.get(index),""="").get(0);
        }","        public String getQueryName(int index) {
-           return queries.get(index).split(""="")[0];
+          return splitFix(queries.get(index),""="").get(0);
        }","        public String getQueryName(int index) {
        <Chunk_For_Modification>
        }","        public String getQueryName(int index) {
        >>> [ INFILL ] <<<
        }","return queries.get(index).split(""="")[0];","return splitFix(queries.get(index),""="").get(0);",        public String getQueryName(int index) {,        },,"[191,1]",190,192,,1,1,1
urlcheck-real-365-getQueryValue,urlcheck-real-365-getQueryValue/app/src/main/java/com/trianguloy/urlchecker/modules/list/RemoveQueriesModule.java,"Queries remover crashes on empty query

Steps to reproduce

1. Enable queries remover
2. Open an url with an empty query like https://example.com?=

Other details

Throws an IndexOutOfBounds on method getQueryName.
","        public String getQueryValue(int index) {
            String[] split = queries.get(index).split(""="");
            if (split.length == 1) return """";
            try {
                return URLDecoder.decode(split[1]);
            } catch (Exception e) {
                // can't decode, return it directly
                return split[1];
            }
        }","        public String getQueryValue(int index) {
            var split = splitFix(queries.get(index),""="");
            if (split.size() <= 1) return """";
            return decode(split.get(1));
        }","        public String getQueryValue(int index) {
-           String[] split = queries.get(index).split(""="");
-           if (split.length == 1) return """";
-           try {
-               return URLDecoder.decode(split[1]);
-           } catch (Exception e) {
-               // can't decode, return it directly
-               return split[1];
-           }
+          var split = splitFix(queries.get(index),""="");
+          if (split.size() <= 1) return """";
+          return decode(split.get(1));
        }","        public String getQueryValue(int index) {
        <Chunk_For_Modification>
        }","        public String getQueryValue(int index) {
        >>> [ INFILL ] <<<
        }","            String[] split = queries.get(index).split(""="");
            if (split.length == 1) return """";
            try {
                return URLDecoder.decode(split[1]);
            } catch (Exception e) {
                // can't decode, return it directly
                return split[1];
            }","            var split = splitFix(queries.get(index),""="");
            if (split.size() <= 1) return """";
            return decode(split.get(1));",        public String getQueryValue(int index) {,        },,"[198,8]",197,206,,,7,3
urlcheck-real-382-onDisplayUrl,urlcheck-real-382-onDisplayUrl/app/src/main/java/com/trianguloy/urlchecker/modules/list/UriPartsModule.java,"Uri parts issues with %26 

Steps to reproduce

1. Open https://example.com/?q=a%26b%3Dc
2. Expand the uri parts parameters section

Expected behavior

q --> a&b=c

Actual behavior

q --> a
b --> c

URLCheck version

2.17

Android version

Android 12

Android Custom/Specific ROM or Device

Stock

Other details

Report sent by email. Recording as issue (but I already have a fix, I hope)

","   public void onDisplayUrl(UrlData urlData) {
        // clear
        box.removeAllViews();

        // parse
        var uri = Uri.parse(urlData.url);
        var urlQuerySanitizer = new UrlQuerySanitizer();
        // the default parseUrl doesn't remove the fragment
        if (uri.getQuery() != null) {
            urlQuerySanitizer.setAllowUnregisteredParamaters(true);
            urlQuerySanitizer.setUnregisteredParameterValueSanitizer(v -> v);
            urlQuerySanitizer.parseQuery(uri.getQuery()
                    // this will fix issues with the parser decoding twice
                    .replace(""%"", ""%25""));
        }

        // domain elements
        if (uri.getAuthority() != null || uri.getScheme() != null) {
            var domain = addGroup(""Domain"", -1, null);
            addPart(""scheme"", uri.getScheme(), domain, null);
            addPart(""user info"", uri.getUserInfo(), domain, null);
            addPart(""host"", uri.getHost(), domain, null);
            addPart(""port"", uri.getPort() != -1 ? String.valueOf(uri.getPort()) : null, domain, null);
        }

        // paths
        var pathSegments = uri.getPathSegments();
        if (!pathSegments.isEmpty()) {
            var paths = addGroup(""Paths"", pathSegments.size(), uri.buildUpon().path(null));
            for (var i = 0; i < pathSegments.size(); i++) {
                int removeI = i;
                // append the path
                addPart(""/"", pathSegments.get(i), paths, () -> {
                    // generate the same url without this path
                    var builder = uri.buildUpon();
                    builder.path(null);
                    for (int newI = 0; newI < pathSegments.size(); newI++) {
                        if (newI != removeI) builder.appendPath(pathSegments.get(newI));
                    }
                    return builder.build().toString();
                });
            }
        }

        // query parameters
        var parameters = urlQuerySanitizer.getParameterList();
        if (!parameters.isEmpty()) {
            var queries = addGroup(""Parameters"", parameters.size(), uri.buildUpon().query(null));
            for (var i = 0; i < parameters.size(); i++) {
                int removeI = i;
                // append the parameter
                addPart(parameters.get(i).mParameter, parameters.get(i).mValue, queries, () -> {
                    // generate same url but without this parameter
                    var builder = uri.buildUpon();
                    builder.query(null);
                    for (var newI = 0; newI < parameters.size(); newI++) {
                        if (newI != removeI) builder.appendQueryParameter(parameters.get(newI).mParameter, parameters.get(newI).mValue);
                    }
                    return builder.build().toString();
                });
            }
        }

        // fragment
        if (uri.getFragment() != null) {
            var fragment = addGroup(""Fragment"", -1, uri.buildUpon().fragment(null));
            addPart(""#"", uri.getFragment(), fragment, null);
        }

        setVisibility(box.getChildCount() > 0);
    }
","    public void onDisplayUrl(UrlData urlData) {
        // clear
        box.removeAllViews();

        // parse
        var uri = Uri.parse(urlData.url);
        var urlQuerySanitizer = new UrlQuerySanitizer();
        // the default parseUrl doesn't remove the fragment
        if (uri.getEncodedQuery() != null) {
            urlQuerySanitizer.setAllowUnregisteredParamaters(true);
            urlQuerySanitizer.setUnregisteredParameterValueSanitizer(v -> v);
            urlQuerySanitizer.parseQuery(uri.getEncodedQuery()
                    // this will fix issues with the parser decoding twice
                    .replace(""%"", ""%25""));
        }

        // domain elements
        if (uri.getAuthority() != null || uri.getScheme() != null) {
            var domain = addGroup(""Domain"", -1, null);
            addPart(""scheme"", uri.getScheme(), domain, null);
            addPart(""user info"", uri.getUserInfo(), domain, null);
            addPart(""host"", uri.getHost(), domain, null);
            addPart(""port"", uri.getPort() != -1 ? String.valueOf(uri.getPort()) : null, domain, null);
        }

        // paths
        var pathSegments = uri.getPathSegments();
        if (!pathSegments.isEmpty()) {
            var paths = addGroup(""Paths"", pathSegments.size(), uri.buildUpon().path(null));
            for (var i = 0; i < pathSegments.size(); i++) {
                int removeI = i;
                // append the path
                addPart(""/"", pathSegments.get(i), paths, () -> {
                    // generate the same url without this path
                    var builder = uri.buildUpon();
                    builder.path(null);
                    for (int newI = 0; newI < pathSegments.size(); newI++) {
                        if (newI != removeI) builder.appendPath(pathSegments.get(newI));
                    }
                    return builder.build().toString();
                });
            }
        }

        // query parameters
        var parameters = urlQuerySanitizer.getParameterList();
        if (!parameters.isEmpty()) {
            var queries = addGroup(""Parameters"", parameters.size(), uri.buildUpon().query(null));
            for (var i = 0; i < parameters.size(); i++) {
                int removeI = i;
                // append the parameter
                addPart(UrlUtils.decode(parameters.get(i).mParameter), UrlUtils.decode(parameters.get(i).mValue), queries, () -> {
                    // generate same url but without this parameter
                    var builder = uri.buildUpon();
                    builder.query(null);
                    for (var newI = 0; newI < parameters.size(); newI++) {
                        if (newI != removeI) builder.appendQueryParameter(UrlUtils.decode(parameters.get(newI).mParameter), UrlUtils.decode(parameters.get(newI).mValue));
                    }
                    return builder.build().toString();
                });
            }
        }

        // fragment
        if (uri.getFragment() != null) {
            var fragment = addGroup(""Fragment"", -1, uri.buildUpon().fragment(null));
            addPart(""#"", uri.getFragment(), fragment, null);
        }

      ","    public void onDisplayUrl(UrlData urlData) {
        // clear
        box.removeAllViews();

        // parse
        var uri = Uri.parse(urlData.url);
        var urlQuerySanitizer = new UrlQuerySanitizer();
        // the default parseUrl doesn't remove the fragment
-       if (uri.getQuery() != null) {
+      if (uri.getEncodedQuery() != null) {
            urlQuerySanitizer.setAllowUnregisteredParamaters(true);
            urlQuerySanitizer.setUnregisteredParameterValueSanitizer(v -> v);
-           urlQuerySanitizer.parseQuery(uri.getQuery()
-                    // this will fix issues with the parser decoding twice
-                    .replace(""%"", ""%25""));
+          urlQuerySanitizer.parseQuery(uri.getEncodedQuery()
+                    // this will fix issues with the parser decoding twice
+                   .replace(""%"", ""%25""));
        }

        // domain elements
        if (uri.getAuthority() != null || uri.getScheme() != null) {
            var domain = addGroup(""Domain"", -1, null);
            addPart(""scheme"", uri.getScheme(), domain, null);
            addPart(""user info"", uri.getUserInfo(), domain, null);
            addPart(""host"", uri.getHost(), domain, null);
            addPart(""port"", uri.getPort() != -1 ? String.valueOf(uri.getPort()) : null, domain, null);
        }

        // paths
        var pathSegments = uri.getPathSegments();
        if (!pathSegments.isEmpty()) {
            var paths = addGroup(""Paths"", pathSegments.size(), uri.buildUpon().path(null));
            for (var i = 0; i < pathSegments.size(); i++) {
                int removeI = i;
                // append the path
                addPart(""/"", pathSegments.get(i), paths, () -> {
                    // generate the same url without this path
                    var builder = uri.buildUpon();
                    builder.path(null);
                    for (int newI = 0; newI < pathSegments.size(); newI++) {
                        if (newI != removeI) builder.appendPath(pathSegments.get(newI));
                    }
                    return builder.build().toString();
                });
            }
        }

        // query parameters
        var parameters = urlQuerySanitizer.getParameterList();
        if (!parameters.isEmpty()) {
            var queries = addGroup(""Parameters"", parameters.size(), uri.buildUpon().query(null));
            for (var i = 0; i < parameters.size(); i++) {
                int removeI = i;
                // append the parameter
-               addPart(parameters.get(i).mParameter, parameters.get(i).mValue, queries, () -> {
+              addPart(UrlUtils.decode(parameters.get(i).mParameter), UrlUtils.decode(parameters.get(i).mValue), queries, () -> {
                    // generate same url but without this parameter
                    var builder = uri.buildUpon();
                    builder.query(null);
                    for (var newI = 0; newI < parameters.size(); newI++) {
-                       if (newI != removeI) builder.appendQueryParameter(parameters.get(newI).mParameter, parameters.get(newI).mValue);
+                      if (newI != removeI) builder.appendQueryParameter(UrlUtils.decode(parameters.get(newI).mParameter), UrlUtils.decode(parameters.get(newI).mValue));
                    }
                    return builder.build().toString();
                });
            }
        }

       // fragment
       if (uri.getFragment() != null) {
           var fragment = addGroup(""Fragment"", -1, uri.buildUpon().fragment(null));
           addPart(""#"", uri.getFragment(), fragment, null);
       }

-       setVisibility(box.getChildCount() > 0);
    }","    public void onDisplayUrl(UrlData urlData) {
        // clear
        box.removeAllViews();

        // parse
        var uri = Uri.parse(urlData.url);
        var urlQuerySanitizer = new UrlQuerySanitizer();
        // the default parseUrl doesn't remove the fragment
        <Chunk_For_Modification>
            urlQuerySanitizer.setAllowUnregisteredParamaters(true);
            urlQuerySanitizer.setUnregisteredParameterValueSanitizer(v -> v);
            <Chunk_For_Modification>
        }

        // domain elements
        if (uri.getAuthority() != null || uri.getScheme() != null) {
            var domain = addGroup(""Domain"", -1, null);
            addPart(""scheme"", uri.getScheme(), domain, null);
            addPart(""user info"", uri.getUserInfo(), domain, null);
            addPart(""host"", uri.getHost(), domain, null);
            addPart(""port"", uri.getPort() != -1 ? String.valueOf(uri.getPort()) : null, domain, null);
        }

        // paths
        var pathSegments = uri.getPathSegments();
        if (!pathSegments.isEmpty()) {
            var paths = addGroup(""Paths"", pathSegments.size(), uri.buildUpon().path(null));
            for (var i = 0; i < pathSegments.size(); i++) {
                int removeI = i;
                // append the path
                addPart(""/"", pathSegments.get(i), paths, () -> {
                    // generate the same url without this path
                    var builder = uri.buildUpon();
                    builder.path(null);
                    for (int newI = 0; newI < pathSegments.size(); newI++) {
                        if (newI != removeI) builder.appendPath(pathSegments.get(newI));
                    }
                    return builder.build().toString();
                });
            }
        }

        // query parameters
        var parameters = urlQuerySanitizer.getParameterList();
        if (!parameters.isEmpty()) {
            var queries = addGroup(""Parameters"", parameters.size(), uri.buildUpon().query(null));
            for (var i = 0; i < parameters.size(); i++) {
                int removeI = i;
                // append the parameter
                 <Chunk_For_Modification>
                    // generate same url but without this parameter
                    var builder = uri.buildUpon();
                    builder.query(null);
                    for (var newI = 0; newI < parameters.size(); newI++) {
                        <Chunk_For_Modification>
                    }
                    return builder.build().toString();
                });
            }
        }

       // fragment
       if (uri.getFragment() != null) {
           var fragment = addGroup(""Fragment"", -1, uri.buildUpon().fragment(null));
           addPart(""#"", uri.getFragment(), fragment, null);
       }
        <Chunk_For_Modification>
    }","    public void onDisplayUrl(UrlData urlData) {
        // clear
        box.removeAllViews();

        // parse
        var uri = Uri.parse(urlData.url);
        var urlQuerySanitizer = new UrlQuerySanitizer();
        // the default parseUrl doesn't remove the fragment
        >>> [ INFILL ] <<<
            urlQuerySanitizer.setAllowUnregisteredParamaters(true);
            urlQuerySanitizer.setUnregisteredParameterValueSanitizer(v -> v);
            >>> [ INFILL ] <<<
        }

        // domain elements
        if (uri.getAuthority() != null || uri.getScheme() != null) {
            var domain = addGroup(""Domain"", -1, null);
            addPart(""scheme"", uri.getScheme(), domain, null);
            addPart(""user info"", uri.getUserInfo(), domain, null);
            addPart(""host"", uri.getHost(), domain, null);
            addPart(""port"", uri.getPort() != -1 ? String.valueOf(uri.getPort()) : null, domain, null);
        }

        // paths
        var pathSegments = uri.getPathSegments();
        if (!pathSegments.isEmpty()) {
            var paths = addGroup(""Paths"", pathSegments.size(), uri.buildUpon().path(null));
            for (var i = 0; i < pathSegments.size(); i++) {
                int removeI = i;
                // append the path
                addPart(""/"", pathSegments.get(i), paths, () -> {
                    // generate the same url without this path
                    var builder = uri.buildUpon();
                    builder.path(null);
                    for (int newI = 0; newI < pathSegments.size(); newI++) {
                        if (newI != removeI) builder.appendPath(pathSegments.get(newI));
                    }
                    return builder.build().toString();
                });
            }
        }

        // query parameters
        var parameters = urlQuerySanitizer.getParameterList();
        if (!parameters.isEmpty()) {
            var queries = addGroup(""Parameters"", parameters.size(), uri.buildUpon().query(null));
            for (var i = 0; i < parameters.size(); i++) {
                int removeI = i;
                // append the parameter
                >>> [ INFILL ] <<<
                    // generate same url but without this parameter
                    var builder = uri.buildUpon();
                    builder.query(null);
                    for (var newI = 0; newI < parameters.size(); newI++) {
                        <Chunk_For_Modification>
                    }
                    return builder.build().toString();
                });
            }
        }

       // fragment
       if (uri.getFragment() != null) {
           var fragment = addGroup(""Fragment"", -1, uri.buildUpon().fragment(null));
           addPart(""#"", uri.getFragment(), fragment, null);
       }
        >>> [ INFILL ] <<<
    }",,,,,,"[78,1], [81,3], [121,1], [126,1], [139,1]",70,140,,1,6,5
urlcheck-real-447-buildBuiltIn,urlcheck-real-447-buildBuiltIn/app/src/main/java/com/trianguloy/urlchecker/modules/companions/PatternCatalog.java,"Default regex in JSON Editor needs double backslash for dots

Steps to reproduce

Expected behavior

(Not needed)

Actual behavior

(Not needed)

URLCheck version

3.2

Android version

Android 14

Android Custom/Specific ROM or Device

HyperOS 1

Other details

Default regex examples like in the Pattern Checker module or in Automation seem to not escape dots with double backslash. Just a dot would mean “any character” but “\\.” is right as it specifically means single dot.

","    public JSONObject buildBuiltIn(Context cntx) throws JSONException {
        return new JSONObject()

                // built from the translated strings
                .put(cntx.getString(R.string.mPttrn_ascii), new JSONObject()
                        .put(""regex"", ""[^\\p{ASCII}]"")
                )
                .put(cntx.getString(R.string.mPttrn_upperDomain), new JSONObject()
                        .put(""regex"", ""^.*?://[^/?#]*[A-Z]"")
                )
                .put(cntx.getString(R.string.mPttrn_http), new JSONObject()
                        .put(""regex"", ""^http://"")
                        .put(""replacement"", ""https://"")
                )
                .put(cntx.getString(R.string.mPttrn_noSchemeHttp), new JSONObject()
                        .put(""regex"", ""^(?!.*:)"")
                        .put(""replacement"", ""http://$0"")
                )
                .put(cntx.getString(R.string.mPttrn_noSchemeHttps), new JSONObject()
                        .put(""regex"", ""^(?!.*:)"")
                        .put(""replacement"", ""https://$0"")
                )
                .put(cntx.getString(R.string.mPttrn_wrongSchemaHttp), new JSONObject()
                        .put(""regex"", ""^(?!http:)[hH][tT]{2}[pP]:(.*)"")
                        .put(""replacement"", ""http:$1"")
                        .put(""automatic"", true)
                )
                .put(cntx.getString(R.string.mPttrn_wrongSchemaHttps), new JSONObject()
                        .put(""regex"", ""^(?!https:)[hH][tT]{2}[pP][sS]:(.*)"")
                        .put(""replacement"", ""https:$1"")
                        .put(""automatic"", true)
                )

                // privacy redirections samples (see https://github.com/TrianguloY/URLCheck/discussions/122)
                .put(""Reddit ➔ Teddit"", new JSONObject()
                        .put(""regex"", ""^https?://(?:[a-z0-9-]+\\.)*?reddit.com/(.*)"")
                        .put(""replacement"", ""https://teddit.net/$1"")
                        .put(""enabled"", false)
                )
                .put(""Twitter ➔ Nitter"", new JSONObject()
                        .put(""regex"", ""^https?://(?:[a-z0-9-]+\\.)*?twitter.com/(.*)"")
                        .put(""replacement"", ""https://nitter.net/$1"")
                        .put(""enabled"", false)
                )
                .put(""Youtube ➔ Invidious"", new JSONObject()
                        .put(""regex"", ""^https?://(?:[a-z0-9-]+\\.)*?youtube.com/(.*)"")
                        .put(""replacement"", new JSONArray()
                                .put(""https://yewtu.be/$1"")
                                .put(""https://farside.link/invidious/$1"")
                        )
                        .put(""enabled"", false)
                )

                // excludeRegex example. Consider replacing with another service that really allows all urls
                .put(""URL ➔ Songlink"", new JSONObject()
                        .put(""excludeRegex"", ""^https://song.link/"")
                        .put(""replacement"", ""https://song.link/$0"")
                        .put(""enabled"", false)
                )
                ;
    }","    public JSONObject buildBuiltIn(Context cntx) throws JSONException {
        return new JSONObject()

                // built from the translated strings
                .put(cntx.getString(R.string.mPttrn_ascii), new JSONObject()
                        .put(""regex"", ""[^\\p{ASCII}]"")
                )
                .put(cntx.getString(R.string.mPttrn_upperDomain), new JSONObject()
                        .put(""regex"", ""^.*?://[^/?#]*[A-Z]"")
                )
                .put(cntx.getString(R.string.mPttrn_http), new JSONObject()
                        .put(""regex"", ""^http://"")
                        .put(""replacement"", ""https://"")
                )
                .put(cntx.getString(R.string.mPttrn_noSchemeHttp), new JSONObject()
                        .put(""regex"", ""^(?!.*:)"")
                        .put(""replacement"", ""http://$0"")
                )
                .put(cntx.getString(R.string.mPttrn_noSchemeHttps), new JSONObject()
                        .put(""regex"", ""^(?!.*:)"")
                        .put(""replacement"", ""https://$0"")
                )
                .put(cntx.getString(R.string.mPttrn_wrongSchemaHttp), new JSONObject()
                        .put(""regex"", ""^(?!http:)[hH][tT]{2}[pP]:(.*)"")
                        .put(""replacement"", ""http:$1"")
                        .put(""automatic"", true)
                )
                .put(cntx.getString(R.string.mPttrn_wrongSchemaHttps), new JSONObject()
                        .put(""regex"", ""^(?!https:)[hH][tT]{2}[pP][sS]:(.*)"")
                        .put(""replacement"", ""https:$1"")
                        .put(""automatic"", true)
                )

                // privacy redirections samples (see https://github.com/TrianguloY/URLCheck/discussions/122)
                .put(""Reddit ➔ Teddit"", new JSONObject()
                        .put(""regex"", ""^https?://(?:[a-z0-9-]+\\.)*?reddit\\.com/(.*)"")
                        .put(""replacement"", ""https://teddit.net/$1"")
                        .put(""enabled"", false)
                )
                .put(""Twitter ➔ Nitter"", new JSONObject()
                        .put(""regex"", ""^https?://(?:[a-z0-9-]+\\.)*?twitter\\.com/(.*)"")
                        .put(""replacement"", ""https://nitter.net/$1"")
                        .put(""enabled"", false)
                )
                .put(""Youtube ➔ Invidious"", new JSONObject()
                        .put(""regex"", ""^https?://(?:[a-z0-9-]+\\.)*?youtube\\.com/(.*)"")
                        .put(""replacement"", new JSONArray()
                                .put(""https://yewtu.be/$1"")
                                .put(""https://farside.link/invidious/$1"")
                        )
                        .put(""enabled"", false)
                )

                // excludeRegex example. Consider replacing with another service that really allows all urls
                .put(""URL ➔ Songlink"", new JSONObject()
                        .put(""excludeRegex"", ""^https://song\\.link/"")
                        .put(""replacement"", ""https://song.link/$0"")
                        .put(""enabled"", false)
                )
                ;
    }","    public JSONObject buildBuiltIn(Context cntx) throws JSONException {
        return new JSONObject()

                // built from the translated strings
                .put(cntx.getString(R.string.mPttrn_ascii), new JSONObject()
                        .put(""regex"", ""[^\\p{ASCII}]"")
                )
                .put(cntx.getString(R.string.mPttrn_upperDomain), new JSONObject()
                        .put(""regex"", ""^.*?://[^/?#]*[A-Z]"")
                )
                .put(cntx.getString(R.string.mPttrn_http), new JSONObject()
                        .put(""regex"", ""^http://"")
                        .put(""replacement"", ""https://"")
                )
                .put(cntx.getString(R.string.mPttrn_noSchemeHttp), new JSONObject()
                        .put(""regex"", ""^(?!.*:)"")
                        .put(""replacement"", ""http://$0"")
                )
                .put(cntx.getString(R.string.mPttrn_noSchemeHttps), new JSONObject()
                        .put(""regex"", ""^(?!.*:)"")
                        .put(""replacement"", ""https://$0"")
                )
                .put(cntx.getString(R.string.mPttrn_wrongSchemaHttp), new JSONObject()
                        .put(""regex"", ""^(?!http:)[hH][tT]{2}[pP]:(.*)"")
                        .put(""replacement"", ""http:$1"")
                        .put(""automatic"", true)
                )
                .put(cntx.getString(R.string.mPttrn_wrongSchemaHttps), new JSONObject()
                        .put(""regex"", ""^(?!https:)[hH][tT]{2}[pP][sS]:(.*)"")
                        .put(""replacement"", ""https:$1"")
                        .put(""automatic"", true)
                )

                // privacy redirections samples (see https://github.com/TrianguloY/URLCheck/discussions/122)
                .put(""Reddit ➔ Teddit"", new JSONObject()
-                        .put(""regex"", ""^https?://(?:[a-z0-9-]+\\.)*?reddit.com/(.*)"")
+                        .put(""regex"", ""^https?://(?:[a-z0-9-]+\\.)*?reddit\\.com/(.*)"")
                        .put(""replacement"", ""https://teddit.net/$1"")
                        .put(""enabled"", false)
                )
                .put(""Twitter ➔ Nitter"", new JSONObject()
-                        .put(""regex"", ""^https?://(?:[a-z0-9-]+\\.)*?twitter.com/(.*)"")
+                       .put(""regex"", ""^https?://(?:[a-z0-9-]+\\.)*?twitter\\.com/(.*)"")
                        .put(""replacement"", ""https://nitter.net/$1"")
                        .put(""enabled"", false)
                )
                .put(""Youtube ➔ Invidious"", new JSONObject()
-                         .put(""regex"", ""^https?://(?:[a-z0-9-]+\\.)*?youtube.com/(.*)"")
+                        .put(""regex"", ""^https?://(?:[a-z0-9-]+\\.)*?youtube\\.com/(.*)"")
                        .put(""replacement"", new JSONArray()
                                .put(""https://yewtu.be/$1"")
                                .put(""https://farside.link/invidious/$1"")
                        )
                        .put(""enabled"", false)
                )

                // excludeRegex example. Consider replacing with another service that really allows all urls
                .put(""URL ➔ Songlink"", new JSONObject()
-                          .put(""excludeRegex"", ""^https://song.link/"")
+                        .put(""excludeRegex"", ""^https://song\\.link/"")
                        .put(""replacement"", ""https://song.link/$0"")
                        .put(""enabled"", false)
                )
                ;
    }","    public JSONObject buildBuiltIn(Context cntx) throws JSONException {
        return new JSONObject()

                // built from the translated strings
                .put(cntx.getString(R.string.mPttrn_ascii), new JSONObject()
                        .put(""regex"", ""[^\\p{ASCII}]"")
                )
                .put(cntx.getString(R.string.mPttrn_upperDomain), new JSONObject()
                        .put(""regex"", ""^.*?://[^/?#]*[A-Z]"")
                )
                .put(cntx.getString(R.string.mPttrn_http), new JSONObject()
                        .put(""regex"", ""^http://"")
                        .put(""replacement"", ""https://"")
                )
                .put(cntx.getString(R.string.mPttrn_noSchemeHttp), new JSONObject()
                        .put(""regex"", ""^(?!.*:)"")
                        .put(""replacement"", ""http://$0"")
                )
                .put(cntx.getString(R.string.mPttrn_noSchemeHttps), new JSONObject()
                        .put(""regex"", ""^(?!.*:)"")
                        .put(""replacement"", ""https://$0"")
                )
                .put(cntx.getString(R.string.mPttrn_wrongSchemaHttp), new JSONObject()
                        .put(""regex"", ""^(?!http:)[hH][tT]{2}[pP]:(.*)"")
                        .put(""replacement"", ""http:$1"")
                        .put(""automatic"", true)
                )
                .put(cntx.getString(R.string.mPttrn_wrongSchemaHttps), new JSONObject()
                        .put(""regex"", ""^(?!https:)[hH][tT]{2}[pP][sS]:(.*)"")
                        .put(""replacement"", ""https:$1"")
                        .put(""automatic"", true)
                )

                // privacy redirections samples (see https://github.com/TrianguloY/URLCheck/discussions/122)
                .put(""Reddit ➔ Teddit"", new JSONObject()
                         <Chunk_For_Modification>
                        .put(""replacement"", ""https://teddit.net/$1"")
                        .put(""enabled"", false)
                )
                .put(""Twitter ➔ Nitter"", new JSONObject()
                         <Chunk_For_Modification>
                        .put(""replacement"", ""https://nitter.net/$1"")
                        .put(""enabled"", false)
                )
                .put(""Youtube ➔ Invidious"", new JSONObject()
                        <Chunk_For_Modification>
                        .put(""replacement"", new JSONArray()
                                .put(""https://yewtu.be/$1"")
                                .put(""https://farside.link/invidious/$1"")
                        )
                        .put(""enabled"", false)
                )

                // excludeRegex example. Consider replacing with another service that really allows all urls
                .put(""URL ➔ Songlink"", new JSONObject()
                         <Chunk_For_Modification>
                        .put(""replacement"", ""https://song.link/$0"")
                        .put(""enabled"", false)
                )
                ;
    }","    public JSONObject buildBuiltIn(Context cntx) throws JSONException {
        return new JSONObject()

                // built from the translated strings
                .put(cntx.getString(R.string.mPttrn_ascii), new JSONObject()
                        .put(""regex"", ""[^\\p{ASCII}]"")
                )
                .put(cntx.getString(R.string.mPttrn_upperDomain), new JSONObject()
                        .put(""regex"", ""^.*?://[^/?#]*[A-Z]"")
                )
                .put(cntx.getString(R.string.mPttrn_http), new JSONObject()
                        .put(""regex"", ""^http://"")
                        .put(""replacement"", ""https://"")
                )
                .put(cntx.getString(R.string.mPttrn_noSchemeHttp), new JSONObject()
                        .put(""regex"", ""^(?!.*:)"")
                        .put(""replacement"", ""http://$0"")
                )
                .put(cntx.getString(R.string.mPttrn_noSchemeHttps), new JSONObject()
                        .put(""regex"", ""^(?!.*:)"")
                        .put(""replacement"", ""https://$0"")
                )
                .put(cntx.getString(R.string.mPttrn_wrongSchemaHttp), new JSONObject()
                        .put(""regex"", ""^(?!http:)[hH][tT]{2}[pP]:(.*)"")
                        .put(""replacement"", ""http:$1"")
                        .put(""automatic"", true)
                )
                .put(cntx.getString(R.string.mPttrn_wrongSchemaHttps), new JSONObject()
                        .put(""regex"", ""^(?!https:)[hH][tT]{2}[pP][sS]:(.*)"")
                        .put(""replacement"", ""https:$1"")
                        .put(""automatic"", true)
                )

                // privacy redirections samples (see https://github.com/TrianguloY/URLCheck/discussions/122)
                .put(""Reddit ➔ Teddit"", new JSONObject()
                         >>> [ INFILL ] <<<
                        .put(""replacement"", ""https://teddit.net/$1"")
                        .put(""enabled"", false)
                )
                .put(""Twitter ➔ Nitter"", new JSONObject()
                         >>> [ INFILL ] <<<
                        .put(""replacement"", ""https://nitter.net/$1"")
                        .put(""enabled"", false)
                )
                .put(""Youtube ➔ Invidious"", new JSONObject()
                        >>> [ INFILL ] <<<
                        .put(""replacement"", new JSONArray()
                                .put(""https://yewtu.be/$1"")
                                .put(""https://farside.link/invidious/$1"")
                        )
                        .put(""enabled"", false)
                )

                // excludeRegex example. Consider replacing with another service that really allows all urls
                .put(""URL ➔ Songlink"", new JSONObject()
                         >>> [ INFILL ] <<<
                        .put(""replacement"", ""https://song.link/$0"")
                        .put(""enabled"", false)
                )
                ;
    }",,,,,,"[58,1], [63,1], [68,1]",23,76,,1,4,4
skytube-real-1255-getChannelUrl,skytube-real-1255-getChannelUrl/app/src/main/java/free/rm/skytube/businessobjects/YouTube/POJOs/YouTubeChannel.java,"Describe the bug
The url of a video, which you receive to share is not valid. It just contains the channel.

Example invalid url:
https://www.youtube.com/https://www.youtube.com/channel/UCKvfzCyVQPe2IYg4PkugvWQ

To Reproduce
Steps to reproduce the behavior:

Go to any youtube video
Click on the three points
Click Copy Url
Paste the url somewhere
See invalid url
Expected behavior
That the url is like this:
https://youtu.be/7MoipvBda_8
Or this:
https://www.youtube.com/watch?v=7MripvBda_8

Setup:

Android version: 12
Is Your device rooted? Nope
Do You use Tor or any VPN service with your device? Nope
App source [e.g. FDroid, Downloaded from GitHub, self build] Github
App Version v 2.988 (29.04.2024)
App Flavour Extra","        public String getChannelUrl() {
                 try {
                         return YoutubeChannelLinkHandlerFactory.getInstance().getUrl(getId());
                 } catch (ParsingException p) {
                         Logger.e(this, ""getChannel URL for "" + getId() + "", error:"" + p.getMessage(), p);
                         return id;
                 }
        }","        public String getChannelUrl() {
            return getChannelId().toURL();
        }","        public String getChannelUrl() {
-                try {
-                        return YoutubeChannelLinkHandlerFactory.getInstance().getUrl(getId());
-                } catch (ParsingException p) {
-                        Logger.e(this, ""getChannel URL for "" + getId() + "", error:"" + p.getMessage(), p);
-                        return id;
-                }
+        return getChannelId().toURL();
        }","        public String getChannelUrl() {
            <Chunk_For_Modification>
        }","        public String getChannelUrl() {
            >>> [ INFILL ] <<<
        }","                 try {
                         return YoutubeChannelLinkHandlerFactory.getInstance().getUrl(getId());
                 } catch (ParsingException p) {
                         Logger.e(this, ""getChannel URL for "" + getId() + "", error:"" + p.getMessage(), p);
                         return id;
                 }", return getChannelId().toURL();,        public String getChannelUrl() {,        },,"[328,6]",327,334,,1,6,1
pslab-real-2587-doInBackground,pslab-real-2587-doInBackground/app/src/main/java/io/pslab/fragment/ESPFragment.java,"Actual Behaviour

The app crashes if the user enters an invalid host address.

Expected Behaviour

The app never crashes due to user input.

Steps to reproduce it

1. Start app
2. Choose ""Connect Device"" in the Navigation Drawer
3. Tap ""WIFI"" button
4. Enter "".lo""
5. Tap ""CONNECT"" button","        protected String doInBackground(Void... voids) {
            String result = """";
            try {
                OkHttpClient client = new OkHttpClient();
                Request request = new Request.Builder()
                        .url(""http://"" + espIPAddress)
                        .build();
                Response response = client.newCall(request).execute();
                if (response.code() == 200) {
                    ScienceLabCommon.setIsWifiConnected(true);
                    ScienceLabCommon.setEspBaseIP(espIPAddress);
                }
                result = response.body().string();
            } catch (IOException e) {
                e.printStackTrace();

            }
            return result;
        }","        protected String doInBackground(Void... voids) {
            String result = """";
            try {
                OkHttpClient client = new OkHttpClient();
                Request request = new Request.Builder()
                        .url(""http://"" + espIPAddress)
                        .build();
                try (Response response = client.newCall(request).execute()) {
                    if (response.code() == 200) {
                        ScienceLabCommon.setIsWifiConnected(true);
                        ScienceLabCommon.setEspBaseIP(espIPAddress);
                    }
                    result = response.body().string();
                }
             } catch (IllegalArgumentException | IOException e) {
                Log.e(TAG, ""Unable to get data from "" + espIPAddress, e);
            }
            return result;
        }","        protected String doInBackground(Void... voids) {
            String result = """";
            try {
                OkHttpClient client = new OkHttpClient();
                Request request = new Request.Builder()
                        .url(""http://"" + espIPAddress)
                        .build();
-               Response response = client.newCall(request).execute();
-               if (response.code() == 200) {
-                   ScienceLabCommon.setIsWifiConnected(true);
-                   ScienceLabCommon.setEspBaseIP(espIPAddress);
-               }
-           } catch (IOException e) {
-               e.printStackTrace();
-               result = response.body().string();
+              try (Response response = client.newCall(request).execute()) {
+                  if (response.code() == 200) {
+                      ScienceLabCommon.setIsWifiConnected(true);
+                      ScienceLabCommon.setEspBaseIP(espIPAddress);
+                  }
+                  result = response.body().string();
+                }
+           } catch (IllegalArgumentException | IOException e) {
+              Log.e(TAG, ""Unable to get data from "" + espIPAddress, e);
           }
            return result;
        }","        protected String doInBackground(Void... voids) {
            String result = """";
            try {
                OkHttpClient client = new OkHttpClient();
                Request request = new Request.Builder()
                        .url(""http://"" + espIPAddress)
                        .build();
                <Chunk_For_Modification>
            }
            return result;
        }","        protected String doInBackground(Void... voids) {
            String result = """";
            try {
                OkHttpClient client = new OkHttpClient();
                Request request = new Request.Builder()
                        .url(""http://"" + espIPAddress)
                        .build();
                >>> [ INFILL ] <<<
            }
            return result;
        }","                Response response = client.newCall(request).execute();
                if (response.code() == 200) {
                    ScienceLabCommon.setIsWifiConnected(true);
                    ScienceLabCommon.setEspBaseIP(espIPAddress);
                }
                result = response.body().string();
            } catch (IOException e) {
                e.printStackTrace();",,,,,"[103,8]",96,113,,1,8,9
pslab-real-2677-onProgressChanged1,pslab-real-2677-onProgressChanged1/app/src/main/java/io/pslab/activity/RoboticArmActivity.java,"Robotic Arm: rounding error when entering values with keyboard

Actual Behaviour
When a value is set for a servo and a different value is set via keyboard, it can happen that the displayed value is not equal to the entered value.

Expected Behaviour
The displayed value is always the same value as the one entered by the user.

Steps to reproduce it
0. Open app
1. Tap on ""Robotic Arm""
2. Change the value of Servo 1 by dragging the blue dot along the circle to 100
3. Tap in the middle of the circle (keyboard should open)
4. Tap a second time if no cursor is visible
5. Enter 38 as the new value
6. Tap green Enter key
--> Value is magically changed to 36.","        seekArc1.setOnSeekArcChangeListener(new SeekArc.OnSeekArcChangeListener() {
            @Override
            public void onProgressChanged(SeekArc seekArc, int i, boolean b) {
                if (editEnter) {
                    degreeText1.setText(String.valueOf(degree));
                    editEnter = false;
                } else {
                    degreeText1.setText(String.valueOf((int) (i * 3.6)));
                }
                degreeText1.setCursorVisible(false);
            }

            @Override
            public void onStartTrackingTouch(SeekArc seekArc) {

            }

            @Override
            public void onStopTrackingTouch(SeekArc seekArc) {

            }
        });","        seekArc1.setOnSeekArcChangeListener(new SeekArc.OnSeekArcChangeListener() {
            @Override
            public void onProgressChanged(SeekArc seekArc, float progress, boolean b) {
                if (editEnter) {
                    degreeText1.setText(String.valueOf(degree));
                    editEnter = false;
                } else {
                    degreeText1.setText(String.valueOf(Math.round(progress * 3.6f)));
                }
                degreeText1.setCursorVisible(false);
            }

            @Override
            public void onStartTrackingTouch(SeekArc seekArc) {
                // TODO: Implement this method if needed
            }

            @Override
            public void onStopTrackingTouch(SeekArc seekArc) {
                // TODO: Implement this method if needed
            }
        });","        seekArc1.setOnSeekArcChangeListener(new SeekArc.OnSeekArcChangeListener() {
            @Override
-            public void onProgressChanged(SeekArc seekArc, int i, boolean b) {
+           public void onProgressChanged(SeekArc seekArc, float progress, boolean b) {
                if (editEnter) {
                    degreeText1.setText(String.valueOf(degree));
                    editEnter = false;
                } else {
-                    degreeText1.setText(String.valueOf((int) (i * 3.6)));
+                   degreeText1.setText(String.valueOf(Math.round(progress * 3.6f)));
                }
                degreeText1.setCursorVisible(false);
            }

            @Override
            public void onStartTrackingTouch(SeekArc seekArc) {

            }

            @Override
            public void onStopTrackingTouch(SeekArc seekArc) {

            }
        });","        seekArc1.setOnSeekArcChangeListener(new SeekArc.OnSeekArcChangeListener() {
            @Override
            <Chunk_For_Modification>
                if (editEnter) {
                    degreeText1.setText(String.valueOf(degree));
                    editEnter = false;
                } else {
                    <Chunk_For_Modification>
                }
                degreeText1.setCursorVisible(false);
            }

            @Override
            public void onStartTrackingTouch(SeekArc seekArc) {

            }

            @Override
            public void onStopTrackingTouch(SeekArc seekArc) {

            }
        });","        seekArc1.setOnSeekArcChangeListener(new SeekArc.OnSeekArcChangeListener() {
            @Override
            >>> [ INFILL ] <<<
                if (editEnter) {
                    degreeText1.setText(String.valueOf(degree));
                    editEnter = false;
                } else {
                    >>> [ INFILL ] <<<
                }
                degreeText1.setCursorVisible(false);
            }

            @Override
            public void onStartTrackingTouch(SeekArc seekArc) {

            }

            @Override
            public void onStopTrackingTouch(SeekArc seekArc) {

            }
        });",,,,,added listener,"[227,1], [232,1]",225,246,,1,2,2
pslab-real-2677-onProgressChanged2,pslab-real-2677-onProgressChanged2/app/src/main/java/io/pslab/activity/RoboticArmActivity.java,"Robotic Arm: rounding error when entering values with keyboard

Actual Behaviour
When a value is set for a servo and a different value is set via keyboard, it can happen that the displayed value is not equal to the entered value.

Expected Behaviour
The displayed value is always the same value as the one entered by the user.

Steps to reproduce it
0. Open app
1. Tap on ""Robotic Arm""
2. Change the value of Servo 1 by dragging the blue dot along the circle to 100
3. Tap in the middle of the circle (keyboard should open)
4. Tap a second time if no cursor is visible
5. Enter 38 as the new value
6. Tap green Enter key
--> Value is magically changed to 36.","        seekArc2.setOnSeekArcChangeListener(new SeekArc.OnSeekArcChangeListener() {
            @Override
            public void onProgressChanged(SeekArc seekArc, int i, boolean b) {
                if (editEnter) {
                    degreeText2.setText(String.valueOf(degree));
                    editEnter = false;
                } else {
                    degreeText2.setText(String.valueOf((int) (i * 3.6)));
                }
                degreeText2.setCursorVisible(false);
            }

            @Override
            public void onStartTrackingTouch(SeekArc seekArc) {

            }

            @Override
            public void onStopTrackingTouch(SeekArc seekArc) {

            }
        });","        seekArc2.setOnSeekArcChangeListener(new SeekArc.OnSeekArcChangeListener() {
            @Override
            public void onProgressChanged(SeekArc seekArc, float progress, boolean b) {
                if (editEnter) {
                    degreeText2.setText(String.valueOf(degree));
                    editEnter = false;
                } else {
                    degreeText2.setText(String.valueOf(Math.round(progress * 3.6f)));
                }
                degreeText2.setCursorVisible(false);
            }

            @Override
            public void onStartTrackingTouch(SeekArc seekArc) {
                // TODO: Implement this method if needed
            }

            @Override
            public void onStopTrackingTouch(SeekArc seekArc) {
                // TODO: Implement this method if needed
            }
        });","        seekArc2.setOnSeekArcChangeListener(new SeekArc.OnSeekArcChangeListener() {
            @Override
-            public void onProgressChanged(SeekArc seekArc, int i, boolean b) {
+           public void onProgressChanged(SeekArc seekArc, float progress, boolean b) {
                if (editEnter) {
                    degreeText2.setText(String.valueOf(degree));
                    editEnter = false;
                } else {
-                    degreeText2.setText(String.valueOf((int) (i * 3.6)));
+                   degreeText2.setText(String.valueOf(Math.round(progress * 3.6f)));
                }
                degreeText2.setCursorVisible(false);
            }

            @Override
            public void onStartTrackingTouch(SeekArc seekArc) {

            }

            @Override
            public void onStopTrackingTouch(SeekArc seekArc) {

            }
        });","        seekArc2.setOnSeekArcChangeListener(new SeekArc.OnSeekArcChangeListener() {
            @Override
            <Chunk_For_Modification>
                if (editEnter) {
                    degreeText2.setText(String.valueOf(degree));
                    editEnter = false;
                } else {
                    <Chunk_For_Modification>
                }
                degreeText2.setCursorVisible(false);
            }

            @Override
            public void onStartTrackingTouch(SeekArc seekArc) {

            }

            @Override
            public void onStopTrackingTouch(SeekArc seekArc) {

            }
        });","        seekArc2.setOnSeekArcChangeListener(new SeekArc.OnSeekArcChangeListener() {
            @Override
             >>> [ INFILL ] <<<
                if (editEnter) {
                    degreeText2.setText(String.valueOf(degree));
                    editEnter = false;
                } else {
                     >>> [ INFILL ] <<<
                }
                degreeText2.setCursorVisible(false);
            }

            @Override
            public void onStartTrackingTouch(SeekArc seekArc) {

            }

            @Override
            public void onStopTrackingTouch(SeekArc seekArc) {

            }
        });",,,,,added listener,"[250,1], [255,1]",248,269,,,2,2
pslab-real-2677-onProgressChanged3,pslab-real-2677-onProgressChanged3/app/src/main/java/io/pslab/activity/RoboticArmActivity.java,"Robotic Arm: rounding error when entering values with keyboard

Actual Behaviour
When a value is set for a servo and a different value is set via keyboard, it can happen that the displayed value is not equal to the entered value.

Expected Behaviour
The displayed value is always the same value as the one entered by the user.

Steps to reproduce it
0. Open app
1. Tap on ""Robotic Arm""
2. Change the value of Servo 1 by dragging the blue dot along the circle to 100
3. Tap in the middle of the circle (keyboard should open)
4. Tap a second time if no cursor is visible
5. Enter 38 as the new value
6. Tap green Enter key
--> Value is magically changed to 36.","        seekArc3.setOnSeekArcChangeListener(new SeekArc.OnSeekArcChangeListener() {
            @Override
            public void onProgressChanged(SeekArc seekArc, int i, boolean b) {
                if (editEnter) {
                    degreeText3.setText(String.valueOf(degree));
                    editEnter = false;
                } else {
                    degreeText3.setText(String.valueOf((int) (i * 3.6)));
                }
                degreeText3.setCursorVisible(false);
            }

            @Override
            public void onStartTrackingTouch(SeekArc seekArc) {

            }

            @Override
            public void onStopTrackingTouch(SeekArc seekArc) {

            }
        });","
        seekArc3.setOnSeekArcChangeListener(new SeekArc.OnSeekArcChangeListener() {

            @Override
            public void onProgressChanged(SeekArc seekArc, float progress, boolean b) {
                if (editEnter) {
                    degreeText3.setText(String.valueOf(degree));
                    editEnter = false;
                } else {
                    degreeText3.setText(String.valueOf(Math.round(progress * 3.6f)));
                }
                degreeText3.setCursorVisible(false);
            }

            @Override
            public void onStartTrackingTouch(SeekArc seekArc) {
                // TODO: Implement this method if needed
            }

            @Override
            public void onStopTrackingTouch(SeekArc seekArc) {
                // TODO: Implement this method if needed
            }
        });","        seekArc3.setOnSeekArcChangeListener(new SeekArc.OnSeekArcChangeListener() {
            @Override
-            public void onProgressChanged(SeekArc seekArc, int i, boolean b) {
+           public void onProgressChanged(SeekArc seekArc, float progress, boolean b) {
                if (editEnter) {
                    degreeText3.setText(String.valueOf(degree));
                    editEnter = false;
                } else {
-                    degreeText3.setText(String.valueOf((int) (i * 3.6)));
+                   degreeText3.setText(String.valueOf(Math.round(progress * 3.6f)));
                }
                degreeText3.setCursorVisible(false);
            }

            @Override
            public void onStartTrackingTouch(SeekArc seekArc) {

            }

            @Override
            public void onStopTrackingTouch(SeekArc seekArc) {

            }
        });","        seekArc3.setOnSeekArcChangeListener(new SeekArc.OnSeekArcChangeListener() {
            @Override
            <Chunk_For_Modification>
                if (editEnter) {
                    degreeText3.setText(String.valueOf(degree));
                    editEnter = false;
                } else {
                    <Chunk_For_Modification>
                }
                degreeText3.setCursorVisible(false);
            }

            @Override
            public void onStartTrackingTouch(SeekArc seekArc) {

            }

            @Override
            public void onStopTrackingTouch(SeekArc seekArc) {

            }
        });","        seekArc3.setOnSeekArcChangeListener(new SeekArc.OnSeekArcChangeListener() {
            @Override
            >>> [ INFILL ] <<<
                if (editEnter) {
                    degreeText3.setText(String.valueOf(degree));
                    editEnter = false;
                } else {
                    >>> [ INFILL ] <<<
                }
                degreeText3.setCursorVisible(false);
            }

            @Override
            public void onStartTrackingTouch(SeekArc seekArc) {

            }

            @Override
            public void onStopTrackingTouch(SeekArc seekArc) {

            }
        });",,,,,added listener,"[273,1],[278,1]",271,292,,,2,2
pslab-real-2677-onProgressChanged4,pslab-real-2677-onProgressChanged4/app/src/main/java/io/pslab/activity/RoboticArmActivity.java,"Robotic Arm: rounding error when entering values with keyboard

Actual Behaviour
When a value is set for a servo and a different value is set via keyboard, it can happen that the displayed value is not equal to the entered value.

Expected Behaviour
The displayed value is always the same value as the one entered by the user.

Steps to reproduce it
0. Open app
1. Tap on ""Robotic Arm""
2. Change the value of Servo 1 by dragging the blue dot along the circle to 100
3. Tap in the middle of the circle (keyboard should open)
4. Tap a second time if no cursor is visible
5. Enter 38 as the new value
6. Tap green Enter key
--> Value is magically changed to 36.","        seekArc4.setOnSeekArcChangeListener(new SeekArc.OnSeekArcChangeListener() {
            @Override
            public void onProgressChanged(SeekArc seekArc, int i, boolean b) {
                if (editEnter) {
                    degreeText4.setText(String.valueOf(degree));
                    editEnter = false;
                } else {
                    degreeText4.setText(String.valueOf((int) (i * 3.6)));
                }
                degreeText4.setCursorVisible(false);
            }

            @Override
            public void onStartTrackingTouch(SeekArc seekArc) {

            }

            @Override
            public void onStopTrackingTouch(SeekArc seekArc) {

            }
        });","        seekArc4.setOnSeekArcChangeListener(new SeekArc.OnSeekArcChangeListener() {
            @Override
            public void onProgressChanged(SeekArc seekArc, float progress, boolean b) {
                if (editEnter) {
                    degreeText4.setText(String.valueOf(degree));
                    editEnter = false;
                } else {
                    degreeText4.setText(String.valueOf(Math.round(progress * 3.6f)));
                }
                degreeText4.setCursorVisible(false);
            }

            @Override
            public void onStartTrackingTouch(SeekArc seekArc) {
                // TODO: Implement this method if needed
            }

            @Override
            public void onStopTrackingTouch(SeekArc seekArc) {
                // TODO: Implement this method if needed
            }
        });","        seekArc4.setOnSeekArcChangeListener(new SeekArc.OnSeekArcChangeListener() {
            @Override
-            public void onProgressChanged(SeekArc seekArc, int i, boolean b) {
+           public void onProgressChanged(SeekArc seekArc, float progress, boolean b) {
                if (editEnter) {
                    degreeText4.setText(String.valueOf(degree));
                    editEnter = false;
                } else {
-                    degreeText4.setText(String.valueOf((int) (i * 3.6)));
+                    degreeText4.setText(String.valueOf(Math.round(progress * 3.6f)));   
                }
                degreeText4.setCursorVisible(false);
            }

            @Override
            public void onStartTrackingTouch(SeekArc seekArc) {

            }

            @Override
            public void onStopTrackingTouch(SeekArc seekArc) {

            }
        });","        seekArc4.setOnSeekArcChangeListener(new SeekArc.OnSeekArcChangeListener() {
            @Override
            <Chunk_For_Modification>
                if (editEnter) {
                    degreeText4.setText(String.valueOf(degree));
                    editEnter = false;
                } else {
                    <Chunk_For_Modification>
                }
                degreeText4.setCursorVisible(false);
            }

            @Override
            public void onStartTrackingTouch(SeekArc seekArc) {

            }

            @Override
            public void onStopTrackingTouch(SeekArc seekArc) {

            }
        });","        seekArc4.setOnSeekArcChangeListener(new SeekArc.OnSeekArcChangeListener() {
            @Override
            >>> [ INFILL ] <<<
                if (editEnter) {
                    degreeText4.setText(String.valueOf(degree));
                    editEnter = false;
                } else {
                    >>> [ INFILL ] <<<
                }
                degreeText4.setCursorVisible(false);
            }

            @Override
            public void onStartTrackingTouch(SeekArc seekArc) {

            }

            @Override
            public void onStopTrackingTouch(SeekArc seekArc) {

            }
        });",,,,,added listener,"[296,1],[301,1]",294,315,,,2,2
pslab-real-2677-processDegreeInput,pslab-real-2677-processDegreeInput/app/src/main/java/io/pslab/activity/RoboticArmActivity.java,"Robotic Arm: rounding error when entering values with keyboard

Actual Behaviour
When a value is set for a servo and a different value is set via keyboard, it can happen that the displayed value is not equal to the entered value.

Expected Behaviour
The displayed value is always the same value as the one entered by the user.

Steps to reproduce it
0. Open app
1. Tap on ""Robotic Arm""
2. Change the value of Servo 1 by dragging the blue dot along the circle to 100
3. Tap in the middle of the circle (keyboard should open)
4. Tap a second time if no cursor is visible
5. Enter 38 as the new value
6. Tap green Enter key
--> Value is magically changed to 36.","    private void processDegreeInput(EditText degreeText, SeekArc seekArc) {
        int previousDegree = degree;
        String degreeStr = degreeText.getText().toString().trim();

        if (degreeStr.isEmpty()) {
            degree = (degree == 0) ? (int) (seekArc.getProgress() * 3.6) : previousDegree;
        } else {
            try {
                degree = Integer.parseInt(degreeStr);
            } catch (NumberFormatException e) {
                degreeText.setText(getResources().getString(R.string.zero));
                seekArc.setProgress(0);
                toastInvalidValueMessage();
                return;
            }
        }

        if (degree > 360 || degree < 0) {
            degreeText.setText(getResources().getString(R.string.zero));
            seekArc.setProgress(0);
            toastInvalidValueMessage();
        } else {
            seekArc.setProgress((int) (degree / 3.6));
            editEnter = true;
        }
    }
","    private void processDegreeInput(EditText degreeText, SeekArc seekArc) {
        String degreeStr = degreeText.getText().toString().trim();
        if (degreeStr.isEmpty()) {
            degree =  Math.round(seekArc.getProgress() * 3.6f);
        } else {
            try {
                degree = Integer.parseInt(degreeStr);
            } catch (NumberFormatException e) {
                degreeText.setText(getResources().getString(R.string.zero));
                seekArc.setProgress(0);
                toastInvalidValueMessage();
                return;
            }
        }

        if (degree > 360 || degree < 0) {
            degreeText.setText(getResources().getString(R.string.zero));
            seekArc.setProgress(0);
            toastInvalidValueMessage();
        } else {
            seekArc.setProgress((float) (degree/3.6));
            editEnter = true;
        }
    }
","    private void processDegreeInput(EditText degreeText, SeekArc seekArc) {
-        int previousDegree = degree;
        String degreeStr = degreeText.getText().toString().trim();

        if (degreeStr.isEmpty()) {
-            degree = (degree == 0) ? (int) (seekArc.getProgress() * 3.6) : previousDegree;
+           degree =  Math.round(seekArc.getProgress() * 3.6f);
        } else {
            try {
                degree = Integer.parseInt(degreeStr);
            } catch (NumberFormatException e) {
                degreeText.setText(getResources().getString(R.string.zero));
                seekArc.setProgress(0);
                toastInvalidValueMessage();
                return;
            }
        }

        if (degree > 360 || degree < 0) {
            degreeText.setText(getResources().getString(R.string.zero));
            seekArc.setProgress(0);
            toastInvalidValueMessage();
        } else {
-            seekArc.setProgress((int) (degree / 3.6));
+           seekArc.setProgress((float) (degree/3.6));
            editEnter = true;
        }
    }
","    private void processDegreeInput(EditText degreeText, SeekArc seekArc) {
        <Chunk_For_Modification>
        String degreeStr = degreeText.getText().toString().trim();

        if (degreeStr.isEmpty()) {
            <Chunk_For_Modification>
        } else {
            try {
                degree = Integer.parseInt(degreeStr);
            } catch (NumberFormatException e) {
                degreeText.setText(getResources().getString(R.string.zero));
                seekArc.setProgress(0);
                toastInvalidValueMessage();
                return;
            }
        }

        if (degree > 360 || degree < 0) {
            degreeText.setText(getResources().getString(R.string.zero));
            seekArc.setProgress(0);
            toastInvalidValueMessage();
        } else {
            <Chunk_For_Modification>
            editEnter = true;
        }
    }
","    private void processDegreeInput(EditText degreeText, SeekArc seekArc) {
       <Chunk_For_Modification>
        String degreeStr = degreeText.getText().toString().trim();

        if (degreeStr.isEmpty()) {
            >>> [ INFILL ] <<<
        } else {
            try {
                degree = Integer.parseInt(degreeStr);
            } catch (NumberFormatException e) {
                degreeText.setText(getResources().getString(R.string.zero));
                seekArc.setProgress(0);
                toastInvalidValueMessage();
                return;
            }
        }

        if (degree > 360 || degree < 0) {
            degreeText.setText(getResources().getString(R.string.zero));
            seekArc.setProgress(0);
            toastInvalidValueMessage();
        } else {
            >>> [ INFILL ] <<<
            editEnter = true;
        }
    }",,,,,,"[482,1],[486,1],[503,1]",481,506,,,3,2
pslab-real-2678-processDegreeInput,pslab-real-2678-processDegreeInput/app/src/main/java/io/pslab/activity/RoboticArmActivity.java,"Robotic Arm: wrong value may be used to set value if user enters blank value

Actual Behaviour
A cached value is use if the user enters a value for one servo and enters a blank value for another value.

Expected Behaviour
The value for a servo should always be the value of the same servo before the user enters a blank value, not a value which was entered previously.

Steps to reproduce it
0. Open app
1. Open screen ""Robotic Arm""
2. Tap text field of servo 1 and enter a value
3. Tap text field of servo 2 and remove the value
4. Tap enter (green button)
5. Value of servo 2 will be set to same value as servo 2.
","    private void processDegreeInput(EditText degreeText, SeekArc seekArc) {
        int previousDegree = degree;
        String degreeStr = degreeText.getText().toString().trim();

        if (degreeStr.isEmpty()) {
            degree = (degree == 0) ? (int) (seekArc.getProgress() * 3.6) : previousDegree;
        } else {
            try {
                degree = Integer.parseInt(degreeStr);
            } catch (NumberFormatException e) {
                degreeText.setText(getResources().getString(R.string.zero));
                seekArc.setProgress(0);
                toastInvalidValueMessage();
                return;
            }
        }

        if (degree > 360 || degree < 0) {
            degreeText.setText(getResources().getString(R.string.zero));
            seekArc.setProgress(0);
            toastInvalidValueMessage();
        } else {
            seekArc.setProgress((int) (degree / 3.6));
            editEnter = true;
        }
    }
","    private void processDegreeInput(EditText degreeText, SeekArc seekArc) {
        String degreeStr = degreeText.getText().toString().trim();
        if (degreeStr.isEmpty()) {
            degree =  Math.round(seekArc.getProgress() * 3.6f);
        } else {
            try {
                degree = Integer.parseInt(degreeStr);
            } catch (NumberFormatException e) {
                degreeText.setText(getResources().getString(R.string.zero));
                seekArc.setProgress(0);
                toastInvalidValueMessage();
                return;
            }
        }

        if (degree > 360 || degree < 0) {
            degreeText.setText(getResources().getString(R.string.zero));
            seekArc.setProgress(0);
            toastInvalidValueMessage();
        } else {
            seekArc.setProgress((float) (degree/3.6));
            editEnter = true;
        }
    }","    private void processDegreeInput(EditText degreeText, SeekArc seekArc) {
-        int previousDegree = degree;
        String degreeStr = degreeText.getText().toString().trim();

        if (degreeStr.isEmpty()) {
-            degree = (degree == 0) ? (int) (seekArc.getProgress() * 3.6) : previousDegree;
+           degree =  Math.round(seekArc.getProgress() * 3.6f);
        } else {
            try {
                degree = Integer.parseInt(degreeStr);
            } catch (NumberFormatException e) {
                degreeText.setText(getResources().getString(R.string.zero));
                seekArc.setProgress(0);
                toastInvalidValueMessage();
                return;
            }
        }

        if (degree > 360 || degree < 0) {
            degreeText.setText(getResources().getString(R.string.zero));
            seekArc.setProgress(0);
            toastInvalidValueMessage();
        } else {
-            seekArc.setProgress((int) (degree / 3.6));
+           seekArc.setProgress((float) (degree/3.6));
            editEnter = true;
        }
    }
","    private void processDegreeInput(EditText degreeText, SeekArc seekArc) {
        <Chunk_For_Modification>
        String degreeStr = degreeText.getText().toString().trim();

        if (degreeStr.isEmpty()) {
            <Chunk_For_Modification>
        } else {
            try {
                degree = Integer.parseInt(degreeStr);
            } catch (NumberFormatException e) {
                degreeText.setText(getResources().getString(R.string.zero));
                seekArc.setProgress(0);
                toastInvalidValueMessage();
                return;
            }
        }

        if (degree > 360 || degree < 0) {
            degreeText.setText(getResources().getString(R.string.zero));
            seekArc.setProgress(0);
            toastInvalidValueMessage();
        } else {
            <Chunk_For_Modification>
            editEnter = true;
        }
    }
","    private void processDegreeInput(EditText degreeText, SeekArc seekArc) {
       <Chunk_For_Modification>
        String degreeStr = degreeText.getText().toString().trim();

        if (degreeStr.isEmpty()) {
            >>> [ INFILL ] <<<
        } else {
            try {
                degree = Integer.parseInt(degreeStr);
            } catch (NumberFormatException e) {
                degreeText.setText(getResources().getString(R.string.zero));
                seekArc.setProgress(0);
                toastInvalidValueMessage();
                return;
            }
        }

        if (degree > 360 || degree < 0) {
            degreeText.setText(getResources().getString(R.string.zero));
            seekArc.setProgress(0);
            toastInvalidValueMessage();
        } else {
            >>> [ INFILL ] <<<
            editEnter = true;
        }
    }",,,"    private void processDegreeInput(EditText degreeText, SeekArc seekArc) {
        String degreeStr = degreeText.getText().toString().trim();

        if (degreeStr.isEmpty()) {","        } else {
            try {
                degree = Integer.parseInt(degreeStr);
            } catch (NumberFormatException e) {
                degreeText.setText(getResources().getString(R.string.zero));
                seekArc.setProgress(0);
                toastInvalidValueMessage();
                return;
            }
        }

        if (degree > 360 || degree < 0) {
            degreeText.setText(getResources().getString(R.string.zero));
            seekArc.setProgress(0);
            toastInvalidValueMessage();
        } else {
            seekArc.setProgress((float) (degree/3.6));
            editEnter = true;
        }
    }",,"[482,1],[486,1],[503,1]",481,506,,1,3,2
gpslogger-real-1138-handleIntent,gpslogger-real-1138-handleIntent/gpslogger/src/main/java/com/mendhak/gpslogger/GpsLoggingService.java,"GPSLogger doesn't notify the user when it can't write to files, leading to data loss

Sometimes the permission on my phone gets messed up (no idea why or how, just that it does) and I'll have to re-grant some permissions to apps. I often forget to re-grant the permissions for GPSLogger, since it doesn't tell me when it can't write to a file (when starting a new log), so all logs that are recorded while the permissions are broken just don't exist at all.

I've had this issue happen twice, and it took me at least a month to notice the issues in the first place.","    private void handleIntent(Intent intent) {

        if (intent != null) {
            Bundle bundle = intent.getExtras();

            if (bundle != null) {

                if(!Systems.locationPermissionsGranted(this)){
                    LOG.error(""User has not granted permission to access location services. Will not continue!"");
                    stopLogging();
                    stopSelf();
                    return;
                }

                boolean needToStartGpsManager = false;

                if (bundle.getBoolean(IntentConstants.IMMEDIATE_START)) {
                    LOG.info(""Intent received - Start Logging Now"");
                    EventBus.getDefault().post(new CommandEvents.RequestStartStop(true));
                }

                if (bundle.getBoolean(IntentConstants.IMMEDIATE_STOP)) {
                    LOG.info(""Intent received - Stop logging now"");
                    EventBus.getDefault().post(new CommandEvents.RequestStartStop(false));
                }

                if (bundle.getBoolean(IntentConstants.GET_STATUS)) {
                    LOG.info(""Intent received - Sending Status by broadcast"");
                    EventBus.getDefault().post(new CommandEvents.GetStatus());
                }


                if (bundle.getBoolean(IntentConstants.AUTOSEND_NOW)) {
                    LOG.info(""Intent received - Auto Send Now"");
                    EventBus.getDefault().post(new CommandEvents.AutoSend(null));
                }

                if (bundle.getBoolean(IntentConstants.GET_NEXT_POINT)) {
                    LOG.info(""Intent received - Get Next Point"");
                    needToStartGpsManager = true;
                }

                if (bundle.getString(IntentConstants.SET_DESCRIPTION) != null) {
                    LOG.info(""Intent received - Set Next Point Description: "" + bundle.getString(IntentConstants.SET_DESCRIPTION));
                    EventBus.getDefault().post(new CommandEvents.Annotate(bundle.getString(IntentConstants.SET_DESCRIPTION)));
                }

                if(bundle.getString(IntentConstants.SWITCH_PROFILE) != null){
                    LOG.info(""Intent received - switch profile: "" + bundle.getString(IntentConstants.SWITCH_PROFILE));
                    EventBus.getDefault().post(new ProfileEvents.SwitchToProfile(bundle.getString(IntentConstants.SWITCH_PROFILE)));
                    needToStartGpsManager = session.isStarted();
                }

                if (bundle.get(IntentConstants.PREFER_CELLTOWER) != null) {
                    boolean preferCellTower = bundle.getBoolean(IntentConstants.PREFER_CELLTOWER);
                    LOG.debug(""Intent received - Set Prefer Cell Tower: "" + String.valueOf(preferCellTower));

                    if(preferCellTower){
                        preferenceHelper.setShouldLogNetworkLocations(true);
                        preferenceHelper.setShouldLogSatelliteLocations(false);
                    } else {
                        preferenceHelper.setShouldLogSatelliteLocations(true);
                        preferenceHelper.setShouldLogNetworkLocations(false);
                    }

                    needToStartGpsManager = true;
                }

                if (bundle.get(IntentConstants.TIME_BEFORE_LOGGING) != null) {
                    int timeBeforeLogging = bundle.getInt(IntentConstants.TIME_BEFORE_LOGGING);
                    LOG.debug(""Intent received - logging interval: "" + String.valueOf(timeBeforeLogging));
                    preferenceHelper.setMinimumLoggingInterval(timeBeforeLogging);
                    needToStartGpsManager = true;
                }

                if (bundle.get(IntentConstants.DISTANCE_BEFORE_LOGGING) != null) {
                    int distanceBeforeLogging = bundle.getInt(IntentConstants.DISTANCE_BEFORE_LOGGING);
                    LOG.debug(""Intent received - Set Distance Before Logging: "" + String.valueOf(distanceBeforeLogging));
                    preferenceHelper.setMinimumDistanceInMeters(distanceBeforeLogging);
                    needToStartGpsManager = true;
                }

                if (bundle.get(IntentConstants.GPS_ON_BETWEEN_FIX) != null) {
                    boolean keepBetweenFix = bundle.getBoolean(IntentConstants.GPS_ON_BETWEEN_FIX);
                    LOG.debug(""Intent received - Set Keep Between Fix: "" + String.valueOf(keepBetweenFix));
                    preferenceHelper.setShouldKeepGPSOnBetweenFixes(keepBetweenFix);
                    needToStartGpsManager = true;
                }

                if (bundle.get(IntentConstants.RETRY_TIME) != null) {
                    int retryTime = bundle.getInt(IntentConstants.RETRY_TIME);
                    LOG.debug(""Intent received - Set duration to match accuracy: "" + String.valueOf(retryTime));
                    preferenceHelper.setLoggingRetryPeriod(retryTime);
                    needToStartGpsManager = true;
                }

                if (bundle.get(IntentConstants.ABSOLUTE_TIMEOUT) != null) {
                    int absoluteTimeout = bundle.getInt(IntentConstants.ABSOLUTE_TIMEOUT);
                    LOG.debug(""Intent received - Set absolute timeout: "" + String.valueOf(absoluteTimeout));
                    preferenceHelper.setAbsoluteTimeoutForAcquiringPosition(absoluteTimeout);
                    needToStartGpsManager = true;
                }

                if(bundle.get(IntentConstants.LOG_ONCE) != null){
                    boolean logOnceIntent = bundle.getBoolean(IntentConstants.LOG_ONCE);
                    LOG.debug(""Intent received - Log Once: "" + String.valueOf(logOnceIntent));
                    needToStartGpsManager = false;
                    logOnce();
                }

                try {
                    if(bundle.containsKey(Intent.EXTRA_ALARM_COUNT) && bundle.get(Intent.EXTRA_ALARM_COUNT) != ""0""){
                        needToStartGpsManager = true;
                    }
                }
                catch (Throwable t){
                    LOG.warn(SessionLogcatAppender.MARKER_INTERNAL, ""Received a weird EXTRA_ALARM_COUNT value. Cannot continue."");
                    needToStartGpsManager = false;
                }

                if (needToStartGpsManager && session.isStarted()) {
                    startGpsManager();
                }
            }

        } else {
            // A null intent is passed in if the service has been killed and restarted.
            LOG.debug(""Service restarted with null intent. Were we logging previously - "" + session.isStarted());
            if(session.isStarted()){
                startLogging();
            }

        }
    }","    private void handleIntent(Intent intent) {

        if (intent != null) {
            Bundle bundle = intent.getExtras();

            if (bundle != null) {

                if(!Systems.locationPermissionsGranted(this)){
                    LOG.error(""User has not granted permission to access location services. Will not continue!"");
                    Systems.showErrorNotification(this, getString(R.string.gpslogger_permissions_permanently_denied));
                    return;
                }

                boolean needToStartGpsManager = false;

                if (bundle.getBoolean(IntentConstants.IMMEDIATE_START)) {
                    LOG.info(""Intent received - Start Logging Now"");
                    EventBus.getDefault().post(new CommandEvents.RequestStartStop(true));
                }

                if (bundle.getBoolean(IntentConstants.IMMEDIATE_STOP)) {
                    LOG.info(""Intent received - Stop logging now"");
                    EventBus.getDefault().post(new CommandEvents.RequestStartStop(false));
                }

                if (bundle.getBoolean(IntentConstants.GET_STATUS)) {
                    LOG.info(""Intent received - Sending Status by broadcast"");
                    EventBus.getDefault().post(new CommandEvents.GetStatus());
                }


                if (bundle.getBoolean(IntentConstants.AUTOSEND_NOW)) {
                    LOG.info(""Intent received - Auto Send Now"");
                    EventBus.getDefault().post(new CommandEvents.AutoSend(null));
                }

                if (bundle.getBoolean(IntentConstants.GET_NEXT_POINT)) {
                    LOG.info(""Intent received - Get Next Point"");
                    needToStartGpsManager = true;
                }

                if (bundle.getString(IntentConstants.SET_DESCRIPTION) != null) {
                    LOG.info(""Intent received - Set Next Point Description: "" + bundle.getString(IntentConstants.SET_DESCRIPTION));
                    EventBus.getDefault().post(new CommandEvents.Annotate(bundle.getString(IntentConstants.SET_DESCRIPTION)));
                }

                if(bundle.getString(IntentConstants.SWITCH_PROFILE) != null){
                    LOG.info(""Intent received - switch profile: "" + bundle.getString(IntentConstants.SWITCH_PROFILE));
                    EventBus.getDefault().post(new ProfileEvents.SwitchToProfile(bundle.getString(IntentConstants.SWITCH_PROFILE)));
                    needToStartGpsManager = session.isStarted();
                }

                if (bundle.get(IntentConstants.PREFER_CELLTOWER) != null) {
                    boolean preferCellTower = bundle.getBoolean(IntentConstants.PREFER_CELLTOWER);
                    LOG.debug(""Intent received - Set Prefer Cell Tower: "" + String.valueOf(preferCellTower));

                    if(preferCellTower){
                        preferenceHelper.setShouldLogNetworkLocations(true);
                        preferenceHelper.setShouldLogSatelliteLocations(false);
                    } else {
                        preferenceHelper.setShouldLogSatelliteLocations(true);
                        preferenceHelper.setShouldLogNetworkLocations(false);
                    }

                    needToStartGpsManager = true;
                }

                if (bundle.get(IntentConstants.TIME_BEFORE_LOGGING) != null) {
                    int timeBeforeLogging = bundle.getInt(IntentConstants.TIME_BEFORE_LOGGING);
                    LOG.debug(""Intent received - logging interval: "" + String.valueOf(timeBeforeLogging));
                    preferenceHelper.setMinimumLoggingInterval(timeBeforeLogging);
                    needToStartGpsManager = true;
                }

                if (bundle.get(IntentConstants.DISTANCE_BEFORE_LOGGING) != null) {
                    int distanceBeforeLogging = bundle.getInt(IntentConstants.DISTANCE_BEFORE_LOGGING);
                    LOG.debug(""Intent received - Set Distance Before Logging: "" + String.valueOf(distanceBeforeLogging));
                    preferenceHelper.setMinimumDistanceInMeters(distanceBeforeLogging);
                    needToStartGpsManager = true;
                }

                if (bundle.get(IntentConstants.GPS_ON_BETWEEN_FIX) != null) {
                    boolean keepBetweenFix = bundle.getBoolean(IntentConstants.GPS_ON_BETWEEN_FIX);
                    LOG.debug(""Intent received - Set Keep Between Fix: "" + String.valueOf(keepBetweenFix));
                    preferenceHelper.setShouldKeepGPSOnBetweenFixes(keepBetweenFix);
                    needToStartGpsManager = true;
                }

                if (bundle.get(IntentConstants.RETRY_TIME) != null) {
                    int retryTime = bundle.getInt(IntentConstants.RETRY_TIME);
                    LOG.debug(""Intent received - Set duration to match accuracy: "" + String.valueOf(retryTime));
                    preferenceHelper.setLoggingRetryPeriod(retryTime);
                    needToStartGpsManager = true;
                }

                if (bundle.get(IntentConstants.ABSOLUTE_TIMEOUT) != null) {
                    int absoluteTimeout = bundle.getInt(IntentConstants.ABSOLUTE_TIMEOUT);
                    LOG.debug(""Intent received - Set absolute timeout: "" + String.valueOf(absoluteTimeout));
                    preferenceHelper.setAbsoluteTimeoutForAcquiringPosition(absoluteTimeout);
                    needToStartGpsManager = true;
                }

                if(bundle.get(IntentConstants.LOG_ONCE) != null){
                    boolean logOnceIntent = bundle.getBoolean(IntentConstants.LOG_ONCE);
                    LOG.debug(""Intent received - Log Once: "" + String.valueOf(logOnceIntent));
                    needToStartGpsManager = false;
                    logOnce();
                }

                try {
                    if(bundle.containsKey(Intent.EXTRA_ALARM_COUNT) && bundle.get(Intent.EXTRA_ALARM_COUNT) != ""0""){
                        needToStartGpsManager = true;
                    }
                }
                catch (Throwable t){
                    LOG.warn(SessionLogcatAppender.MARKER_INTERNAL, ""Received a weird EXTRA_ALARM_COUNT value. Cannot continue."");
                    needToStartGpsManager = false;
                }

                if (needToStartGpsManager && session.isStarted()) {
                    startGpsManager();
                }
            }

        } else {
            // A null intent is passed in if the service has been killed and restarted.
            LOG.debug(""Service restarted with null intent. Were we logging previously - "" + session.isStarted());
            if(session.isStarted()){
                startLogging();
            }

        }
    } ","    private void handleIntent(Intent intent) {

        if (intent != null) {
            Bundle bundle = intent.getExtras();

            if (bundle != null) {

                if(!Systems.locationPermissionsGranted(this)){
                    LOG.error(""User has not granted permission to access location services. Will not continue!"");
-                   stopLogging();
-                   stopSelf();
+                  Systems.showErrorNotification(this, getString(R.string.gpslogger_permissions_permanently_denied));
                    return;
                }

                boolean needToStartGpsManager = false;

                if (bundle.getBoolean(IntentConstants.IMMEDIATE_START)) {
                    LOG.info(""Intent received - Start Logging Now"");
                    EventBus.getDefault().post(new CommandEvents.RequestStartStop(true));
                }

                if (bundle.getBoolean(IntentConstants.IMMEDIATE_STOP)) {
                    LOG.info(""Intent received - Stop logging now"");
                    EventBus.getDefault().post(new CommandEvents.RequestStartStop(false));
                }

                if (bundle.getBoolean(IntentConstants.GET_STATUS)) {
                    LOG.info(""Intent received - Sending Status by broadcast"");
                    EventBus.getDefault().post(new CommandEvents.GetStatus());
                }


                if (bundle.getBoolean(IntentConstants.AUTOSEND_NOW)) {
                    LOG.info(""Intent received - Auto Send Now"");
                    EventBus.getDefault().post(new CommandEvents.AutoSend(null));
                }

                if (bundle.getBoolean(IntentConstants.GET_NEXT_POINT)) {
                    LOG.info(""Intent received - Get Next Point"");
                    needToStartGpsManager = true;
                }

                if (bundle.getString(IntentConstants.SET_DESCRIPTION) != null) {
                    LOG.info(""Intent received - Set Next Point Description: "" + bundle.getString(IntentConstants.SET_DESCRIPTION));
                    EventBus.getDefault().post(new CommandEvents.Annotate(bundle.getString(IntentConstants.SET_DESCRIPTION)));
                }

                if(bundle.getString(IntentConstants.SWITCH_PROFILE) != null){
                    LOG.info(""Intent received - switch profile: "" + bundle.getString(IntentConstants.SWITCH_PROFILE));
                    EventBus.getDefault().post(new ProfileEvents.SwitchToProfile(bundle.getString(IntentConstants.SWITCH_PROFILE)));
                    needToStartGpsManager = session.isStarted();
                }

                if (bundle.get(IntentConstants.PREFER_CELLTOWER) != null) {
                    boolean preferCellTower = bundle.getBoolean(IntentConstants.PREFER_CELLTOWER);
                    LOG.debug(""Intent received - Set Prefer Cell Tower: "" + String.valueOf(preferCellTower));

                    if(preferCellTower){
                        preferenceHelper.setShouldLogNetworkLocations(true);
                        preferenceHelper.setShouldLogSatelliteLocations(false);
                    } else {
                        preferenceHelper.setShouldLogSatelliteLocations(true);
                        preferenceHelper.setShouldLogNetworkLocations(false);
                    }

                    needToStartGpsManager = true;
                }

                if (bundle.get(IntentConstants.TIME_BEFORE_LOGGING) != null) {
                    int timeBeforeLogging = bundle.getInt(IntentConstants.TIME_BEFORE_LOGGING);
                    LOG.debug(""Intent received - logging interval: "" + String.valueOf(timeBeforeLogging));
                    preferenceHelper.setMinimumLoggingInterval(timeBeforeLogging);
                    needToStartGpsManager = true;
                }

                if (bundle.get(IntentConstants.DISTANCE_BEFORE_LOGGING) != null) {
                    int distanceBeforeLogging = bundle.getInt(IntentConstants.DISTANCE_BEFORE_LOGGING);
                    LOG.debug(""Intent received - Set Distance Before Logging: "" + String.valueOf(distanceBeforeLogging));
                    preferenceHelper.setMinimumDistanceInMeters(distanceBeforeLogging);
                    needToStartGpsManager = true;
                }

                if (bundle.get(IntentConstants.GPS_ON_BETWEEN_FIX) != null) {
                    boolean keepBetweenFix = bundle.getBoolean(IntentConstants.GPS_ON_BETWEEN_FIX);
                    LOG.debug(""Intent received - Set Keep Between Fix: "" + String.valueOf(keepBetweenFix));
                    preferenceHelper.setShouldKeepGPSOnBetweenFixes(keepBetweenFix);
                    needToStartGpsManager = true;
                }

                if (bundle.get(IntentConstants.RETRY_TIME) != null) {
                    int retryTime = bundle.getInt(IntentConstants.RETRY_TIME);
                    LOG.debug(""Intent received - Set duration to match accuracy: "" + String.valueOf(retryTime));
                    preferenceHelper.setLoggingRetryPeriod(retryTime);
                    needToStartGpsManager = true;
                }

                if (bundle.get(IntentConstants.ABSOLUTE_TIMEOUT) != null) {
                    int absoluteTimeout = bundle.getInt(IntentConstants.ABSOLUTE_TIMEOUT);
                    LOG.debug(""Intent received - Set absolute timeout: "" + String.valueOf(absoluteTimeout));
                    preferenceHelper.setAbsoluteTimeoutForAcquiringPosition(absoluteTimeout);
                    needToStartGpsManager = true;
                }

                if(bundle.get(IntentConstants.LOG_ONCE) != null){
                    boolean logOnceIntent = bundle.getBoolean(IntentConstants.LOG_ONCE);
                    LOG.debug(""Intent received - Log Once: "" + String.valueOf(logOnceIntent));
                    needToStartGpsManager = false;
                    logOnce();
                }

                try {
                    if(bundle.containsKey(Intent.EXTRA_ALARM_COUNT) && bundle.get(Intent.EXTRA_ALARM_COUNT) != ""0""){
                        needToStartGpsManager = true;
                    }
                }
                catch (Throwable t){
                    LOG.warn(SessionLogcatAppender.MARKER_INTERNAL, ""Received a weird EXTRA_ALARM_COUNT value. Cannot continue."");
                    needToStartGpsManager = false;
                }

                if (needToStartGpsManager && session.isStarted()) {
                    startGpsManager();
                }
            }

        } else {
            // A null intent is passed in if the service has been killed and restarted.
            LOG.debug(""Service restarted with null intent. Were we logging previously - "" + session.isStarted());
            if(session.isStarted()){
                startLogging();
            }

        }
    } ","    private void handleIntent(Intent intent) {

        if (intent != null) {
            Bundle bundle = intent.getExtras();

            if (bundle != null) {

                if(!Systems.locationPermissionsGranted(this)){
                    LOG.error(""User has not granted permission to access location services. Will not continue!"");
                    <Chunk_For_Modification>
                    return;
                }

                boolean needToStartGpsManager = false;

                if (bundle.getBoolean(IntentConstants.IMMEDIATE_START)) {
                    LOG.info(""Intent received - Start Logging Now"");
                    EventBus.getDefault().post(new CommandEvents.RequestStartStop(true));
                }

                if (bundle.getBoolean(IntentConstants.IMMEDIATE_STOP)) {
                    LOG.info(""Intent received - Stop logging now"");
                    EventBus.getDefault().post(new CommandEvents.RequestStartStop(false));
                }

                if (bundle.getBoolean(IntentConstants.GET_STATUS)) {
                    LOG.info(""Intent received - Sending Status by broadcast"");
                    EventBus.getDefault().post(new CommandEvents.GetStatus());
                }


                if (bundle.getBoolean(IntentConstants.AUTOSEND_NOW)) {
                    LOG.info(""Intent received - Auto Send Now"");
                    EventBus.getDefault().post(new CommandEvents.AutoSend(null));
                }

                if (bundle.getBoolean(IntentConstants.GET_NEXT_POINT)) {
                    LOG.info(""Intent received - Get Next Point"");
                    needToStartGpsManager = true;
                }

                if (bundle.getString(IntentConstants.SET_DESCRIPTION) != null) {
                    LOG.info(""Intent received - Set Next Point Description: "" + bundle.getString(IntentConstants.SET_DESCRIPTION));
                    EventBus.getDefault().post(new CommandEvents.Annotate(bundle.getString(IntentConstants.SET_DESCRIPTION)));
                }

                if(bundle.getString(IntentConstants.SWITCH_PROFILE) != null){
                    LOG.info(""Intent received - switch profile: "" + bundle.getString(IntentConstants.SWITCH_PROFILE));
                    EventBus.getDefault().post(new ProfileEvents.SwitchToProfile(bundle.getString(IntentConstants.SWITCH_PROFILE)));
                    needToStartGpsManager = session.isStarted();
                }

                if (bundle.get(IntentConstants.PREFER_CELLTOWER) != null) {
                    boolean preferCellTower = bundle.getBoolean(IntentConstants.PREFER_CELLTOWER);
                    LOG.debug(""Intent received - Set Prefer Cell Tower: "" + String.valueOf(preferCellTower));

                    if(preferCellTower){
                        preferenceHelper.setShouldLogNetworkLocations(true);
                        preferenceHelper.setShouldLogSatelliteLocations(false);
                    } else {
                        preferenceHelper.setShouldLogSatelliteLocations(true);
                        preferenceHelper.setShouldLogNetworkLocations(false);
                    }

                    needToStartGpsManager = true;
                }

                if (bundle.get(IntentConstants.TIME_BEFORE_LOGGING) != null) {
                    int timeBeforeLogging = bundle.getInt(IntentConstants.TIME_BEFORE_LOGGING);
                    LOG.debug(""Intent received - logging interval: "" + String.valueOf(timeBeforeLogging));
                    preferenceHelper.setMinimumLoggingInterval(timeBeforeLogging);
                    needToStartGpsManager = true;
                }

                if (bundle.get(IntentConstants.DISTANCE_BEFORE_LOGGING) != null) {
                    int distanceBeforeLogging = bundle.getInt(IntentConstants.DISTANCE_BEFORE_LOGGING);
                    LOG.debug(""Intent received - Set Distance Before Logging: "" + String.valueOf(distanceBeforeLogging));
                    preferenceHelper.setMinimumDistanceInMeters(distanceBeforeLogging);
                    needToStartGpsManager = true;
                }

                if (bundle.get(IntentConstants.GPS_ON_BETWEEN_FIX) != null) {
                    boolean keepBetweenFix = bundle.getBoolean(IntentConstants.GPS_ON_BETWEEN_FIX);
                    LOG.debug(""Intent received - Set Keep Between Fix: "" + String.valueOf(keepBetweenFix));
                    preferenceHelper.setShouldKeepGPSOnBetweenFixes(keepBetweenFix);
                    needToStartGpsManager = true;
                }

                if (bundle.get(IntentConstants.RETRY_TIME) != null) {
                    int retryTime = bundle.getInt(IntentConstants.RETRY_TIME);
                    LOG.debug(""Intent received - Set duration to match accuracy: "" + String.valueOf(retryTime));
                    preferenceHelper.setLoggingRetryPeriod(retryTime);
                    needToStartGpsManager = true;
                }

                if (bundle.get(IntentConstants.ABSOLUTE_TIMEOUT) != null) {
                    int absoluteTimeout = bundle.getInt(IntentConstants.ABSOLUTE_TIMEOUT);
                    LOG.debug(""Intent received - Set absolute timeout: "" + String.valueOf(absoluteTimeout));
                    preferenceHelper.setAbsoluteTimeoutForAcquiringPosition(absoluteTimeout);
                    needToStartGpsManager = true;
                }

                if(bundle.get(IntentConstants.LOG_ONCE) != null){
                    boolean logOnceIntent = bundle.getBoolean(IntentConstants.LOG_ONCE);
                    LOG.debug(""Intent received - Log Once: "" + String.valueOf(logOnceIntent));
                    needToStartGpsManager = false;
                    logOnce();
                }

                try {
                    if(bundle.containsKey(Intent.EXTRA_ALARM_COUNT) && bundle.get(Intent.EXTRA_ALARM_COUNT) != ""0""){
                        needToStartGpsManager = true;
                    }
                }
                catch (Throwable t){
                    LOG.warn(SessionLogcatAppender.MARKER_INTERNAL, ""Received a weird EXTRA_ALARM_COUNT value. Cannot continue."");
                    needToStartGpsManager = false;
                }

                if (needToStartGpsManager && session.isStarted()) {
                    startGpsManager();
                }
            }

        } else {
            // A null intent is passed in if the service has been killed and restarted.
            LOG.debug(""Service restarted with null intent. Were we logging previously - "" + session.isStarted());
            if(session.isStarted()){
                startLogging();
            }

        }
    } ","    private void handleIntent(Intent intent) {

        if (intent != null) {
            Bundle bundle = intent.getExtras();

            if (bundle != null) {

                if(!Systems.locationPermissionsGranted(this)){
                    LOG.error(""User has not granted permission to access location services. Will not continue!"");
                    >>> [ INFILL ] <<<
                    return;
                }

                boolean needToStartGpsManager = false;

                if (bundle.getBoolean(IntentConstants.IMMEDIATE_START)) {
                    LOG.info(""Intent received - Start Logging Now"");
                    EventBus.getDefault().post(new CommandEvents.RequestStartStop(true));
                }

                if (bundle.getBoolean(IntentConstants.IMMEDIATE_STOP)) {
                    LOG.info(""Intent received - Stop logging now"");
                    EventBus.getDefault().post(new CommandEvents.RequestStartStop(false));
                }

                if (bundle.getBoolean(IntentConstants.GET_STATUS)) {
                    LOG.info(""Intent received - Sending Status by broadcast"");
                    EventBus.getDefault().post(new CommandEvents.GetStatus());
                }


                if (bundle.getBoolean(IntentConstants.AUTOSEND_NOW)) {
                    LOG.info(""Intent received - Auto Send Now"");
                    EventBus.getDefault().post(new CommandEvents.AutoSend(null));
                }

                if (bundle.getBoolean(IntentConstants.GET_NEXT_POINT)) {
                    LOG.info(""Intent received - Get Next Point"");
                    needToStartGpsManager = true;
                }

                if (bundle.getString(IntentConstants.SET_DESCRIPTION) != null) {
                    LOG.info(""Intent received - Set Next Point Description: "" + bundle.getString(IntentConstants.SET_DESCRIPTION));
                    EventBus.getDefault().post(new CommandEvents.Annotate(bundle.getString(IntentConstants.SET_DESCRIPTION)));
                }

                if(bundle.getString(IntentConstants.SWITCH_PROFILE) != null){
                    LOG.info(""Intent received - switch profile: "" + bundle.getString(IntentConstants.SWITCH_PROFILE));
                    EventBus.getDefault().post(new ProfileEvents.SwitchToProfile(bundle.getString(IntentConstants.SWITCH_PROFILE)));
                    needToStartGpsManager = session.isStarted();
                }

                if (bundle.get(IntentConstants.PREFER_CELLTOWER) != null) {
                    boolean preferCellTower = bundle.getBoolean(IntentConstants.PREFER_CELLTOWER);
                    LOG.debug(""Intent received - Set Prefer Cell Tower: "" + String.valueOf(preferCellTower));

                    if(preferCellTower){
                        preferenceHelper.setShouldLogNetworkLocations(true);
                        preferenceHelper.setShouldLogSatelliteLocations(false);
                    } else {
                        preferenceHelper.setShouldLogSatelliteLocations(true);
                        preferenceHelper.setShouldLogNetworkLocations(false);
                    }

                    needToStartGpsManager = true;
                }

                if (bundle.get(IntentConstants.TIME_BEFORE_LOGGING) != null) {
                    int timeBeforeLogging = bundle.getInt(IntentConstants.TIME_BEFORE_LOGGING);
                    LOG.debug(""Intent received - logging interval: "" + String.valueOf(timeBeforeLogging));
                    preferenceHelper.setMinimumLoggingInterval(timeBeforeLogging);
                    needToStartGpsManager = true;
                }

                if (bundle.get(IntentConstants.DISTANCE_BEFORE_LOGGING) != null) {
                    int distanceBeforeLogging = bundle.getInt(IntentConstants.DISTANCE_BEFORE_LOGGING);
                    LOG.debug(""Intent received - Set Distance Before Logging: "" + String.valueOf(distanceBeforeLogging));
                    preferenceHelper.setMinimumDistanceInMeters(distanceBeforeLogging);
                    needToStartGpsManager = true;
                }

                if (bundle.get(IntentConstants.GPS_ON_BETWEEN_FIX) != null) {
                    boolean keepBetweenFix = bundle.getBoolean(IntentConstants.GPS_ON_BETWEEN_FIX);
                    LOG.debug(""Intent received - Set Keep Between Fix: "" + String.valueOf(keepBetweenFix));
                    preferenceHelper.setShouldKeepGPSOnBetweenFixes(keepBetweenFix);
                    needToStartGpsManager = true;
                }

                if (bundle.get(IntentConstants.RETRY_TIME) != null) {
                    int retryTime = bundle.getInt(IntentConstants.RETRY_TIME);
                    LOG.debug(""Intent received - Set duration to match accuracy: "" + String.valueOf(retryTime));
                    preferenceHelper.setLoggingRetryPeriod(retryTime);
                    needToStartGpsManager = true;
                }

                if (bundle.get(IntentConstants.ABSOLUTE_TIMEOUT) != null) {
                    int absoluteTimeout = bundle.getInt(IntentConstants.ABSOLUTE_TIMEOUT);
                    LOG.debug(""Intent received - Set absolute timeout: "" + String.valueOf(absoluteTimeout));
                    preferenceHelper.setAbsoluteTimeoutForAcquiringPosition(absoluteTimeout);
                    needToStartGpsManager = true;
                }

                if(bundle.get(IntentConstants.LOG_ONCE) != null){
                    boolean logOnceIntent = bundle.getBoolean(IntentConstants.LOG_ONCE);
                    LOG.debug(""Intent received - Log Once: "" + String.valueOf(logOnceIntent));
                    needToStartGpsManager = false;
                    logOnce();
                }

                try {
                    if(bundle.containsKey(Intent.EXTRA_ALARM_COUNT) && bundle.get(Intent.EXTRA_ALARM_COUNT) != ""0""){
                        needToStartGpsManager = true;
                    }
                }
                catch (Throwable t){
                    LOG.warn(SessionLogcatAppender.MARKER_INTERNAL, ""Received a weird EXTRA_ALARM_COUNT value. Cannot continue."");
                    needToStartGpsManager = false;
                }

                if (needToStartGpsManager && session.isStarted()) {
                    startGpsManager();
                }
            }

        } else {
            // A null intent is passed in if the service has been killed and restarted.
            LOG.debug(""Service restarted with null intent. Were we logging previously - "" + session.isStarted());
            if(session.isStarted()){
                startLogging();
            }

        }
    } ",,,"    private void handleIntent(Intent intent) {

        if (intent != null) {
            Bundle bundle = intent.getExtras();

            if (bundle != null) {

                if(!Systems.locationPermissionsGranted(this)){
                    LOG.error(""User has not granted permission to access location services. Will not continue!"");","                    return;
                }

                boolean needToStartGpsManager = false;

                if (bundle.getBoolean(IntentConstants.IMMEDIATE_START)) {
                    LOG.info(""Intent received - Start Logging Now"");
                    EventBus.getDefault().post(new CommandEvents.RequestStartStop(true));
                }

                if (bundle.getBoolean(IntentConstants.IMMEDIATE_STOP)) {
                    LOG.info(""Intent received - Stop logging now"");
                    EventBus.getDefault().post(new CommandEvents.RequestStartStop(false));
                }

                if (bundle.getBoolean(IntentConstants.GET_STATUS)) {
                    LOG.info(""Intent received - Sending Status by broadcast"");
                    EventBus.getDefault().post(new CommandEvents.GetStatus());
                }


                if (bundle.getBoolean(IntentConstants.AUTOSEND_NOW)) {
                    LOG.info(""Intent received - Auto Send Now"");
                    EventBus.getDefault().post(new CommandEvents.AutoSend(null));
                }

                if (bundle.getBoolean(IntentConstants.GET_NEXT_POINT)) {
                    LOG.info(""Intent received - Get Next Point"");
                    needToStartGpsManager = true;
                }

                if (bundle.getString(IntentConstants.SET_DESCRIPTION) != null) {
                    LOG.info(""Intent received - Set Next Point Description: "" + bundle.getString(IntentConstants.SET_DESCRIPTION));
                    EventBus.getDefault().post(new CommandEvents.Annotate(bundle.getString(IntentConstants.SET_DESCRIPTION)));
                }

                if(bundle.getString(IntentConstants.SWITCH_PROFILE) != null){
                    LOG.info(""Intent received - switch profile: "" + bundle.getString(IntentConstants.SWITCH_PROFILE));
                    EventBus.getDefault().post(new ProfileEvents.SwitchToProfile(bundle.getString(IntentConstants.SWITCH_PROFILE)));
                    needToStartGpsManager = session.isStarted();
                }

                if (bundle.get(IntentConstants.PREFER_CELLTOWER) != null) {
                    boolean preferCellTower = bundle.getBoolean(IntentConstants.PREFER_CELLTOWER);
                    LOG.debug(""Intent received - Set Prefer Cell Tower: "" + String.valueOf(preferCellTower));

                    if(preferCellTower){
                        preferenceHelper.setShouldLogNetworkLocations(true);
                        preferenceHelper.setShouldLogSatelliteLocations(false);
                    } else {
                        preferenceHelper.setShouldLogSatelliteLocations(true);
                        preferenceHelper.setShouldLogNetworkLocations(false);
                    }

                    needToStartGpsManager = true;
                }

                if (bundle.get(IntentConstants.TIME_BEFORE_LOGGING) != null) {
                    int timeBeforeLogging = bundle.getInt(IntentConstants.TIME_BEFORE_LOGGING);
                    LOG.debug(""Intent received - logging interval: "" + String.valueOf(timeBeforeLogging));
                    preferenceHelper.setMinimumLoggingInterval(timeBeforeLogging);
                    needToStartGpsManager = true;
                }

                if (bundle.get(IntentConstants.DISTANCE_BEFORE_LOGGING) != null) {
                    int distanceBeforeLogging = bundle.getInt(IntentConstants.DISTANCE_BEFORE_LOGGING);
                    LOG.debug(""Intent received - Set Distance Before Logging: "" + String.valueOf(distanceBeforeLogging));
                    preferenceHelper.setMinimumDistanceInMeters(distanceBeforeLogging);
                    needToStartGpsManager = true;
                }

                if (bundle.get(IntentConstants.GPS_ON_BETWEEN_FIX) != null) {
                    boolean keepBetweenFix = bundle.getBoolean(IntentConstants.GPS_ON_BETWEEN_FIX);
                    LOG.debug(""Intent received - Set Keep Between Fix: "" + String.valueOf(keepBetweenFix));
                    preferenceHelper.setShouldKeepGPSOnBetweenFixes(keepBetweenFix);
                    needToStartGpsManager = true;
                }

                if (bundle.get(IntentConstants.RETRY_TIME) != null) {
                    int retryTime = bundle.getInt(IntentConstants.RETRY_TIME);
                    LOG.debug(""Intent received - Set duration to match accuracy: "" + String.valueOf(retryTime));
                    preferenceHelper.setLoggingRetryPeriod(retryTime);
                    needToStartGpsManager = true;
                }

                if (bundle.get(IntentConstants.ABSOLUTE_TIMEOUT) != null) {
                    int absoluteTimeout = bundle.getInt(IntentConstants.ABSOLUTE_TIMEOUT);
                    LOG.debug(""Intent received - Set absolute timeout: "" + String.valueOf(absoluteTimeout));
                    preferenceHelper.setAbsoluteTimeoutForAcquiringPosition(absoluteTimeout);
                    needToStartGpsManager = true;
                }

                if(bundle.get(IntentConstants.LOG_ONCE) != null){
                    boolean logOnceIntent = bundle.getBoolean(IntentConstants.LOG_ONCE);
                    LOG.debug(""Intent received - Log Once: "" + String.valueOf(logOnceIntent));
                    needToStartGpsManager = false;
                    logOnce();
                }

                try {
                    if(bundle.containsKey(Intent.EXTRA_ALARM_COUNT) && bundle.get(Intent.EXTRA_ALARM_COUNT) != ""0""){
                        needToStartGpsManager = true;
                    }
                }
                catch (Throwable t){
                    LOG.warn(SessionLogcatAppender.MARKER_INTERNAL, ""Received a weird EXTRA_ALARM_COUNT value. Cannot continue."");
                    needToStartGpsManager = false;
                }

                if (needToStartGpsManager && session.isStarted()) {
                    startGpsManager();
                }
            }

        } else {
            // A null intent is passed in if the service has been killed and restarted.
            LOG.debug(""Service restarted with null intent. Were we logging previously - "" + session.isStarted());
            if(session.isStarted()){
                startLogging();
            }

        }
    } ",,"[182,2]",173,306,,1,2,1
gpslogger-real-1138-writeToFile,gpslogger-real-1138-writeToFile/gpslogger/src/main/java/com/mendhak/gpslogger/GpsLoggingService.java,"GPSLogger doesn't notify the user when it can't write to files, leading to data loss

Sometimes the permission on my phone gets messed up (no idea why or how, just that it does) and I'll have to re-grant some permissions to apps. I often forget to re-grant the permissions for GPSLogger, since it doesn't tell me when it can't write to a file (when starting a new log), so all logs that are recorded while the permissions are broken just don't exist at all.

I've had this issue happen twice, and it took me at least a month to notice the issues in the first place.","    private void writeToFile(Location loc) {
        session.setAddNewTrackSegment(false);

        try {
            LOG.debug(""Calling file writers"");
            FileLoggerFactory.write(getApplicationContext(), loc);

            if (session.hasDescription()) {
                LOG.info(""Writing annotation: "" + session.getDescription());
                FileLoggerFactory.annotate(getApplicationContext(), session.getDescription(), loc);
            }
        }
        catch(Exception e){
             LOG.error(getString(R.string.could_not_write_to_file), e);
        }

        session.clearDescription();
        EventBus.getDefault().post(new ServiceEvents.AnnotationStatus(true));
    }","    private void writeToFile(Location loc) {
        session.setAddNewTrackSegment(false);

        try {
            LOG.debug(""Calling file writers"");
            FileLoggerFactory.write(getApplicationContext(), loc);

            if (session.hasDescription()) {
                LOG.info(""Writing annotation: "" + session.getDescription());
                FileLoggerFactory.annotate(getApplicationContext(), session.getDescription(), loc);
            }
        }
        catch(Exception e){
             LOG.error(getString(R.string.could_not_write_to_file), e);
             Systems.showErrorNotification(this, getString(R.string.could_not_write_to_file));
        }

        session.clearDescription();
        EventBus.getDefault().post(new ServiceEvents.AnnotationStatus(true));
    }","    private void writeToFile(Location loc) {
        session.setAddNewTrackSegment(false);

        try {
            LOG.debug(""Calling file writers"");
            FileLoggerFactory.write(getApplicationContext(), loc);

            if (session.hasDescription()) {
                LOG.info(""Writing annotation: "" + session.getDescription());
                FileLoggerFactory.annotate(getApplicationContext(), session.getDescription(), loc);
            }
        }
        catch(Exception e){
             LOG.error(getString(R.string.could_not_write_to_file), e);
+             Systems.showErrorNotification(this, getString(R.string.could_not_write_to_file));
        }

        session.clearDescription();
        EventBus.getDefault().post(new ServiceEvents.AnnotationStatus(true));
    }","    private void writeToFile(Location loc) {
        session.setAddNewTrackSegment(false);

        try {
            LOG.debug(""Calling file writers"");
            FileLoggerFactory.write(getApplicationContext(), loc);

            if (session.hasDescription()) {
                LOG.info(""Writing annotation: "" + session.getDescription());
                FileLoggerFactory.annotate(getApplicationContext(), session.getDescription(), loc);
            }
        }
        catch(Exception e){
             LOG.error(getString(R.string.could_not_write_to_file), e);
             <Chunk_For_Modification>
        }

        session.clearDescription();
        EventBus.getDefault().post(new ServiceEvents.AnnotationStatus(true));
    }","    private void writeToFile(Location loc) {
        session.setAddNewTrackSegment(false);

        try {
            LOG.debug(""Calling file writers"");
            FileLoggerFactory.write(getApplicationContext(), loc);

            if (session.hasDescription()) {
                LOG.info(""Writing annotation: "" + session.getDescription());
                FileLoggerFactory.annotate(getApplicationContext(), session.getDescription(), loc);
            }
        }
        catch(Exception e){
             LOG.error(getString(R.string.could_not_write_to_file), e);
             >>> [ INFILL ] <<<
        }

        session.clearDescription();
        EventBus.getDefault().post(new ServiceEvents.AnnotationStatus(true));
    }",,"Systems.showErrorNotification(this, getString(R.string.could_not_write_to_file));","    private void writeToFile(Location loc) {
        session.setAddNewTrackSegment(false);

        try {
            LOG.debug(""Calling file writers"");
            FileLoggerFactory.write(getApplicationContext(), loc);

            if (session.hasDescription()) {
                LOG.info(""Writing annotation: "" + session.getDescription());
                FileLoggerFactory.annotate(getApplicationContext(), session.getDescription(), loc);
            }
        }
        catch(Exception e){
             LOG.error(getString(R.string.could_not_write_to_file), e);"," }

        session.clearDescription();
        EventBus.getDefault().post(new ServiceEvents.AnnotationStatus(true));
    }",,,1081,1099,,,0,1